Pixel Number,405 nm(ADC counts),450 nm(ADC counts),MercuryLamp(ADC counts)
0,184.04145,123.056,140.52038
1,188.35765,125.5131,141.82975
2,192.60582,127.93212,143.12514
3,196.78597,130.31306,144.40654
4,200.8981,132.6559,145.67397
5,204.94221,134.96067,146.92741
6,208.91829,137.22734,148.16688
7,212.82635,139.45593,149.39236
8,216.66639,141.64644,150.60386
9,220.43841,143.79885,151.80138
10,224.1424,145.91319,152.98491
11,227.77837,147.98943,154.15447
12,231.34632,150.02759,155.31004
13,234.84624,152.02766,156.45163
14,238.27814,153.98965,157.57925
15,241.64202,155.91355,158.69288
16,244.93788,157.79937,159.79252
17,248.16571,159.6471,160.87819
18,251.32552,161.45674,161.94988
19,254.41731,163.2283,163.00758
20,257.44108,164.96177,164.0513
21,260.39682,166.65715,165.08105
22,263.28454,168.31445,166.09681
23,266.10424,169.93366,167.09859
24,268.85591,171.51479,168.08638
25,271.53956,173.05783,169.0602
26,274.15519,174.56279,170.02003
27,276.7028,176.02966,170.96589
28,279.18238,177.45844,171.89776
29,281.59395,178.84913,172.81565
30,283.93748,180.20175,173.71956
31,286.213,181.51627,174.60949
32,288.42049,182.79271,175.48543
33,290.55997,184.03106,176.3474
34,292.63141,185.23133,177.19538
35,294.63484,186.39351,178.02938
36,296.57024,187.5176,178.8494
37,298.43762,188.60361,179.65544
38,300.23698,189.65153,180.4475
39,301.96831,190.66137,181.22558
40,303.63163,191.63312,181.98967
41,305.22692,192.56678,182.73978
42,306.75418,193.46236,183.47592
43,308.21343,194.31985,184.19807
44,309.60465,195.13926,184.90624
45,310.92785,195.92057,185.60042
46,312.18302,196.66381,186.28063
47,313.37018,197.36896,186.94686
48,314.48931,198.03602,187.5991
49,315.54041,198.66499,188.23736
50,316.5235,199.25588,188.86164
51,315.96846,200.0223,189.47194
52,314.83363,199.19065,190.06826
53,314.76447,198.41918,190.6506
54,315.60519,197.98856,191.21895
55,314.8659,198.41259,191.77333
56,313.98183,197.46306,192.31372
57,313.40563,196.73734,192.84013
58,313.65969,196.11044,193.35256
59,312.73281,196.61555,193.85101
60,311.50842,195.857,194.33548
61,311.06803,195.76298,194.80596
62,310.39688,195.16832,195.26247
63,309.07521,194.6667,195.70499
64,307.70016,193.8371,196.13353
65,307.71151,194.32893,196.54809
66,306.9841,193.9621,196.94867
67,306.7489,194.63467,197.33527
68,306.68779,194.55055,197.70788
69,306.8021,194.43501,198.06652
70,307.89443,194.69243,198.41117
71,307.74015,195.41088,198.74184
72,307.50543,194.97962,199.05853
73,308.3542,194.65053,199.36124
74,308.9108,194.96121,199.64997
75,308.24158,195.22113,199.92471
76,307.05691,195.43554,200.18242
77,307.37203,195.12506,199.1083
78,308.04217,194.71306,198.95375
79,307.72334,195.31978,198.75201
80,307.37637,195.53021,198.50069
81,307.36911,195.54534,197.68414
82,307.76182,195.30907,197.67163
83,307.62114,196.02359,197.15002
84,308.01656,195.60589,196.82406
85,308.08902,195.42647,196.26564
86,307.62647,195.37568,196.4448
87,307.66269,196.09243,195.93338
88,308.52889,196.374,195.83736
89,308.02841,195.74656,195.07514
90,308.79889,195.6388,195.17071
91,309.04868,196.04001,195.31847
92,308.33196,195.93757,195.46554
93,308.64947,195.51986,195.34303
94,308.95366,195.66975,195.55928
95,309.52434,196.12519,195.66162
96,309.4756,195.68859,195.63612
97,309.59977,195.0258,195.23708
98,310.14904,195.132,195.60561
99,310.4341,195.83932,195.72697
100,309.82663,195.08205,195.29543
101,309.33004,194.74332,194.89908
102,310.9438,194.38626,194.5105
103,310.69705,195.17424,194.52008
104,310.6403,194.51142,194.64817
105,310.60932,194.20808,194.15555
106,311.11847,193.94985,194.33721
107,311.14159,194.79076,194.51651
108,310.33573,194.28836,194.79633
109,310.41408,194.14243,194.29624
110,310.93523,193.91745,194.52395
111,311.10188,194.89632,194.6909
112,311.18345,193.91211,194.77759
113,310.8604,193.90652,194.44421
114,311.83066,193.9707,194.44965
115,311.01607,193.99197,194.20642
116,311.04382,193.88376,194.36294
117,310.67905,193.49045,193.92509
118,310.43759,193.5614,194.14954
119,310.07573,194.61995,194.13903
120,309.5341,194.00061,194.08599
121,309.29205,193.82855,193.0063
122,310.57049,193.31223,192.64469
123,310.0552,194.16191,192.75887
124,309.83289,193.42759,192.77516
125,309.48981,192.57623,192.11422
126,310.5006,192.31915,192.26394
127,309.82618,192.17681,191.98564
128,308.75351,191.71159,191.26659
129,308.86343,191.73751,190.68766
130,309.19297,191.39689,190.64692
131,309.09339,191.74737,190.68491
132,309.36989,191.25096,190.80468
133,309.6418,190.98066,190.46849
134,310.07448,191.04002,190.54677
135,310.10381,191.83469,190.24427
136,309.77782,191.59727,190.3431
137,310.41908,191.52273,189.77553
138,310.70322,190.83343,189.72766
139,310.33493,191.58091,189.66273
140,309.97433,191.15828,189.48324
141,310.45358,191.38255,189.14051
142,311.25358,191.77055,189.26916
143,310.95597,192.21741,189.24019
144,310.84496,191.69581,189.885
145,311.01996,190.99729,189.33887
146,311.18703,189.48357,189.83226
147,311.10556,189.63809,189.64734
148,310.59042,189.19361,189.7508
149,310.55107,188.83199,189.59758
150,309.84835,188.37298,189.61139
151,309.39616,189.30379,189.60696
152,308.83978,189.04839,189.81543
153,308.92464,187.57387,189.16381
154,309.59817,187.55994,189.64942
155,308.7559,188.30609,189.62926
156,309.12616,187.90482,189.7171
157,309.3505,188.17882,188.98342
158,310.36403,188.23999,189.12152
159,310.23329,188.63639,189.39542
160,309.58928,187.60906,189.5617
161,309.8786,187.32471,189.30182
162,309.97739,187.2532,189.72767
163,309.79576,187.87184,189.75996
164,310.18529,187.81847,189.90573
165,309.70862,187.45843,189.73108
166,309.79272,187.22148,189.96238
167,309.80525,187.93737,190.19986
168,310.14854,187.56314,190.13719
169,310.12757,187.97188,189.87399
170,311.16613,187.52127,189.88839
171,310.90412,188.30273,189.75934
172,311.07784,187.63761,190.1706
173,311.1472,187.69672,189.5992
174,311.77737,188.14148,190.00114
175,311.92812,188.88281,190.28611
176,312.63358,188.33579,190.54632
177,312.6952,188.42958,190.01359
178,313.15244,188.21912,189.97839
179,314.26957,189.10311,190.22868
180,314.41945,189.41668,190.82644
181,314.43376,188.71289,190.61308
182,314.86742,188.54748,191.09036
183,315.27168,189.67534,191.33061
184,314.75082,189.85033,191.73476
185,314.34815,189.70346,191.54133
186,315.03535,189.74355,191.76575
187,316.34405,190.53807,191.68443
188,315.72959,190.43223,191.94881
189,314.86985,190.24727,192.31764
190,316.27063,190.63964,192.03518
191,315.7639,191.25657,191.7507
192,315.05197,191.21519,192.55718
193,314.96567,190.8977,192.30729
194,315.49368,191.15204,192.64282
195,315.16512,192.04776,192.62982
196,314.8466,192.24612,193.04668
197,314.71888,192.76441,192.68298
198,315.50867,192.98324,192.72816
199,315.58594,193.81218,193.01084
200,315.53984,194.01951,193.53293
201,315.16328,194.84954,193.54096
202,316.01063,194.28074,193.22865
203,315.2865,194.92849,193.69018
204,315.61629,194.70074,194.21601
205,316.06613,195.3186,194.44312
206,316.49434,195.66797,194.25621
207,315.69128,196.58571,194.55349
208,315.674,196.11912,195.16078
209,316.0852,196.69058,195.33569
210,315.90931,197.27238,195.31531
211,314.98743,197.63319,195.05607
212,315.1589,197.06557,195.54659
213,315.30701,197.51671,194.95739
214,315.29326,197.56018,194.80711
215,314.59882,197.29071,194.90609
216,315.18781,197.10977,195.38433
217,315.54855,197.56824,195.21077
218,316.10683,197.43354,195.09092
219,316.03688,197.82938,195.30952
220,316.00267,197.10667,195.83558
221,315.89789,197.49972,195.89651
222,315.71291,197.39966,195.67416
223,314.87568,197.37009,195.65117
224,315.04132,196.56555,195.90285
225,315.34383,197.01104,195.65569
226,315.6278,197.48882,196.16196
227,314.92383,197.49774,195.90981
228,315.61643,198.188,196.28247
229,316.05811,198.22746,195.79234
230,316.55754,198.61212,195.73755
231,316.58275,198.98225,195.75097
232,316.63265,198.90188,196.21201
233,316.67897,198.93244,195.84721
234,316.58248,199.04401,195.87602
235,316.43743,198.91079,195.70239
236,316.59761,197.5413,195.95375
237,317.05511,197.40889,195.60922
238,316.69047,196.52668,195.48472
239,316.03349,196.57274,194.73044
240,316.54895,195.56135,194.65409
241,316.45958,195.94003,194.46697
242,316.22837,195.24089,194.21152
243,315.25658,195.03311,193.97176
244,315.49575,193.97936,193.88829
245,315.73493,194.20201,193.71793
246,315.12822,194.08925,193.53651
247,314.93258,194.30326,193.37628
248,314.53326,193.59634,193.59178
249,314.39436,193.31793,192.89354
250,314.23805,193.05059,192.97458
251,315.0016,193.50258,192.71722
252,315.19443,191.98678,193.27994
253,315.68689,191.96737,193.06476
254,315.71136,192.59327,192.83328
255,314.91578,192.37967,192.36711
256,315.84984,191.8309,192.4355
257,315.59592,191.82421,192.34223
258,315.56351,191.56887,192.11224
259,315.18408,191.29317,191.51317
260,314.73721,190.44059,191.27642
261,315.62577,190.71198,190.6352
262,315.27938,190.77299,190.27955
263,314.82581,190.27056,189.8292
264,315.61599,189.06861,190.12364
265,315.38803,189.02548,189.74761
266,316.17472,189.0023,189.27832
267,315.79384,189.08097,188.70052
268,316.29221,188.222,188.49802
269,316.67661,188.29515,187.68503
270,316.8024,188.24773,187.23417
271,316.00663,188.33887,187.07755
272,316.01407,187.3444,187.45397
273,316.2847,187.52167,187.42445
274,316.13276,187.33586,187.03136
275,315.16458,187.17255,187.18247
276,315.11058,186.08085,187.5583
277,314.63256,186.77924,186.724
278,314.81946,186.07152,186.21734
279,314.57224,186.34953,186.75526
280,313.51285,185.09911,186.91395
281,313.2259,184.99176,186.7747
282,313.40706,185.186,186.19861
283,312.69727,185.66018,185.76916
284,312.45449,184.57836,185.65202
285,313.08556,184.1521,185.5557
286,313.75617,184.0726,185.76609
287,313.14024,184.13417,186.15612
288,312.91532,183.20906,186.43238
289,313.46004,183.30446,185.67846
290,314.01591,183.68209,185.84885
291,313.0237,183.31155,186.14207
292,313.57527,182.86356,186.29275
293,313.73463,183.17399,186.06788
294,314.1873,183.182,186.24705
295,313.71086,183.17929,185.96745
296,314.57354,183.04265,186.59635
297,314.41062,183.01504,186.24776
298,314.66729,183.15117,186.36737
299,314.20115,183.66712,186.46986
300,314.24431,183.6413,186.5199
301,314.4209,183.91676,186.51073
302,314.60058,183.81994,186.69467
303,314.19429,184.36329,186.29791
304,314.71067,184.50389,186.59283
305,314.48463,185.00862,186.37392
306,313.79636,185.28646,186.37216
307,313.33494,185.00326,186.26737
308,313.90678,184.59909,187.02835
309,314.39486,184.78252,187.141
310,314.1648,185.07247,187.18917
311,314.0083,185.24681,187.29525
312,314.92414,185.7244,187.71334
313,314.9547,186.66211,187.47221
314,314.51005,186.27513,187.63728
315,314.31667,186.433,187.90445
316,314.45097,187.40752,188.41436
317,313.77946,188.32983,188.60335
318,313.3328,187.99656,188.83326
319,312.68582,188.72525,189.0276
320,313.22812,188.68104,189.40907
321,313.12907,189.61603,189.20576
322,313.2248,189.65079,189.47557
323,313.44099,190.11937,189.61446
324,313.58463,190.6752,190.03645
325,313.72102,191.17823,189.94346
326,312.70406,191.51386,190.12157
327,312.81396,191.56308,189.94428
328,313.26862,191.87603,190.85389
329,313.03433,191.73686,190.8877
330,312.63619,191.74263,190.89241
331,312.05556,191.93105,190.49681
332,312.4653,191.52626,190.99581
333,312.39704,192.12568,191.06643
334,312.47278,192.49189,191.38965
335,312.32598,192.41238,191.43493
336,312.87023,192.33659,191.76478
337,312.9166,193.25212,191.93319
338,312.26965,192.80269,192.24615
339,311.97434,193.70057,192.39244
340,312.57349,194.04541,192.53953
341,311.25069,194.92805,192.79108
342,311.02527,194.93348,193.0318
343,310.77913,195.27053,192.60313
344,311.05943,195.16167,193.0348
345,310.71016,195.3266,192.52784
346,310.98592,194.73287,192.82689
347,311.21523,194.79372,192.46628
348,311.37335,195.40917,193.2021
349,311.23697,195.86687,193.50075
350,311.28463,195.73886,193.83908
351,311.84718,196.15914,193.87456
352,311.95322,195.53366,194.27046
353,310.86828,196.18747,194.28417
354,310.93319,195.72689,194.09086
355,311.57349,195.62243,193.78789
356,312.1993,195.16186,193.845
357,311.65018,195.68319,193.75412
358,311.35007,195.42182,193.55256
359,311.16051,195.34268,193.11916
360,311.09838,195.28104,193.09868
361,311.12107,195.989,193.11453
362,310.61149,195.58706,193.25932
363,311.35835,195.29574,192.9555
364,311.48572,195.42802,193.59722
365,310.87501,196.17757,193.53788
366,311.47915,195.78754,193.57147
367,311.13127,195.57974,193.08795
368,311.70643,195.14392,193.21829
369,311.30226,195.41762,193.04701
370,311.01599,194.60326,192.94202
371,311.18769,193.98064,192.61644
372,312.03067,193.4864,192.60879
373,311.60412,194.11964,192.68312
374,311.25565,193.52615,192.73768
375,311.36039,193.52837,192.25618
376,312.66534,193.16139,192.40675
377,312.75524,193.90209,192.32238
378,313.01435,192.3185,192.64108
379,312.35233,192.23319,192.00622
380,312.29337,191.43016,192.12339
381,312.33129,191.94514,192.46283
382,312.51823,191.49378,192.0993
383,312.35287,190.66947,191.46618
384,313.61839,189.83906,191.2621
385,314.03299,190.35974,191.20808
386,313.81596,190.23486,191.32567
387,313.34378,189.66492,190.79951
388,314.12376,189.25174,190.85045
389,314.5494,189.66071,191.06852
390,314.36526,188.77731,191.40393
391,314.20084,187.91336,191.13396
392,315.37214,187.86822,191.18984
393,314.77834,187.93788,191.08658
394,314.73524,187.52537,190.77147
395,314.66245,187.33299,190.29234
396,315.20376,187.66926,189.78597
397,314.9191,187.8163,189.43294
398,314.98201,187.61755,189.11838
399,315.18967,187.01876,188.63157
400,315.48649,186.60868,188.54975
401,315.00458,186.36499,188.10315
402,314.61081,186.12028,188.08517
403,315.08568,186.32124,187.56524
404,315.60906,186.19884,187.73912
405,315.72181,186.36364,187.39129
406,315.21471,186.54983,187.51668
407,315.50436,185.77186,187.01411
408,316.02386,185.89366,186.88269
409,316.24204,186.35698,186.65879
410,315.79209,186.64474,186.7156
411,315.53439,186.58273,186.19597
412,315.80958,186.23216,186.10845
413,315.42885,186.276,185.66315
414,315.3243,186.1063,185.5766
415,315.26845,186.93047,185.05189
416,315.43723,186.65937,184.65962
417,315.35135,186.7012,184.57139
418,315.49568,186.81451,184.61825
419,315.78379,186.24666,184.17669
420,316.43447,185.77856,184.26513
421,316.49588,185.91986,184.74195
422,316.17376,185.10012,184.52605
423,316.45764,184.68342,184.54188
424,316.58058,184.52127,184.56534
425,316.34263,184.66137,184.6522
426,316.46335,184.37663,184.62239
427,317.16145,183.86377,184.43726
428,317.27845,184.11297,184.95075
429,316.9485,184.94424,185.2208
430,317.50857,184.9865,185.14624
431,317.63242,184.95951,185.08367
432,318.11567,184.80829,185.01733
433,317.64362,185.754,185.30751
434,317.61264,185.57272,185.69008
435,316.88686,185.13111,185.91312
436,317.52333,184.51492,185.76256
437,317.19698,184.80811,185.57687
438,316.56032,184.22681,186.01765
439,316.29712,184.15146,185.8342
440,316.5228,183.8377,186.22663
441,316.36812,183.88625,185.80585
442,317.3463,183.2267,185.59693
443,317.37513,183.05743,185.5044
444,317.65483,182.82324,185.54279
445,317.98103,183.12685,185.49548
446,318.06288,183.64999,185.92896
447,317.02553,183.85049,185.76411
448,317.689,183.79369,185.62816
449,317.66088,184.07047,185.64516
450,317.88186,184.37395,185.96559
451,317.612,184.72436,186.26887
452,317.44774,184.75204,186.20581
453,317.96718,185.99016,186.07774
454,318.219,185.79916,187.00991
455,318.44145,185.91821,187.48115
456,318.57628,186.49655,187.31159
457,318.64982,187.54091,187.24145
458,319.24563,187.20019,187.76036
459,320.07223,187.37885,187.51435
460,320.59166,187.43697,187.23378
461,320.28687,187.42471,186.95847
462,321.70308,186.79103,187.27688
463,322.12521,187.59104,187.2304
464,321.8148,187.70462,187.36495
465,322.26779,187.55205,187.36162
466,322.88566,186.64522,187.82285
467,322.51942,186.72291,187.55523
468,322.93893,186.9779,186.93744
469,322.32476,187.20703,186.90914
470,322.98814,187.07987,187.09944
471,322.98728,188.31885,187.36921
472,323.02912,188.48897,187.58554
473,322.37681,188.8455,187.05858
474,322.97986,188.19308,187.13465
475,323.69108,188.6409,187.1892
476,323.78013,188.89559,187.0066
477,322.6901,188.85724,187.10069
478,323.02522,187.83582,187.57998
479,323.31249,189.14679,187.31165
480,323.69384,189.57981,187.1313
481,323.95245,189.36294,187.17197
482,323.84033,188.94319,187.75941
483,324.13677,188.96495,187.38575
484,324.48082,189.00696,187.37425
485,323.91728,189.22233,187.25824
486,323.98345,188.43303,187.36665
487,323.69006,188.43256,186.89041
488,324.00685,188.67485,186.43868
489,323.39225,188.50339,186.11372
490,323.20427,188.00391,185.84874
491,323.30044,188.65071,185.26004
492,323.29132,188.64341,185.05273
493,322.40605,188.10671,184.96525
494,322.69959,187.91429,185.05931
495,322.53099,188.03846,184.96078
496,323.07026,188.45094,185.47256
497,322.74519,188.33605,185.41215
498,323.0914,187.27006,185.87441
499,323.16899,187.55335,185.42316
500,322.66879,187.69737,185.17705
501,321.67908,187.75227,184.98043
502,321.84329,187.86164,185.21729
503,321.9001,187.79179,184.77525
504,321.78078,187.21959,184.93016
505,321.57114,187.12414,184.39109
506,321.5664,186.59292,184.40522
507,321.96511,186.0499,184.1535
508,322.07935,186.0674,184.10592
509,321.56358,186.3631,184.12927
510,321.57061,186.10004,184.19966
511,321.01504,185.96386,183.83593
512,320.90052,185.48657,183.48309
513,320.58743,184.97137,183.4061
514,320.48551,183.90713,183.55793
515,320.19094,183.05744,183.23688
516,319.24829,182.15418,183.21773
517,318.75863,181.59938,183.03059
518,318.72928,180.88928,183.24711
519,318.51016,180.39732,183.04962
520,318.44896,180.6572,183.05016
521,317.59956,181.01393,183.23447
522,317.6725,180.73971,183.68297
523,317.67069,181.14639,183.41354
524,317.0862,181.32968,183.43119
525,316.9625,180.95706,183.53111
526,317.41284,180.68317,183.69942
527,317.20903,181.26937,183.68522
528,316.58968,181.39398,183.35932
529,316.39078,180.85895,182.8621
530,316.69285,179.691,183.22693
531,315.66956,179.38806,183.19067
532,315.86938,179.31132,182.4843
533,314.60233,179.57246,182.46254
534,314.96648,179.00999,182.89836
535,314.49895,178.58415,182.79904
536,315.07224,178.44798,182.60167
537,315.16782,178.64939,182.50474
538,315.4399,178.2204,182.84267
539,315.6679,178.83525,182.63515
540,316.15048,179.1125,182.5236
541,316.29012,179.27611,182.46245
542,316.82176,179.03546,182.91833
543,316.55559,179.78579,182.91172
544,316.59515,179.86263,182.64963
545,316.91826,180.54414,183.05992
546,317.45971,180.95944,183.58139
547,317.32341,181.67365,183.43204
548,318.29131,182.18718,183.53656
549,318.15653,182.49841,183.67532
550,318.47332,182.49465,184.0224
551,318.82244,182.63098,183.97061
552,319.17272,182.80904,184.08692
553,319.74585,182.78245,184.07879
554,319.11302,181.90526,184.02804
555,319.92158,182.29435,183.56824
556,320.3159,182.87858,183.7832
557,320.01967,182.54626,183.98829
558,320.8135,182.30009,184.21143
559,320.79037,183.04811,184.25347
560,320.53154,183.16775,184.29105
561,320.15594,183.20535,184.27403
562,321.13372,183.63495,184.99242
563,320.18142,184.50858,185.14935
564,320.14345,183.99015,185.84051
565,320.45125,184.32185,186.08087
566,320.86935,184.9024,186.73822
567,320.85719,186.42923,186.91611
568,321.59139,187.33841,187.33774
569,321.91006,187.84869,187.18817
570,323.18149,188.49475,187.59823
571,323.27778,189.47713,187.61457
572,323.55531,189.29704,187.60664
573,323.90223,189.37809,187.84767
574,324.79973,189.84123,188.38587
575,324.62647,190.62652,187.76634
576,323.77735,190.63201,187.87502
577,324.01332,190.41603,187.92469
578,324.45698,190.25747,188.21583
579,323.97404,190.9087,187.93348
580,323.86848,189.93559,187.89783
581,323.56012,189.76308,187.80319
582,323.33643,190.41295,187.81848
583,323.45792,190.81743,187.84376
584,323.44039,191.1505,188.10928
585,323.61041,191.50098,188.11832
586,324.86453,191.57745,188.14588
587,325.21783,192.54604,188.34664
588,325.64572,192.63971,188.56007
589,325.83187,193.11723,187.95366
590,326.42626,193.06043,188.39541
591,326.05852,193.50753,188.43095
592,325.7385,192.78078,188.81014
593,325.57915,192.68416,188.55532
594,326.00871,192.75537,188.77118
595,326.09303,192.72578,188.84818
596,326.07865,192.25349,188.78662
597,325.15512,191.80119,188.28498
598,325.55666,191.41509,188.30092
599,324.85985,192.3091,188.5114
600,324.40952,190.92988,188.49879
601,324.23257,190.68841,188.22566
602,325.00639,190.77091,187.90682
603,324.13175,190.46175,187.76523
604,323.74322,189.89712,187.99806
605,323.91241,189.39564,187.12874
606,324.26698,188.99346,186.8889
607,323.71346,188.9068,187.13577
608,323.83703,188.46988,187.04387
609,323.3002,188.41398,186.69432
610,323.53289,187.93835,186.76104
611,322.78436,187.51263,186.73756
612,322.36974,186.89303,186.88053
613,322.29635,186.49019,186.28734
614,322.86103,186.34842,186.22335
615,322.42284,187.02151,186.11011
616,321.74902,186.75903,185.97659
617,322.25371,186.73683,185.03987
618,322.80107,186.19414,185.22317
619,322.32941,186.38848,185.39421
620,322.23482,186.07943,185.43848
621,322.14015,185.47947,185.20146
622,322.63585,184.68892,185.13254
623,321.8092,184.48743,184.94509
624,321.49731,183.9396,185.40833
625,321.10026,183.36523,185.00942
626,321.00786,183.25098,184.94928
627,320.0032,182.89926,184.96643
628,319.64619,181.87784,184.59913
629,319.91135,181.38583,184.28079
630,319.47471,180.73996,184.1237
631,319.11654,181.37764,184.02455
632,319.56163,181.34604,184.16782
633,318.76654,180.98971,183.63775
634,319.60197,180.41024,183.76297
635,319.30907,180.38758,183.6943
636,319.66774,180.34448,183.74182
637,319.38304,180.19789,183.2967
638,319.18729,179.78032,183.31922
639,318.75756,180.08502,183.59741
640,318.89679,179.57905,183.95032
641,318.49381,179.4241,183.9201
642,318.93653,178.86347,184.62286
643,319.07463,179.69035,184.90579
644,319.67418,179.34968,184.95292
645,319.06622,179.75765,184.65898
646,319.12156,179.82156,184.56013
647,319.15177,180.20544,184.28229
648,320.41693,179.47267,184.36426
649,320.56076,179.76003,183.91035
650,321.00379,179.68502,184.11446
651,321.13062,179.91032,184.2973
652,321.43396,180.07359,184.23373
653,321.77727,180.0234,183.61173
654,321.74831,180.43215,183.52073
655,322.323,180.95069,183.83511
656,322.28323,180.77021,184.24535
657,322.3113,181.08046,184.18098
658,323.21265,181.45237,184.51733
659,323.07352,182.46047,184.49326
660,323.57186,182.79937,184.58976
661,323.43755,183.57389,184.63797
662,324.43657,183.96682,184.90966
663,324.3418,184.63975,185.13253
664,325.01048,184.97012,185.3071
665,324.93429,185.60464,184.81741
666,325.6929,185.69994,184.72683
667,325.74548,186.70594,184.99556
668,325.81711,186.53865,185.3933
669,325.81984,186.44857,185.19093
670,326.51847,186.44499,185.58065
671,326.10926,186.49171,185.73999
672,325.87704,186.17078,185.45642
673,325.45524,186.75654,185.03261
674,325.57642,186.89865,185.26038
675,324.76167,187.80108,185.23648
676,325.07251,187.75735,185.23881
677,324.8782,187.98939,185.35458
678,325.30443,188.05529,185.761
679,325.36653,188.72534,186.00265
680,325.46767,189.41715,186.39601
681,325.28931,190.19983,186.44958
682,326.42804,190.08702,186.5356
683,326.76972,190.76117,186.87839
684,326.97627,191.18625,187.0147
685,327.48181,191.20952,186.76225
686,327.63269,191.2468,187.20825
687,326.99273,191.96071,187.45302
688,326.32914,191.75975,187.64451
689,326.30085,191.57026,187.18923
690,326.29057,190.54717,187.27044
691,325.89599,190.40965,187.05604
692,325.78036,189.97436,187.33366
693,326.08938,189.89994,186.56212
694,325.96716,189.48198,186.48354
695,326.19604,190.11638,186.24709
696,325.84816,190.14724,186.28587
697,326.14941,189.82885,185.89803
698,327.25048,189.69597,185.35264
699,326.99662,189.99345,185.17544
700,327.01522,189.19105,185.31564
701,327.11004,189.84239,185.30837
702,327.96604,189.75238,185.41692
703,327.38047,190.18491,185.50638
704,328.2434,189.72316,186.43814
705,328.42099,189.37877,186.28128
706,328.26932,189.37508,186.77628
707,327.73528,189.73622,186.79725
708,327.79152,189.37314,186.83513
709,326.83998,188.67077,186.69466
710,326.71275,187.97098,186.49792
711,326.10989,188.03604,186.28939
712,325.93249,187.62327,186.99313
713,325.98714,187.19626,186.65694
714,325.56046,186.20684,186.54622
715,324.01083,185.87345,185.86778
716,324.06453,184.33019,186.24756
717,323.28205,184.31402,185.67709
718,322.59548,183.19608,185.57131
719,322.03627,183.55078,185.18436
720,321.52186,182.61765,185.42154
721,321.32326,182.43108,185.30124
722,320.59989,182.21294,185.58342
723,319.41499,181.35454,185.58399
724,319.77929,180.56371,185.70246
725,319.40214,180.30662,185.41102
726,319.70728,180.4985,186.07619
727,319.27335,180.51995,185.73597
728,320.42582,180.37859,185.9705
729,320.70227,181.26192,185.7562
730,320.55384,180.73451,185.7926
731,321.08905,181.22046,185.68283
732,321.37568,180.8735,186.06781
733,321.12133,180.6456,185.99235
734,321.73728,180.43651,185.57773
735,321.80603,180.54399,185.02139
736,322.67493,180.09973,184.93821
737,322.4114,180.87485,184.65677
738,323.01199,180.76831,184.32265
739,323.26173,181.35238,183.76798
740,323.93044,180.81768,183.90011
741,324.22531,181.46802,183.21315
742,324.5821,181.30308,183.17511
743,324.21641,182.0086,183.00052
744,324.76686,181.32497,183.26432
745,324.11757,181.74628,182.84289
746,325.4476,181.72134,182.23919
747,325.84822,182.28945,182.12949
748,326.16831,182.20167,182.68186
749,326.06375,182.53403,182.48011
750,326.64449,182.59213,182.41924
751,326.70072,183.07555,182.26929
752,326.73816,182.65443,182.44829
753,326.82984,183.32474,182.46957
754,326.86465,183.56358,182.64993
755,326.70642,183.9126,182.59407
756,326.98283,183.89074,182.92177
757,327.23461,184.6232,182.43386
758,327.2385,184.61111,182.38325
759,327.60087,184.81154,182.61163
760,327.63001,184.2844,182.86354
761,327.45519,184.353,182.70831
762,327.68308,183.99712,182.82539
763,327.34999,184.14475,182.70277
764,328.35158,183.53295,183.12682
765,328.29236,183.81097,183.12114
766,329.01533,183.5836,183.00318
767,328.26738,184.01542,183.07962
768,327.87046,183.33537,183.62716
769,328.28719,183.29475,183.535
770,327.99999,183.29083,183.92553
771,327.65828,183.10152,183.94146
772,328.40802,183.10974,184.33659
773,328.29635,184.16469,184.08145
774,328.81326,184.12762,184.42746
775,328.67335,184.79433,184.31196
776,329.50893,184.31498,184.70127
777,329.82793,184.7586,184.31836
778,330.97064,185.07684,184.54277
779,330.76976,185.81696,184.19646
780,331.04626,185.95512,183.93869
781,331.76899,185.82604,183.91414
782,332.54918,185.55462,183.81038
783,332.1271,186.00944,183.26589
784,332.40375,185.91384,183.48743
785,332.23437,186.07197,183.45399
786,332.20985,185.95676,183.47013
787,332.40411,186.28735,183.23706
788,332.58949,185.77553,183.51908
789,332.57095,185.77768,183.36634
790,332.39765,185.85905,183.28957
791,331.90147,185.97635,182.86696
792,332.17352,186.1617,183.30361
793,332.57372,186.01609,182.82475
794,332.68946,186.0189,182.70928
795,332.78752,186.45702,182.65316
796,332.71481,186.15046,183.12944
797,333.1077,186.34201,183.55197
798,333.72161,186.56076,183.65837
799,332.87881,186.81191,183.54244
800,333.03038,186.38691,183.97265
801,332.57995,186.69018,183.75653
802,332.62465,186.08787,183.82344
803,331.80048,186.15224,183.6085
804,331.81091,184.63291,184.14243
805,331.13734,183.87607,184.20074
806,330.32549,183.30244,183.9591
807,329.89183,182.34723,183.60104
808,329.96558,181.13605,184.13363
809,329.59772,180.69885,183.82062
810,329.98761,180.80125,183.295
811,329.63665,180.94373,182.98558
812,330.18038,180.11201,183.24168
813,329.81689,179.91134,182.64903
814,329.75689,179.3813,182.70349
815,329.86849,179.64269,182.31782
816,330.76133,178.96444,182.62057
817,330.48848,179.4955,182.52906
818,330.95999,178.85763,182.31423
819,331.37936,179.25337,182.40894
820,332.10389,178.84017,182.64162
821,332.48289,179.54005,182.1292
822,332.90966,179.77554,181.80474
823,333.91213,179.79252,181.71321
824,335.95951,180.72839,181.71969
825,336.36355,181.60095,181.46122
826,337.09512,181.85202,181.36477
827,337.7737,181.83907,181.40796
828,338.8152,181.5061,181.33538
829,338.11377,182.13762,180.96552
830,337.93342,181.30122,180.81215
831,338.07442,181.65148,180.484
832,338.12219,181.00165,180.53268
833,338.10765,181.46121,180.01505
834,338.07253,181.42943,180.06947
835,338.00289,181.1939,180.03768
836,338.74959,181.05203,180.22232
837,338.19657,181.84382,180.03668
838,339.11281,180.67805,180.17397
839,338.83444,181.12391,180.04219
840,339.23247,180.6263,180.44374
841,338.89481,181.19816,180.38841
842,338.70198,180.44358,180.89216
843,338.87418,180.62487,180.62736
844,339.93223,180.99356,181.30534
845,339.44334,181.67492,181.17975
846,340.92925,181.4127,181.51222
847,341.52376,181.42795,181.44038
848,341.89585,180.82765,181.50901
849,341.94693,180.93126,182.40399
850,342.37465,180.90677,183.02118
851,342.41293,180.64642,183.09968
852,342.88724,180.57363,183.364
853,343.29575,181.09628,183.61452
854,343.52217,180.89425,183.93869
855,343.96599,180.81351,183.38731
856,344.87972,180.20637,184.15377
857,345.30519,180.72644,184.04316
858,345.55534,180.0372,184.28627
859,345.69103,180.15126,184.1192
860,345.51945,180.30325,184.62618
861,345.94815,181.0278,184.50662
862,346.32803,181.30718,184.83818
863,346.46977,181.92879,184.43787
864,346.8526,182.25297,184.79235
865,346.50731,183.17438,184.96653
866,346.42497,183.02126,185.38704
867,346.23106,183.67431,185.06529
868,346.82202,183.73592,185.58044
869,347.21441,184.27066,185.86739
870,346.80026,184.3623,186.24219
871,347.21016,184.86644,186.36413
872,347.6644,185.84782,186.94624
873,347.18877,186.3523,187.11512
874,347.77543,186.33313,186.97943
875,347.86789,186.91506,187.04507
876,348.5722,186.96437,187.19947
877,348.53991,187.89034,186.68201
878,348.50301,188.1355,187.05264
879,347.86295,188.52023,186.65308
880,348.2388,188.41483,186.55531
881,347.87842,189.22938,186.20858
882,347.29558,189.12205,186.19184
883,346.875,189.95812,185.86201
884,347.42012,189.67655,185.88072
885,346.72508,189.94882,186.06039
886,347.03405,189.48903,186.16574
887,347.25992,189.71659,186.07599
888,347.44818,189.68461,186.70252
889,346.94869,190.30084,187.04108
890,347.25155,190.49937,187.71625
891,347.6256,190.52175,187.23351
892,348.14228,190.80057,187.5791
893,347.98369,191.25206,187.26848
894,347.56814,191.46078,187.26922
895,347.64106,191.28612,187.17675
896,348.10598,191.03365,187.56406
897,347.435,191.52134,187.4755
898,347.17596,191.35972,187.7254
899,346.80625,191.04689,187.48733
900,347.25204,190.53614,187.53978
901,347.27862,190.53765,187.47972
902,347.77885,189.18567,187.58087
903,347.70714,189.38757,187.24948
904,347.84546,188.62605,187.39257
905,347.57611,188.79609,187.4384
906,348.14952,188.67236,187.51138
907,349.23219,188.36949,187.40594
908,348.69429,188.52774,187.91057
909,348.69263,189.24861,187.73056
910,349.50386,189.32225,187.75345
911,349.42204,188.88426,187.62238
912,350.81979,188.64236,187.61559
913,350.06134,189.40824,187.40593
914,350.57905,189.42579,187.66358
915,351.08732,189.75497,187.47494
916,352.05027,189.11703,187.78492
917,352.20548,189.78684,188.1345
918,352.79057,188.85164,188.28559
919,353.32517,188.62659,188.13183
920,354.16155,188.37761,188.34416
921,353.83477,188.79792,188.18129
922,354.72536,187.44365,187.94863
923,354.95979,186.72961,187.00442
924,354.73885,186.78778,186.90637
925,354.12079,186.57296,186.19607
926,354.22726,186.0603,186.08061
927,354.53081,185.57294,185.52093
928,355.11639,184.938,185.95213
929,354.87882,185.36207,185.75593
930,355.44783,184.95105,186.30219
931,355.77444,184.65354,186.36082
932,357.49299,184.27534,186.91176
933,358.25443,184.86145,187.30973
934,358.50652,183.78347,187.9845
935,358.96103,183.70498,187.86784
936,359.74779,184.06278,188.27779
937,360.08354,184.11106,188.12548
938,360.69188,183.47868,188.38419
939,360.74858,183.99886,188.17119
940,362.30111,183.42993,188.42168
941,362.18028,184.39179,188.32282
942,362.98627,184.43348,188.97854
943,363.2654,184.82525,188.44209
944,364.7056,184.66441,188.63195
945,365.22308,184.75221,188.69876
946,365.82226,184.50773,189.01708
947,365.99518,184.59582,188.4823
948,367.01902,183.98276,187.8074
949,367.7161,184.44813,187.92252
950,368.37293,183.98219,188.20225
951,368.42289,184.20788,187.93615
952,369.10439,184.35497,188.06502
953,369.03182,184.91088,188.02074
954,369.94259,185.38351,188.7572
955,370.06649,185.83051,188.54219
956,370.33068,185.93829,188.40465
957,370.36887,187.23455,188.40759
958,370.62716,187.31764,188.87688
959,370.56039,188.34169,188.33811
960,371.41935,188.08084,188.09691
961,371.2302,189.2896,188.25256
962,371.40971,189.41214,188.66836
963,371.6703,189.72884,188.73764
964,372.86884,189.47196,189.23754
965,373.35299,189.97743,188.99733
966,373.59383,189.94481,189.48627
967,374.13558,190.74351,189.38593
968,374.43888,190.10517,189.72581
969,374.31538,190.54464,189.74717
970,374.53108,190.38843,189.76776
971,375.05508,190.95712,189.67332
972,375.48105,190.7108,189.53074
973,375.83243,190.49168,189.59352
974,376.91347,191.0978,190.15096
975,376.42649,191.60984,189.97485
976,377.06158,191.62964,190.0369
977,377.34166,192.45399,190.49845
978,378.15549,192.48723,190.95676
979,378.19799,193.32124,191.03909
980,378.90912,193.5551,191.02962
981,378.83019,193.80217,190.97132
982,379.1259,193.45303,191.4394
983,379.48913,194.02962,191.38944
984,379.95872,193.6778,191.67954
985,379.80733,193.95841,191.4965
986,380.71582,193.5907,191.72988
987,381.18513,194.57988,191.62443
988,381.1568,195.33768,191.77438
989,380.95078,195.86972,191.49732
990,381.54189,195.75202,191.39864
991,382.06508,195.99568,191.18719
992,382.29976,195.99642,191.41061
993,382.31615,196.42127,190.90583
994,382.89698,195.99318,191.16296
995,383.35997,196.03435,191.01434
996,383.10842,196.07697,191.37923
997,383.39034,195.45515,191.17969
998,384.38655,194.62414,191.37771
999,386.08747,194.37525,191.94651
1000,386.3023,194.12184,192.05392
1001,386.67058,193.78949,192.07748
1002,387.48354,193.6019,192.58574
1003,388.01846,194.57407,192.66373
1004,388.86816,194.25855,192.76383
1005,389.80409,194.22921,192.56187
1006,391.20625,193.81562,192.89492
1007,391.60468,194.0095,192.36385
1008,392.03688,194.06667,192.35592
1009,393.83606,193.89353,191.9877
1010,395.53069,193.26911,192.45953
1011,396.3212,193.03158,192.23087
1012,398.1173,192.96477,192.3583
1013,398.15316,193.16544,192.54352
1014,400.06846,191.97105,192.9178
1015,401.37886,191.10143,192.80013
1016,402.59827,190.0887,192.76853
1017,403.61197,190.37436,192.80413
1018,404.98319,189.16043,193.06703
1019,406.00871,189.49147,193.09518
1020,407.55434,189.26752,192.99535
1021,408.67243,189.52731,193.14278
1022,411.04424,188.60929,193.38031
1023,412.36535,189.50893,192.85628
1024,414.35963,190.01527,192.54958
1025,416.6546,190.02927,192.5915
1026,419.35791,190.12064,192.83613
1027,421.91868,190.5837,192.89044
1028,424.00574,191.06764,193.2109
1029,425.92386,191.64058,193.08193
1030,428.42031,191.25306,193.43424
1031,430.59302,191.30852,193.49975
1032,432.34827,190.98462,193.82854
1033,433.09962,190.85154,193.9516
1034,434.37937,190.22046,194.29847
1035,435.96844,190.74737,194.09976
1036,438.05842,190.49204,194.44238
1037,440.14795,190.27386,194.8885
1038,442.0303,190.64109,195.22799
1039,443.89303,191.36591,194.91787
1040,445.44434,191.33859,194.6451
1041,447.13232,191.74966,193.84395
1042,449.34512,191.35215,194.47438
1043,451.26623,191.43448,194.24158
1044,453.21316,191.62369,194.44075
1045,455.14485,191.89095,194.40566
1046,455.69843,191.60356,195.03336
1047,458.44606,191.90226,194.82371
1048,459.17362,191.99192,195.57108
1049,459.86267,193.03251,195.70277
1050,459.03092,193.31731,195.70619
1051,459.43015,194.70467,196.05102
1052,458.57298,195.54133,196.40586
1053,458.8474,196.12732,196.51477
1054,459.45767,196.10507,197.24266
1055,459.9059,196.76137,197.11896
1056,460.81494,196.7706,197.07434
1057,462.67088,197.57805,197.0805
1058,464.10328,197.09429,197.37217
1059,467.03409,197.5371,197.44907
1060,469.66365,197.26949,197.80506
1061,472.91019,198.36079,197.7297
1062,476.76535,198.25952,197.65448
1063,481.54785,198.9674,197.61031
1064,487.3066,199.14489,197.91744
1065,493.35723,199.42704,197.74227
1066,502.39889,198.61808,198.19301
1067,511.40318,199.50802,197.93902
1068,522.27127,199.2458,197.89797
1069,533.6055,199.81006,197.76094
1070,546.05409,199.64385,198.04216
1071,559.36218,200.58353,197.7742
1072,572.41965,200.54772,197.72563
1073,585.73848,201.42489,197.69183
1074,599.76613,202.25187,198.79933
1075,614.39782,202.53336,198.98034
1076,629.54074,202.77238,199.35855
1077,644.54394,203.50926,199.58207
1078,660.39196,203.28184,200.10331
1079,675.84335,204.01234,200.01462
1080,692.42988,203.26697,199.77694
1081,709.32296,203.18376,199.33625
1082,724.37256,203.18595,199.53581
1083,740.7141,203.30307,198.93606
1084,756.94488,203.32446,198.83662
1085,772.95735,203.58218,198.53992
1086,792.43945,203.77291,199.10996
1087,810.93314,203.85283,198.50623
1088,829.58392,203.25353,198.26079
1089,849.45664,202.92129,197.81638
1090,867.0377,202.29866,197.82448
1091,885.69143,202.58688,197.56544
1092,903.95952,202.24956,197.61267
1093,922.15632,202.21518,197.0594
1094,942.12318,201.73081,197.45927
1095,962.14229,201.7598,197.5076
1096,982.29847,201.20241,197.72277
1097,1003.56711,200.81446,197.64526
1098,1024.75277,200.86993,198.2073
1099,1045.42215,201.56795,198.70747
1100,1065.97193,201.09129,198.96422
1101,1087.77779,200.99837,198.83855
1102,1109.23549,200.97412,199.38093
1103,1130.16482,200.63886,199.43355
1104,1150.5432,199.69977,199.41193
1105,1171.72169,198.99426,198.70364
1106,1191.21955,198.13385,198.78543
1107,1210.88867,197.98644,198.85843
1108,1231.27752,197.06952,198.79328
1109,1251.37108,196.49311,198.46152
1110,1272.71376,196.08323,198.81675
1111,1292.64305,196.40009,198.95729
1112,1315.79234,195.84515,199.04064
1113,1336.60158,195.32265,198.7086
1114,1361.71402,194.34147,198.2692
1115,1384.28796,194.11983,198.2844
1116,1410.5052,194.05368,198.40779
1117,1434.48584,194.14592,198.10155
1118,1461.55523,193.58215,198.50617
1119,1485.53705,194.14802,198.35405
1120,1511.97436,194.13881,198.71057
1121,1535.63229,194.39592,198.34945
1122,1561.1945,194.17687,198.23744
1123,1582.93233,194.93989,198.67925
1124,1606.20802,194.9929,198.9019
1125,1625.99437,194.86755,198.69847
1126,1645.91267,194.75283,198.95472
1127,1663.19167,195.27843,199.06939
1128,1678.52717,195.12601,198.8798
1129,1692.30276,194.69625,198.25147
1130,1704.78169,194.05907,198.24697
1131,1714.73349,194.55682,198.00971
1132,1723.48614,194.27358,198.16835
1133,1730.43139,194.50615,197.81616
1134,1736.01798,194.58825,197.89813
1135,1739.12987,195.38867,197.97252
1136,1740.11406,195.23706,198.48934
1137,1739.24571,195.37956,198.40963
1138,1736.17144,195.80876,198.9058
1139,1731.81678,195.88557,198.67293
1140,1725.14837,196.19565,198.95846
1141,1717.15302,196.78334,199.12164
1142,1707.29084,197.03298,199.64834
1143,1695.89716,198.06001,199.76703
1144,1682.73395,198.37085,200.35041
1145,1668.14764,198.94715,200.19548
1146,1651.24219,199.1429,200.66146
1147,1634.85047,199.40527,200.56616
1148,1614.94737,199.65372,200.90619
1149,1595.74133,200.47554,200.60282
1150,1575.57034,200.99844,200.75483
1151,1555.70092,201.73595,200.66476
1152,1534.32955,201.85168,200.81736
1153,1513.60766,201.92544,200.55189
1154,1491.33681,202.18457,200.41138
1155,1468.87173,202.85471,200.21277
1156,1445.80699,202.75952,200.43409
1157,1422.57896,203.28159,200.3517
1158,1398.44913,203.25275,200.98815
1159,1374.54289,204.06892,201.63199
1160,1349.76293,204.29575,202.09774
1161,1325.96034,205.51774,202.25716
1162,1302.44562,205.39139,202.81956
1163,1278.5182,206.0619,203.41086
1164,1254.02217,206.01665,203.6829
1165,1229.10999,206.29097,203.95028
1166,1204.73291,206.61176,204.6984
1167,1177.92127,208.15079,205.07431
1168,1151.72931,208.23205,205.52165
1169,1123.37125,208.70624,205.92208
1170,1095.75698,208.94058,206.57105
1171,1067.45944,209.90709,207.1423
1172,1038.44686,209.47411,207.66253
1173,1009.52832,209.68769,207.81828
1174,981.66017,209.27454,208.60956
1175,952.73057,210.07312,208.80712
1176,923.70193,210.24095,209.44414
1177,895.07049,210.31642,209.70888
1178,866.45007,210.08937,210.36711
1179,837.02746,210.46506,210.55142
1180,808.48295,209.90333,211.09704
1181,780.02834,210.22774,211.2564
1182,751.98204,210.42402,211.77516
1183,726.08779,211.21889,211.74882
1184,699.95117,211.6923,212.19906
1185,675.15185,211.59455,211.99173
1186,651.52971,211.69222,212.56113
1187,625.77087,212.20536,212.87112
1188,601.49719,212.73931,213.30049
1189,577.16095,213.31856,213.61687
1190,553.23782,213.73041,213.69837
1191,532.56198,214.81653,214.46278
1192,512.49229,214.79204,215.33373
1193,493.52092,215.05277,215.27854
1194,476.5495,215.37398,215.36706
1195,459.14955,216.30596,215.77931
1196,442.07431,216.53069,216.13248
1197,426.8498,216.88784,216.15018
1198,412.13918,216.95221,216.16611
1199,398.24464,217.72017,216.71075
1200,385.91592,216.73055,216.63122
1201,373.49448,216.89648,216.47397
1202,363.02557,217.2888,216.13499
1203,353.87008,217.95682,215.86124
1204,346.24344,217.15715,215.726
1205,340.664,217.11915,214.99837
1206,335.837,217.42051,214.39813
1207,333.39527,217.98225,214.0366
1208,332.74531,217.60135,213.94563
1209,333.60179,217.861,213.37366
1210,336.10752,217.3603,212.87591
1211,339.13635,217.6279,212.93351
1212,343.86054,217.541,213.52087
1213,346.74189,217.83807,213.70001
1214,353.44862,217.70544,213.77935
1215,358.17279,217.75476,214.01848
1216,365.14278,217.91021,214.25102
1217,368.4284,218.42984,214.1044
1218,374.691,218.69419,213.92426
1219,377.46761,219.29904,214.40475
1220,382.83092,219.22341,214.68061
1221,384.8,219.46262,214.60774
1222,388.30956,219.16205,214.66153
1223,389.24369,219.32028,214.97364
1224,392.59423,219.02821,215.64119
1225,393.63719,219.3702,215.48461
1226,395.62185,219.54833,215.67452
1227,395.63273,220.20325,216.29087
1228,396.47762,220.07222,216.43714
1229,396.99228,220.37581,216.63519
1230,397.49928,221.05525,216.82119
1231,397.44798,221.96682,217.73655
1232,398.23841,222.0341,218.66052
1233,397.60559,222.9623,218.9156
1234,397.42376,223.46602,219.46644
1235,396.5979,223.94142,220.20737
1236,396.32714,223.3733,220.83735
1237,396.3117,224.10818,221.15199
1238,396.00401,224.64372,221.7561
1239,396.13777,224.93508,223.01751
1240,395.58993,225.88737,224.10319
1241,395.27578,225.85898,224.95801
1242,395.08505,226.30786,225.79193
1243,394.53525,227.17412,226.60518
1244,394.31086,227.3383,227.64934
1245,393.63072,228.02753,228.43349
1246,393.43484,227.79291,228.92556
1247,393.56494,228.34563,230.01882
1248,392.89867,229.09284,231.11961
1249,392.97676,229.77167,232.05257
1250,392.99637,230.64016,233.12353
1251,391.60231,231.31937,234.27474
1252,391.47253,231.82824,235.42559
1253,390.61572,233.16127,236.02566
1254,390.6114,233.52741,236.82031
1255,390.14848,234.60147,238.18836
1256,390.32583,235.03783,239.49695
1257,389.76694,236.09272,240.46543
1258,388.76968,236.48801,241.41408
1259,388.17934,237.31219,242.68591
1260,388.57045,237.55262,244.24628
1261,388.40574,238.40912,245.17923
1262,388.84443,238.00288,246.48492
1263,387.60007,238.92557,249.56223
1264,387.90155,239.27269,252.2222
1265,388.04821,239.95985,255.42005
1266,388.45704,240.54354,257.79423
1267,387.89172,241.47956,260.523
1268,388.1443,241.54432,263.45147
1269,387.97666,242.03613,266.53595
1270,388.13779,242.43362,269.59233
1271,387.5363,243.58048,272.98509
1272,387.29537,243.45335,276.08777
1273,387.05788,244.32474,279.78939
1274,387.35777,245.04742,282.93858
1275,386.25135,246.74155,286.62939
1276,386.3155,246.28256,289.50517
1277,385.69936,247.72128,293.04331
1278,385.81185,248.00867,296.21195
1279,384.91559,248.92364,299.78032
1280,385.40159,248.99106,302.82964
1281,385.48594,250.14202,306.92099
1282,385.37921,250.63465,310.60919
1283,384.7343,251.16156,314.34149
1284,385.02555,250.17152,318.13827
1285,385.31967,250.388,322.25053
1286,384.84113,249.43643,325.61114
1287,384.76337,249.43094,329.57643
1288,385.06221,247.63389,332.82027
1289,384.40243,247.46305,336.40563
1290,384.37397,245.75407,339.33155
1291,384.08835,245.57069,342.56361
1292,384.2423,243.3112,344.76422
1293,383.78853,242.9117,347.93973
1294,383.821,241.78781,351.16233
1295,383.19061,241.91881,353.95229
1296,382.92392,240.74807,356.08575
1297,382.63321,241.24935,358.34731
1298,382.29224,242.03684,360.3364
1299,382.14843,243.84868,363.17304
1300,382.45549,245.76717,364.83698
1301,382.67729,249.42597,366.088
1302,383.04378,253.6701,366.91057
1303,383.00325,258.03947,368.34062
1304,383.41973,263.0537,369.16381
1305,383.2909,269.63121,370.11538
1306,383.25899,276.35367,370.95865
1307,382.78628,283.60159,372.30877
1308,383.10313,291.32962,373.66951
1309,382.85383,299.66002,375.30364
1310,382.48227,307.70418,377.05263
1311,382.63635,317.38661,378.95802
1312,382.77128,326.18551,380.42432
1313,382.23391,335.79084,381.31098
1314,383.35112,344.63457,382.37393
1315,384.11471,355.05484,383.99646
1316,383.54346,365.84592,385.30577
1317,383.57848,376.53639,386.54353
1318,384.37524,387.99145,387.62503
1319,384.21349,400.08179,388.60805
1320,384.24039,412.02022,389.7
1321,383.71157,425.21239,390.81061
1322,383.75358,437.51361,391.46827
1323,384.05809,450.97328,392.31093
1324,383.9622,463.56158,393.33625
1325,383.1519,477.49635,394.5112
1326,383.12747,489.15908,395.05792
1327,382.51654,501.88877,396.14067
1328,382.66063,514.60347,397.23405
1329,381.5253,527.53555,398.41133
1330,381.35493,541.89998,399.10534
1331,381.41814,556.28389,399.92545
1332,381.22092,569.36393,400.4902
1333,380.64146,583.85724,401.44409
1334,380.51776,596.46013,402.28701
1335,380.50737,609.63296,403.40457
1336,380.70782,624.8293,404.89316
1337,380.18667,640.11225,406.29698
1338,380.19603,655.13932,406.86165
1339,379.75139,671.11116,407.98162
1340,379.92174,685.82142,408.57066
1341,380.38308,700.75982,409.32437
1342,380.85262,715.44565,409.64001
1343,381.09886,729.82603,410.00586
1344,381.66204,744.75833,410.40515
1345,381.87607,759.30659,411.09552
1346,382.2771,773.06511,411.52083
1347,382.48,787.88444,412.07372
1348,383.16146,800.98246,412.80318
1349,383.35215,814.87123,413.10847
1350,382.9244,827.15137,413.45897
1351,382.42496,839.65344,413.62089
1352,383.0976,851.76123,413.76324
1353,383.19462,863.73907,413.8455
1354,383.2072,874.66586,414.10263
1355,382.82866,886.81777,414.1401
1356,383.60382,897.73751,414.33326
1357,383.31799,909.6573,414.08151
1358,383.42156,920.90534,413.64185
1359,384.24858,932.06667,413.67756
1360,384.80925,942.9201,413.74703
1361,384.37313,954.09079,412.84428
1362,384.18517,964.14835,412.01379
1363,383.39868,974.7563,410.91849
1364,384.13081,982.97318,410.48792
1365,383.53026,991.46018,409.66498
1366,383.19563,999.15577,408.89651
1367,382.67335,1006.62658,407.88307
1368,382.5625,1011.90276,407.01373
1369,382.05972,1018.60507,405.57499
1370,381.35856,1023.28162,404.13377
1371,380.78119,1027.9875,402.49057
1372,380.48517,1032.97852,401.18347
1373,380.00368,1037.88815,399.96437
1374,379.61873,1043.18078,398.7425
1375,379.37998,1047.91697,396.85944
1376,379.47605,1053.16262,395.4493
1377,378.70645,1058.69185,393.76556
1378,378.18103,1064.88715,392.63882
1379,377.59685,1070.29969,390.9553
1380,377.88049,1078.52708,389.47657
1381,377.22604,1085.10916,387.54293
1382,376.83899,1093.94094,386.05941
1383,376.86412,1100.99702,384.12119
1384,376.32818,1109.44193,382.1826
1385,375.67749,1117.20284,380.55369
1386,375.07736,1124.97737,379.34669
1387,374.86895,1132.63003,377.213
1388,374.0465,1140.37166,375.79682
1389,372.89273,1148.60935,373.93758
1390,373.03555,1154.90492,372.52246
1391,372.65856,1162.07713,371.10748
1392,372.85511,1167.17448,369.62228
1393,372.06903,1173.53734,368.26562
1394,372.25554,1178.4155,367.55206
1395,371.59986,1183.36071,366.1567
1396,371.44362,1187.43568,364.97221
1397,370.54775,1191.60257,363.36481
1398,370.59134,1194.20281,362.55441
1399,370.26297,1196.80137,361.38503
1400,370.32434,1198.55357,360.60366
1401,369.52053,1199.66292,359.39368
1402,369.3989,1199.28558,359.08808
1403,369.00773,1197.78118,358.2908
1404,369.25141,1196.19139,357.54069
1405,368.2976,1193.25259,356.9919
1406,368.14712,1188.46617,356.95818
1407,367.76768,1182.87525,356.19174
1408,367.70241,1175.81995,355.97988
1409,367.03818,1168.25932,355.58478
1410,366.82509,1159.99805,355.53069
1411,366.17854,1151.21218,355.39363
1412,366.26513,1141.46963,354.76344
1413,365.67888,1131.90363,353.79208
1414,366.03366,1120.42689,353.68086
1415,365.3155,1109.65971,353.25894
1416,364.51358,1098.04221,353.01505
1417,364.45859,1085.74843,352.90083
1418,364.17025,1072.63806,353.18991
1419,363.32755,1058.67591,352.96781
1420,362.77155,1043.78675,353.11878
1421,361.71889,1028.19336,353.19924
1422,361.36256,1011.52645,353.20118
1423,361.13829,994.66231,353.1087
1424,360.95866,977.20306,353.03408
1425,360.77987,960.31626,353.26332
1426,360.6732,941.65648,353.69613
1427,359.65085,925.09591,353.8306
1428,360.46976,907.34854,354.27292
1429,359.86989,889.67301,354.24635
1430,360.40111,871.82298,354.16229
1431,360.41256,852.34362,354.21613
1432,362.6006,832.53317,354.38238
1433,362.26468,814.44674,354.5774
1434,362.35827,794.84927,354.40626
1435,362.15126,776.58716,353.9486
1436,362.30205,758.06643,354.08119
1437,362.01312,737.66379,354.42837
1438,362.74916,717.54319,354.62645
1439,362.65268,697.32191,354.34819
1440,363.38075,675.89527,354.20881
1441,362.59633,656.14389,354.04583
1442,362.61453,635.81911,353.86474
1443,362.63339,616.15706,353.94364
1444,362.78229,595.93924,354.20856
1445,362.32983,575.57193,354.09335
1446,362.1975,554.84259,353.98664
1447,361.8352,535.27503,354.12969
1448,362.11306,514.63013,353.99674
1449,361.20247,496.28464,353.69841
1450,361.12738,476.63865,353.81473
1451,361.07063,458.82199,354.02309
1452,360.99218,440.51603,353.81984
1453,360.78128,423.32487,353.82237
1454,360.18027,406.75785,353.44966
1455,360.52394,390.36565,353.66474
1456,361.15195,374.44147,353.69172
1457,360.49493,360.12814,353.86552
1458,360.49832,344.91344,353.63798
1459,360.09455,330.5583,353.64177
1460,360.11967,316.24155,353.49456
1461,359.41064,303.18466,352.95106
1462,359.63349,289.34468,352.93808
1463,360.41614,277.12145,352.91537
1464,360.27376,264.84641,353.10356
1465,359.01213,255.30066,353.02191
1466,359.18934,245.28214,352.60567
1467,358.58946,237.10791,352.38346
1468,358.33652,229.66896,352.32139
1469,358.04948,225.49677,351.76655
1470,357.65548,221.37104,351.23817
1471,357.26044,219.32892,351.11664
1472,357.18815,218.75239,351.22538
1473,357.12861,218.37879,351.08814
1474,356.55965,219.33032,351.37893
1475,356.11382,220.50572,351.28033
1476,355.1077,223.15444,351.40741
1477,354.44581,225.87232,351.30583
1478,353.98527,230.32601,350.87279
1479,353.74812,233.34259,350.79909
1480,353.1174,238.44686,350.35878
1481,352.57956,240.56197,350.58057
1482,352.12632,245.05465,350.53287
1483,351.54461,246.48574,350.53814
1484,351.00557,249.90145,350.37826
1485,350.8264,251.05542,350.74121
1486,350.69243,253.15412,350.6437
1487,350.65883,253.82146,350.82155
1488,350.07066,255.33682,350.84519
1489,350.26005,254.82747,351.29985
1490,350.69429,254.96454,351.1342
1491,350.5179,254.88183,351.59132
1492,350.59693,254.89624,351.47269
1493,349.54508,254.67561,351.56592
1494,350.32935,254.0785,351.89775
1495,349.97245,254.24048,352.42092
1496,350.28902,254.92264,352.68553
1497,349.49483,254.69428,353.27243
1498,350.05304,254.3358,353.43361
1499,350.55457,254.69987,354.15889
1500,350.54934,254.5962,354.63562
1501,350.11588,254.66178,355.2198
1502,351.15002,254.02512,355.27892
1503,350.44744,254.38667,355.47031
1504,350.54321,254.26474,355.95906
1505,349.71579,254.04175,356.72058
1506,349.81115,253.08611,356.95893
1507,349.13691,253.27849,357.38379
1508,348.79137,253.04618,357.89475
1509,348.37656,253.424,358.61285
1510,348.23004,252.77437,359.64529
1511,347.83559,252.70983,360.49373
1512,348.21988,252.27316,360.9286
1513,347.48053,252.10031,361.40859
1514,347.39441,250.9793,362.47909
1515,347.06026,250.90315,363.54865
1516,347.02964,250.28549,364.76674
1517,346.8011,249.51085,366.03007
1518,346.39968,248.76234,367.19307
1519,345.33435,249.09408,368.1211
1520,344.97257,248.49844,369.26114
1521,344.57917,247.82526,370.2813
1522,345.23776,247.44437,371.00202
1523,345.34775,247.76176,371.47976
1524,345.23678,247.97307,372.2457
1525,344.96296,248.08507,372.98693
1526,345.37651,247.59527,374.07809
1527,345.7011,248.49457,374.99812
1528,345.7681,248.37909,376.30278
1529,344.99886,248.41196,377.39735
1530,345.27467,248.39823,378.81177
1531,345.15467,248.92938,380.27924
1532,345.08115,249.14369,381.78273
1533,342.53619,249.00656,383.0873
1534,342.81107,248.71053,384.79804
1535,342.55277,248.61439,386.27561
1536,342.97864,248.30255,388.53332
1537,342.73986,248.36692,390.05265
1538,343.14304,248.2686,392.07381
1539,342.83668,248.47039,393.48554
1540,343.21265,247.20719,395.51674
1541,343.04741,247.51369,397.68519
1542,343.7507,247.27364,400.12354
1543,343.25783,247.30141,402.05561
1544,343.40278,246.29383,404.06668
1545,343.66335,246.5845,406.31055
1546,344.64531,246.78069,408.74973
1547,344.61056,247.38382,410.83959
1548,345.16722,246.93323,412.89166
1549,345.259,247.42662,415.11054
1550,345.58933,247.0119,417.17976
1551,345.29015,247.50052,419.04278
1552,345.91425,247.20288,421.40389
1553,346.04291,247.60628,423.90324
1554,346.65026,247.64707,426.18625
1555,347.58238,247.67098,428.73203
1556,347.92595,247.86589,430.91632
1557,347.69358,247.64641,432.96114
1558,348.0873,247.07867,435.54581
1559,347.89184,247.10634,437.8656
1560,347.82405,246.61902,440.30904
1561,347.95312,246.57074,442.33314
1562,348.03873,245.61088,444.52807
1563,347.98624,245.66286,446.58232
1564,346.62192,245.2977,448.72679
1565,346.565,245.35933,450.93953
1566,347.24253,244.66221,452.97592
1567,346.74331,244.7867,454.68001
1568,346.53102,244.57196,456.81405
1569,346.25504,244.547,458.37802
1570,346.22081,244.50253,460.49834
1571,345.46022,244.23749,462.38363
1572,345.30727,243.95168,464.41338
1573,345.07741,243.66005,466.46227
1574,344.50521,243.2077,468.30961
1575,344.07905,243.29079,470.34419
1576,343.69979,243.16174,471.52166
1577,343.89826,243.47228,473.41122
1578,344.22377,242.8017,475.39295
1579,343.71712,242.91514,477.09733
1580,343.29966,242.68939,478.61978
1581,343.80188,242.13042,480.31342
1582,344.6257,241.89505,481.72883
1583,344.86487,241.98842,483.06011
1584,344.12508,241.40221,484.14871
1585,344.05861,240.33229,485.20674
1586,344.22035,239.77048,486.28723
1587,344.18301,239.86385,487.30572
1588,343.89429,239.23413,488.45392
1589,344.37296,238.60347,489.28092
1590,344.24659,238.52743,490.22188
1591,343.24578,238.24348,490.72331
1592,342.85891,238.07614,491.08196
1593,343.04335,237.83166,491.26453
1594,343.55802,237.90869,491.25817
1595,342.68296,238.95927,491.47107
1596,342.59358,238.39644,491.54862
1597,341.83627,237.91171,491.84897
1598,342.73062,237.22291,492.65052
1599,342.16376,237.75978,493.40051
1600,341.07565,237.49846,494.27633
1601,340.77585,237.16059,494.88047
1602,340.66798,236.45879,495.27202
1603,339.65446,237.10522,495.75508
1604,339.42727,236.24033,496.24814
1605,339.04126,235.5087,496.66099
1606,338.9881,234.93898,496.94376
1607,338.64152,234.926,497.2374
1608,338.48686,235.04411,497.67971
1609,338.18564,235.04608,497.94424
1610,337.71378,234.88648,497.8413
1611,337.52554,235.28082,497.91105
1612,337.20202,235.64314,498.24739
1613,336.49597,236.44569,498.61531
1614,336.67836,236.64824,498.85149
1615,336.26332,237.67808,499.21019
1616,335.27927,237.75517,499.12249
1617,334.76259,238.59193,499.48871
1618,334.40371,239.20316,499.22496
1619,334.37024,239.42836,499.40634
1620,334.80068,238.91405,499.65329
1621,334.69867,238.76803,500.39329
1622,335.49001,239.09,500.90394
1623,334.59925,239.84105,501.39818
1624,334.61716,239.33988,501.41045
1625,334.87254,239.17159,501.22202
1626,334.99316,238.75122,501.16757
1627,334.47582,239.04475,501.49789
1628,333.91471,238.53148,501.42297
1629,333.53799,238.94031,501.25067
1630,334.06341,238.87042,500.90289
1631,334.23488,238.69108,500.93131
1632,334.89832,238.20317,500.30657
1633,335.24971,238.11519,500.16371
1634,336.22092,238.32959,499.8499
1635,336.26024,238.70003,499.9068
1636,336.49356,238.55803,499.44927
1637,336.11226,238.43053,499.61769
1638,336.46289,237.90668,499.30755
1639,335.84811,238.11216,499.03419
1640,335.56633,238.10936,498.51059
1641,335.25775,238.85729,498.21842
1642,336.02027,237.82894,497.7093
1643,336.24001,238.04628,497.38948
1644,336.11948,237.4622,497.094
1645,335.85931,237.91852,497.11047
1646,336.13395,237.49723,496.63511
1647,335.63129,236.85205,496.08395
1648,335.52546,236.04875,495.50154
1649,335.47799,235.88728,494.77922
1650,334.95475,235.12891,494.00673
1651,334.92195,234.78157,492.91671
1652,335.53335,233.82636,492.23978
1653,335.68137,233.8879,491.21522
1654,336.25388,233.30289,490.21818
1655,335.49842,233.05531,489.1908
1656,335.19563,232.17019,488.01131
1657,335.28661,231.43141,486.95429
1658,334.99972,230.74707,485.64527
1659,334.47458,229.89759,484.61656
1660,334.66493,229.14263,483.7769
1661,334.74608,228.54955,482.55003
1662,334.57788,228.03185,481.08756
1663,334.8487,227.81615,479.9492
1664,334.45239,227.56361,478.35504
1665,334.90093,226.83499,476.88981
1666,334.66797,226.70208,475.12235
1667,334.45695,226.8991,473.24558
1668,334.35411,226.22544,471.84348
1669,334.42303,225.54,470.63144
1670,334.38942,225.23619,468.71861
1671,333.4533,224.85976,467.30948
1672,333.3893,223.77737,465.86049
1673,332.98904,223.11534,464.36237
1674,332.98186,222.55132,462.36564
1675,332.56919,222.28746,460.85895
1676,332.9552,221.45122,458.82222
1677,333.0156,220.78419,456.96777
1678,332.87951,219.9739,455.10022
1679,332.55761,219.7597,453.49963
1680,333.04457,218.56481,451.87502
1681,333.10378,217.53941,450.28946
1682,332.66022,217.28205,448.69775
1683,332.04826,216.5059,446.94935
1684,331.95377,215.20305,445.50835
1685,332.32538,214.76791,444.03915
1686,332.89154,214.98964,443.17902
1687,332.12284,215.09324,441.91746
1688,331.85817,214.154,440.41779
1689,332.06047,213.60501,438.81505
1690,332.15461,213.05528,437.12732
1691,331.82409,212.67026,436.02913
1692,331.90198,211.89096,434.83413
1693,331.58979,210.97043,433.24649
1694,331.30898,210.26474,432.395
1695,331.30619,209.36644,431.05907
1696,331.49656,208.1817,430.0362
1697,331.03668,208.0318,428.61679
1698,331.54631,207.42336,427.34906
1699,330.99327,207.68694,426.17156
1700,330.84811,206.69168,425.35349
1701,331.18389,206.22357,424.07629
1702,331.25147,205.65067,422.85518
1703,331.36772,205.8989,421.52917
1704,331.10771,205.19863,420.56757
1705,330.90187,205.4742,419.51899
1706,331.89456,205.43423,419.05547
1707,331.57195,205.64879,418.05456
1708,331.60579,204.98704,417.68982
1709,331.34856,204.53862,417.20466
1710,331.80342,204.11562,416.29747
1711,331.47798,204.23753,414.79146
1712,331.5372,203.65067,413.55197
1713,331.76438,203.27066,412.05852
1714,332.61289,202.86894,411.08153
1715,332.00955,203.31266,410.27741
1716,331.98259,202.13952,409.42991
1717,332.74422,201.79701,408.5455
1718,333.79166,200.28951,407.4232
1719,333.12339,200.10156,406.76346
1720,333.21875,199.52575,406.18644
1721,333.12321,199.73316,405.51739
1722,333.55597,199.57465,405.04589
1723,333.194,199.28505,404.32012
1724,333.99914,198.76925,403.15272
1725,334.11868,198.15332,402.50872
1726,334.3074,197.62614,402.24683
1727,334.41893,197.47001,401.5249
1728,334.00067,197.23519,401.33539
1729,333.80328,196.70279,400.99707
1730,333.91014,195.96773,400.50709
1731,333.71275,195.27785,399.99276
1732,333.85813,195.07,399.72262
1733,333.39845,195.30174,399.81258
1734,333.21403,194.8726,399.85159
1735,332.46308,194.90396,399.44725
1736,332.21888,193.58641,399.68438
1737,331.76277,193.22418,399.42375
1738,331.75902,192.56379,399.17365
1739,330.77663,192.56101,398.33557
1740,330.85396,191.8585,398.41923
1741,330.64056,191.26946,397.98059
1742,330.44828,190.56259,398.39508
1743,329.31963,190.70707,398.49744
1744,328.80692,190.11823,398.36512
1745,329.32682,189.91133,398.2483
1746,329.23294,189.42901,398.35691
1747,328.3787,189.22998,398.0214
1748,328.25835,189.24291,397.81238
1749,328.12527,189.2146,397.87936
1750,327.69644,189.40515,398.09996
1751,328.08684,189.32057,398.17189
1752,327.83514,189.23698,398.3321
1753,327.72128,189.32884,398.53112
1754,327.2373,188.77414,398.88091
1755,326.68812,188.69327,399.11026
1756,327.38882,188.23697,398.94394
1757,327.58006,188.60727,399.13774
1758,327.37992,189.25442,399.03571
1759,327.23048,189.43812,399.18907
1760,327.77175,189.78236,399.56719
1761,327.4196,190.0733,399.80557
1762,327.31115,189.85815,400.10459
1763,326.83865,190.16584,400.20226
1764,326.59528,190.35188,400.43695
1765,326.2333,190.57133,400.69382
1766,325.26842,190.39525,401.11574
1767,324.95642,190.08099,401.65681
1768,324.41834,189.52323,402.17158
1769,323.61728,189.86045,402.58318
1770,323.37339,190.17602,403.31128
1771,322.56378,190.62587,403.76357
1772,322.80774,190.32488,403.91389
1773,322.84402,190.83862,403.85181
1774,323.61902,191.42099,404.17446
1775,323.0538,191.90563,404.28877
1776,323.42886,191.93344,404.60387
1777,322.96594,193.08648,405.00646
1778,322.66201,193.44566,405.50916
1779,322.48195,193.9023,406.08596
1780,323.02318,194.19366,406.23557
1781,322.57312,195.18593,406.43779
1782,322.58119,195.24208,406.74028
1783,322.65492,195.17542,406.8373
1784,322.88148,195.48663,407.03779
1785,322.40549,196.16604,407.60676
1786,323.16561,196.52117,408.29261
1787,322.2378,196.45828,408.98328
1788,323.17602,195.91973,409.73663
1789,323.24944,196.53118,410.11765
1790,322.62843,196.42703,410.55237
1791,322.03954,196.19899,411.42588
1792,322.03428,195.28369,412.01355
1793,321.74314,195.28718,413.19174
1794,321.88502,195.43783,414.01599
1795,321.99355,195.25308,414.80801
1796,321.33054,195.59906,415.54625
1797,321.48125,195.76888,416.23231
1798,321.90443,195.82828,417.15938
1799,321.56208,196.23373,418.81459
1800,321.81206,195.96171,420.31808
1801,322.26329,196.54353,421.68302
1802,322.32073,196.44804,423.30541
1803,322.25076,196.94527,425.09912
1804,322.22497,196.5646,427.03606
1805,322.29163,196.70947,428.93569
1806,323.53565,195.94897,431.23921
1807,322.61565,196.18769,433.67961
1808,323.07532,195.85053,436.07235
1809,322.24293,196.5693,438.43007
1810,322.56725,196.40001,441.60913
1811,322.22898,196.80876,444.27675
1812,322.82994,196.42556,447.61419
1813,322.94696,197.12705,450.77412
1814,322.86038,196.80642,454.60142
1815,322.20281,196.73401,458.00507
1816,322.30104,195.76766,461.72006
1817,322.26521,195.93076,464.67004
1818,322.40215,195.58575,468.85288
1819,321.21796,196.36346,473.38624
1820,322.34923,196.08706,478.7482
1821,322.04053,196.77762,484.15328
1822,322.5077,196.54795,489.35488
1823,322.39402,196.71584,494.66289
1824,322.79939,196.14219,499.72634
1825,322.66168,196.41809,504.92503
1826,322.34754,196.50256,510.81514
1827,321.43909,196.69261,516.67281
1828,321.40049,196.18126,523.26637
1829,321.798,196.17935,530.52795
1830,321.51433,195.65438,537.65056
1831,321.61472,195.01148,544.70878
1832,321.71612,194.72466,552.21493
1833,321.87909,194.38452,560.32825
1834,322.0657,193.7613,568.60374
1835,321.78065,193.49666,576.54487
1836,322.17473,192.76108,585.0549
1837,322.29147,193.2685,593.9643
1838,322.21482,192.85366,602.6508
1839,322.06786,192.54642,611.77391
1840,322.59559,191.78927,621.69365
1841,322.44457,191.79767,631.08444
1842,322.26912,191.72741,641.08067
1843,322.17273,191.84422,651.26105
1844,323.05172,191.522,661.87409
1845,323.12314,191.65803,672.42794
1846,323.17591,191.86056,683.24723
1847,323.19206,192.17014,694.25036
1848,324.1636,191.90754,705.20569
1849,324.08502,191.44924,716.68095
1850,324.64352,190.80484,727.94735
1851,324.92943,190.03245,739.44396
1852,325.03049,189.59734,750.98409
1853,325.00647,189.28069,762.76475
1854,325.09736,188.62688,774.60787
1855,325.37118,188.55608,786.13231
1856,326.26491,188.15671,797.83654
1857,325.46577,188.83149,809.54048
1858,325.14518,187.95516,820.75613
1859,324.71277,187.31237,831.68307
1860,324.95041,187.27932,842.8308
1861,323.77876,187.50622,853.9896
1862,323.79456,187.22608,865.3866
1863,324.0991,187.7274,876.48526
1864,324.42866,187.64082,887.71501
1865,324.38599,187.97616,898.98111
1866,324.24557,187.44178,910.13029
1867,324.48275,187.76758,921.17757
1868,324.06812,187.83203,931.463
1869,323.5968,188.55897,941.96836
1870,323.95571,188.80606,952.44599
1871,323.9268,189.05822,963.04923
1872,324.60531,188.90213,973.15368
1873,324.61625,189.36431,983.45498
1874,324.82353,188.9193,993.7501
1875,324.57042,188.9597,1003.46541
1876,324.70331,188.84811,1013.12832
1877,324.25842,188.74981,1022.5328
1878,324.43424,188.06916,1031.70375
1879,324.73787,188.33829,1040.71864
1880,324.91392,187.92492,1049.74981
1881,323.97261,188.31614,1058.95571
1882,324.10511,187.58613,1067.45481
1883,323.22062,187.95763,1076.48032
1884,323.05967,187.65251,1084.81951
1885,322.29383,188.04314,1093.20023
1886,322.52225,188.21467,1101.16275
1887,321.26598,188.44379,1108.94967
1888,321.17948,188.08384,1116.61158
1889,318.84702,188.40172,1123.59019
1890,318.78247,188.02452,1130.87423
1891,318.25976,188.29603,1137.84089
1892,318.34171,188.22519,1144.8897
1893,318.24924,189.13377,1152.33063
1894,318.53289,189.0419,1158.66411
1895,317.76159,189.36981,1164.62353
1896,317.41705,189.81438,1170.24187
1897,318.14045,189.72998,1175.5888
1898,318.08549,190.06776,1181.49427
1899,317.79472,190.24244,1187.1625
1900,318.2815,190.39314,1192.58714
1901,317.91692,190.73171,1197.98896
1902,318.22584,190.80072,1203.66861
1903,318.1469,191.4876,1208.44422
1904,318.50501,191.52243,1212.78093
1905,318.50861,191.89665,1216.61732
1906,318.20739,191.40874,1221.05395
1907,317.50114,192.10953,1225.55973
1908,318.07104,192.11125,1229.70954
1909,317.24583,192.68806,1233.73001
1910,317.99027,192.57468,1237.85195
1911,317.8471,193.21717,1241.59679
1912,318.19326,193.80139,1245.08602
1913,317.65068,194.5491,1248.67614
1914,317.82776,194.61119,1252.1171
1915,318.31785,195.39489,1254.91501
1916,318.97491,195.35981,1257.98021
1917,319.16929,195.53386,1261.47983
1918,319.2858,195.53092,1264.09497
1919,319.1427,195.58945,1267.05057
1920,319.89038,195.36104,1269.55672
1921,319.0486,195.13075,1272.4765
1922,319.40861,194.78336,1274.74443
1923,319.54588,194.26024,1277.20738
1924,320.31658,193.65913,1279.2692
1925,320.08952,194.4168,1280.53299
1926,320.13626,193.4193,1281.68371
1927,319.84729,193.06807,1282.82566
1928,320.56388,192.3205,1283.54258
1929,320.13321,192.33872,1284.25776
1930,320.30985,191.57667,1284.44028
1931,320.82333,191.68284,1284.92902
1932,320.95665,191.85941,1284.89562
1933,320.30221,192.63281,1284.94065
1934,319.88468,192.41961,1284.55944
1935,320.17861,192.04949,1284.65343
1936,320.80833,192.21461,1284.23021
1937,320.17003,192.10421,1283.51643
1938,320.26884,191.21379,1282.77527
1939,320.60855,191.34407,1281.74039
1940,321.3193,191.30869,1280.83428
1941,321.17378,191.89978,1278.90198
1942,321.4812,190.60808,1277.20016
1943,322.20576,190.28385,1275.14528
1944,322.41819,189.83257,1273.25665
1945,321.71539,189.8401,1271.04179
1946,321.97387,188.75483,1268.26119
1947,321.54036,187.5261,1265.57259
1948,321.94897,186.82742,1263.03074
1949,320.99067,186.5583,1260.02195
1950,320.94862,185.71359,1256.88191
1951,320.54082,185.91873,1253.8512
1952,320.32914,185.64579,1249.94834
1953,320.22649,185.68789,1246.29073
1954,320.41657,185.18111,1242.53489
1955,320.43165,185.34606,1238.3074
1956,320.33538,185.40693,1233.74954
1957,319.56306,185.774,1229.09127
1958,319.7745,184.73451,1224.01956
1959,319.01292,185.40835,1218.10845
1960,319.07115,185.38325,1212.03733
1961,318.77625,185.53314,1205.54352
1962,319.65668,185.63831,1198.67797
1963,318.92317,185.91558,1191.2857
1964,318.49126,185.21179,1183.30104
1965,318.44046,185.29275,1175.70106
1966,318.00775,184.74326,1167.2352
1967,317.66053,184.94207,1158.28505
1968,317.759,184.63564,1149.38009
1969,318.10405,185.3681,1139.90735
1970,317.87734,184.03653,1130.0466
1971,317.57998,183.58846,1119.59637
1972,317.52798,183.52247,1108.68792
1973,316.94366,183.1653,1097.59823
1974,316.67292,182.63936,1085.96636
1975,316.12902,183.38519,1073.69572
1976,315.66991,183.53728,1061.78646
1977,315.15623,184.10527,1049.52993
1978,314.82653,184.12553,1036.69487
1979,314.35748,184.20294,1023.49519
1980,314.10286,184.2186,1010.03701
1981,313.51053,184.81796,996.13767
1982,313.88824,184.59672,981.85635
1983,313.43561,185.22343,967.53104
1984,313.89203,185.255,952.99538
1985,313.58091,186.14292,938.11807
1986,313.58424,185.82571,922.93174
1987,313.03906,185.99042,907.87034
1988,313.3251,185.24729,892.54582
1989,313.03273,185.68103,877.38909
1990,315.05401,185.99126,861.87167
1991,314.33754,186.35129,846.79996
1992,314.87948,186.50245,831.50405
1993,314.92153,187.00291,815.80397
1994,314.83751,186.64557,800.66649
1995,314.37602,187.12687,784.82002
1996,314.85331,187.00354,769.04103
1997,315.19676,186.72985,753.31488
1998,314.7738,186.93662,737.70062
1999,314.4452,187.40825,721.91859
2000,314.73952,187.72211,706.3372
2001,314.21862,187.82054,691.29471
2002,314.65378,188.36616,676.72116
2003,314.38424,188.93217,661.89484
2004,314.81032,188.83288,647.49776
2005,314.43591,189.18984,632.94545
2006,314.50169,188.94165,619.11443
2007,315.04725,189.93664,605.51534
2008,314.34185,189.32619,592.71735
2009,313.79527,189.35738,579.76293
2010,314.2079,189.09067,567.69834
2011,313.86563,189.39598,555.67921
2012,314.02774,189.21295,544.62841
2013,314.06987,188.62129,533.3903
2014,314.77625,187.884,522.18564
2015,314.49648,187.80732,511.46106
2016,314.08864,186.58828,501.81102
2017,313.65171,186.57657,492.45283
2018,313.48804,186.06097,483.3683
2019,313.16814,186.50268,474.82195
2020,313.08883,185.8499,466.98019
2021,312.6553,185.60154,459.39198
2022,313.62463,185.6405,452.58356
2023,313.39337,185.55085,445.66206
2024,313.53114,185.17133,439.43467
2025,312.89591,185.51175,433.21697
2026,313.11431,184.49705,427.26957
2027,312.68138,184.62184,422.00175
2028,313.244,184.38831,417.47188
2029,313.02419,184.61943,412.95434
2030,313.36201,184.09497,408.59062
2031,313.19387,183.9756,404.72378
2032,313.09995,183.42337,400.91849
2033,312.38473,183.24448,397.51926
2034,313.07962,182.14519,394.76488
2035,313.74447,181.66748,391.94872
2036,312.95572,181.25704,389.83805
2037,312.66869,180.57513,387.45229
2038,313.67743,180.2754,385.67953
2039,313.55092,180.58213,383.25435
2040,313.46176,180.01228,381.79764
2041,313.04126,179.65574,379.94866
2042,313.40117,178.65167,378.81166
2043,313.40612,179.41648,377.72668
2044,312.84121,179.01028,376.64735
2045,313.04389,178.98015,375.9343
2046,313.9098,178.2448,375.65173
2047,313.77952,178.62561,374.8228
2048,314.01818,178.94868,374.21333
2049,313.49711,179.02526,373.65677
2050,314.41405,179.16092,373.97349
2051,314.85268,179.6319,373.8314
2052,315.12334,179.34479,373.81668
2053,315.68298,179.42341,374.01457
2054,315.72365,179.08326,374.57126
2055,315.79737,179.70739,374.83883
2056,315.24436,179.46579,375.84726
2057,314.70218,179.52028,376.55283
2058,314.54318,179.06499,377.24112
2059,314.09009,179.34341,378.582
2060,314.61322,179.35372,379.49457
2061,314.473,179.58312,380.62951
2062,315.70623,179.16095,382.2548
2063,314.90971,179.32032,383.7512
2064,315.57068,178.6853,385.27789
2065,314.98286,179.29702,386.75682
2066,314.67862,179.03568,388.1058
2067,314.09372,179.44302,389.99568
2068,314.41645,179.02679,392.14719
2069,314.02322,179.12183,393.78365
2070,313.33735,177.69895,395.62013
2071,312.91256,178.40361,397.62567
2072,312.92828,178.31136,399.65608
2073,312.93269,178.01684,401.56137
2074,313.38798,178.00701,403.53921
2075,312.74517,179.23675,405.7093
2076,312.87226,179.2032,407.99512
2077,312.16799,179.67073,410.37924
2078,312.51776,178.6867,413.0107
2079,312.68562,179.57915,415.71616
2080,312.56477,179.58681,418.63873
2081,312.28889,179.53246,421.3464
2082,312.36814,179.27495,424.41541
2083,311.6016,179.3875,426.96321
2084,312.33249,178.35071,429.90119
2085,311.87934,178.83692,432.65939
2086,311.90841,178.94736,435.64415
2087,311.4016,179.67597,438.33722
2088,311.60676,179.77681,441.65896
2089,311.32244,180.64121,444.51829
2090,311.95914,180.92015,447.71102
2091,311.21886,181.23605,450.58618
2092,311.48894,180.81346,453.79141
2093,312.36099,180.59383,456.73087
2094,311.83506,180.96416,459.75481
2095,311.35629,181.67474,462.79659
2096,311.42706,181.52135,466.0595
2097,310.89494,181.87449,469.05456
2098,310.22323,182.80392,472.59845
2099,310.59406,182.85506,475.50003
2100,310.8631,182.75756,478.89482
2101,310.73303,182.78446,481.95178
2102,310.96436,182.68737,484.84064
2103,310.45927,182.16086,487.52298
2104,310.26835,181.4854,490.10789
2105,309.51027,181.28272,493.19172
2106,309.55751,180.5477,495.83862
2107,309.12306,180.551,498.81666
2108,308.61456,179.85656,502.09826
2109,308.83692,180.1304,504.6703
2110,309.46632,180.58447,507.54009
2111,309.56388,180.56797,510.13802
2112,309.749,179.99464,512.82845
2113,309.84465,179.42891,515.43924
2114,309.78726,179.22414,518.27753
2115,309.2627,179.5331,521.03592
2116,309.51679,178.99325,523.53087
2117,309.19515,179.60959,525.88417
2118,309.34646,179.30346,529.07581
2119,309.29524,179.35886,531.6878
2120,310.20225,178.60333,534.20472
2121,310.21574,179.15318,536.48967
2122,310.53548,178.41397,539.37526
2123,310.12894,177.80107,542.46189
2124,309.87561,177.02766,545.25926
2125,308.83536,176.98022,547.8393
2126,308.98756,175.86039,550.82185
2127,308.05392,176.0143,553.5361
2128,308.59795,175.62802,555.67277
2129,307.60142,175.7044,557.75748
2130,307.48341,174.83629,559.82546
2131,307.26381,174.42631,561.8856
2132,307.03441,173.77259,563.90276
2133,306.85762,173.54802,566.06486
2134,307.69902,172.70093,568.22455
2135,307.28411,173.18516,569.72287
2136,307.3199,173.64416,571.83766
2137,308.73269,173.64124,573.79426
2138,309.55504,173.5662,575.39363
2139,309.38652,173.76302,577.32035
2140,309.59335,172.71658,578.71879
2141,309.52718,172.58487,580.36137
2142,309.74014,172.5406,581.82607
2143,308.52314,173.03798,583.48805
2144,308.77299,172.7663,584.47067
2145,309.0717,172.65117,585.42584
2146,309.05341,172.68741,586.8836
2147,308.58177,173.44444,587.78844
2148,309.21723,173.00709,588.98516
2149,309.6337,172.94589,590.13361
2150,310.32395,172.77933,591.24246
2151,310.11218,172.94212,591.79359
2152,309.74396,172.58261,592.77077
2153,309.86484,172.60972,593.53661
2154,309.71807,172.50393,593.71273
2155,309.28357,172.75105,593.51319
2156,308.94436,172.54379,593.64422
2157,308.62326,172.49991,593.67155
2158,308.87132,172.4668,593.31951
2159,308.84292,172.74931,593.50778
2160,309.59083,172.56868,593.68174
2161,309.39598,172.63739,593.2274
2162,309.7346,172.79058,592.93457
2163,308.62004,173.60066,592.43014
2164,309.39142,173.16798,591.97215
2165,308.97128,173.88575,591.66229
2166,309.81208,173.89927,591.19237
2167,309.46443,174.13847,590.72357
2168,309.56906,173.50817,589.92959
2169,309.83997,173.57388,589.46658
2170,309.80633,173.65989,588.49966
2171,310.08715,174.19001,587.7945
2172,310.52306,174.38046,587.05678
2173,310.48423,174.57715,586.03539
2174,310.82991,174.83775,584.67502
2175,311.13137,175.26349,584.13015
2176,312.03727,174.74589,582.49376
2177,312.23195,174.58379,581.80953
2178,313.36862,174.55919,580.97858
2179,313.59625,175.33455,579.97618
2180,313.77943,174.47939,579.44593
2181,314.32523,174.52611,578.50072
2182,315.03824,174.94728,577.72068
2183,315.44462,175.50258,577.01787
2184,315.93779,176.00965,576.57257
2185,315.57844,177.33076,576.3994
2186,316.92433,177.13955,576.10397
2187,316.98585,177.68306,576.20436
2188,317.49308,177.63125,576.47158
2189,317.23525,178.21494,576.36291
2190,317.86205,178.24288,576.46984
2191,317.397,178.55573,577.12996
2192,317.77411,178.77924,578.23974
2193,317.94298,179.25646,579.4656
2194,317.19347,179.56585,580.72058
2195,317.61868,179.75397,582.44151
2196,317.39336,179.69759,584.74931
2197,317.34165,179.90281,586.93037
2198,317.91389,179.59634,589.20926
2199,318.00555,179.68806,592.10359
2200,317.34716,179.85934,595.39113
2201,316.9663,179.1685,598.48931
2202,317.18112,179.32292,601.57368
2203,316.42196,180.12079,605.46033
2204,316.31483,180.44308,609.84372
2205,315.92242,180.44214,614.50702
2206,315.57471,180.66331,619.25365
2207,314.79225,180.91641,624.54646
2208,314.73764,180.82093,630.37095
2209,314.35587,180.85678,635.70424
2210,313.8094,181.10475,641.77111
2211,312.16195,180.99051,647.97203
2212,311.58691,180.52023,654.49913
2213,311.50114,180.54215,661.00804
2214,311.43463,180.72477,667.52452
2215,310.34342,180.96089,674.72979
2216,310.45798,180.55175,682.01294
2217,309.6067,180.54749,689.39855
2218,309.68083,180.30617,696.45658
2219,308.62583,179.98943,703.68123
2220,308.38348,179.41972,711.29526
2221,306.96899,179.10553,719.15789
2222,306.93727,178.33247,726.60961
2223,306.28259,179.28317,734.28641
2224,306.43491,179.06894,741.93936
2225,305.67715,179.27389,749.40211
2226,306.04164,179.09323,756.81718
2227,305.70415,179.68871,763.79718
2228,306.18431,179.09758,770.78237
2229,305.4278,178.96591,778.37791
2230,306.21601,178.41792,786.27873
2231,305.87293,178.53146,794.12614
2232,305.58815,178.53616,801.35683
2233,305.27556,178.44891,808.90214
2234,305.50519,178.76032,815.84379
2235,305.21755,179.40573,823.01946
2236,305.42926,178.78595,830.2593
2237,305.31654,177.73359,837.34444
2238,304.62929,177.45628,844.34815
2239,304.00979,177.12311,851.6641
2240,304.21507,176.38196,859.17261
2241,303.88962,176.90636,865.54445
2242,303.83682,176.12704,870.68909
2243,303.4705,176.25745,876.76168
2244,304.52237,175.84921,882.68936
2245,303.52667,175.85323,888.15755
2246,303.14332,175.85413,893.72665
2247,303.00125,175.1966,898.78943
2248,303.72767,174.48541,904.29552
2249,303.34181,174.9546,909.77643
2250,302.72032,174.77807,914.91551
2251,302.25163,174.82401,920.68916
2252,302.82754,174.48266,925.95462
2253,302.61804,175.09378,931.15585
2254,302.77684,174.87539,936.59454
2255,302.57588,175.26706,941.49926
2256,302.94346,175.11994,946.42722
2257,302.61325,175.20557,952.06685
2258,303.2045,175.39634,957.8848
2259,303.36615,175.71531,962.48257
2260,304.59054,175.06773,967.07771
2261,304.17782,175.60129,972.1117
2262,304.5933,175.36265,977.07009
2263,303.97831,175.25768,981.8565
2264,304.16442,174.70685,987.18021
2265,303.68887,174.61397,992.36612
2266,304.38992,174.05897,997.42217
2267,304.10105,173.62841,1002.66557
2268,304.2882,173.35012,1007.99393
2269,304.68255,173.08475,1013.01411
2270,304.49901,172.70328,1018.34149
2271,304.9328,172.39201,1023.41628
2272,305.42352,171.72324,1028.59909
2273,305.0632,171.79339,1033.82047
2274,305.64005,171.8873,1038.5652
2275,305.58958,172.18708,1042.71173
2276,305.64657,172.54348,1047.4414
2277,305.50542,172.95717,1051.91242
2278,306.08627,173.456,1056.12729
2279,305.92831,173.50372,1060.43293
2280,306.02497,173.74398,1064.609
2281,306.25659,174.36157,1068.63114
2282,305.92234,174.74663,1072.16064
2283,306.22316,174.49453,1075.49598
2284,306.04034,174.1805,1078.55126
2285,305.85834,174.28308,1081.64439
2286,305.86491,173.69286,1084.80444
2287,304.85102,173.75065,1087.55737
2288,305.04696,173.26739,1090.15283
2289,304.85029,173.85419,1092.43217
2290,305.04317,173.25259,1094.65196
2291,304.6643,173.16907,1096.33701
2292,305.21788,172.99904,1098.31052
2293,304.83874,173.19096,1099.76401
2294,304.55928,173.24498,1101.33015
2295,304.09101,173.53026,1103.16556
2296,303.13778,173.16069,1104.97837
2297,302.88534,173.44993,1106.56106
2298,302.79908,173.13928,1107.40223
2299,301.8522,173.69598,1108.28197
2300,301.61442,173.44536,1109.18473
2301,301.46667,173.90546,1110.27533
2302,301.19657,174.89242,1111.66746
2303,300.18061,175.19304,1112.87365
2304,300.22032,175.03754,1114.25476
2305,300.01987,175.16009,1115.00619
2306,299.95202,175.33314,1115.95549
2307,300.01716,175.43907,1116.4025
2308,300.06258,175.03365,1116.80137
2309,299.4592,175.31577,1117.44683
2310,298.86159,175.12683,1117.86903
2311,298.4282,174.82102,1117.68356
2312,299.23753,174.60072,1117.71975
2313,299.68859,174.68084,1117.60075
2314,299.85339,174.81994,1117.11826
2315,299.60885,175.44786,1115.75049
2316,300.46456,175.05868,1113.84252
2317,300.00326,175.66617,1112.15725
2318,300.71499,175.08098,1111.36618
2319,300.76738,175.15383,1109.07325
2320,301.33531,175.41712,1106.64741
2321,300.99761,175.70864,1104.78843
2322,301.13964,175.44651,1102.4922
2323,301.1953,175.66539,1099.93847
2324,301.57414,174.68202,1096.70081
2325,300.73637,174.76786,1093.18775
2326,301.41271,174.15145,1089.15456
2327,301.65791,174.26751,1084.33089
2328,302.16905,173.657,1079.34008
2329,301.85767,173.69436,1074.01481
2330,302.31758,172.87567,1068.29395
2331,302.31629,172.59233,1062.19405
2332,302.89332,171.63717,1055.88304
2333,302.59951,171.47755,1048.5088
2334,302.69343,171.23007,1040.27864
2335,302.49767,170.60518,1032.50492
2336,302.74281,169.70593,1024.27321
2337,303.05692,169.52041,1015.314
2338,303.06848,169.60774,1005.8805
2339,303.38593,169.21407,996.07759
2340,304.12762,169.08198,985.93914
2341,303.68686,169.45823,975.62181
2342,303.9337,168.86487,964.94615
2343,304.27562,169.30243,953.72994
2344,304.41501,168.94824,942.49338
2345,303.95763,168.84963,930.77589
2346,304.87457,168.52273,918.78793
2347,305.55785,168.6236,906.27835
2348,306.14226,168.87534,893.48994
2349,305.70114,169.67928,880.55082
2350,306.13326,169.09481,867.63751
2351,306.69389,169.44353,854.62725
2352,307.6898,169.28133,841.2552
2353,306.7589,169.71268,827.71743
2354,307.2948,168.91298,814.35341
2355,306.93598,169.22711,800.71132
2356,306.95238,168.72988,786.91713
2357,306.56522,168.71883,773.15587
2358,306.82036,168.43651,760.0195
2359,306.99835,168.49119,747.00201
2360,306.88884,168.08112,734.31497
2361,306.10873,168.77903,721.77336
2362,306.83859,167.94577,709.004
2363,306.69064,167.93978,696.89722
2364,307.41819,167.93531,685.20589
2365,307.10533,167.99028,674.12152
2366,307.89353,168.06763,663.17008
2367,307.28586,168.34967,652.68771
2368,307.47266,168.44207,642.05671
2369,307.78865,168.85511,632.20743
2370,307.99182,169.01933,622.38466
2371,308.05632,169.62148,612.88845
2372,307.71293,169.60261,603.39112
2373,307.37842,170.51746,594.61551
2374,307.6583,169.88363,586.2395
2375,307.1936,169.96162,578.52671
2376,307.3497,170.28088,571.19772
2377,306.95233,169.76076,563.98182
2378,307.4184,169.48085,557.19964
2379,307.15152,169.72996,550.29365
2380,307.60248,169.54775,543.61466
2381,307.68712,169.50976,537.27449
2382,306.96678,169.5475,531.01228
2383,307.46539,169.7016,525.25003
2384,307.42176,169.52077,519.62489
2385,307.54965,169.76408,514.33995
2386,307.79163,170.01036,509.0566
2387,307.39072,170.72692,504.30058
2388,308.28426,171.04258,499.10172
2389,308.35763,171.46685,494.36764
2390,308.53997,171.19738,489.23954
2391,308.75947,171.83458,484.17165
2392,309.43689,172.80255,479.19951
2393,309.12319,173.70705,474.45132
2394,309.35361,173.42603,470.08684
2395,309.84706,173.51957,465.91063
2396,309.9763,173.24942,461.32204
2397,310.06897,173.63699,456.86932
2398,310.28083,173.02319,452.10414
2399,310.2474,173.38372,447.86535
2400,311.32237,173.20809,443.46433
2401,310.91023,173.55088,439.13806
2402,310.97395,173.71471,434.67714
2403,311.01145,173.59563,430.02219
2404,311.57363,173.40508,425.13998
2405,311.53628,173.64841,420.55245
2406,311.56474,173.23197,415.80691
2407,311.44321,173.66752,411.12969
2408,311.4075,173.6281,406.58378
2409,310.75582,174.35876,402.04914
2410,311.04576,174.04515,397.58966
2411,311.54528,174.06141,392.94517
2412,312.20629,173.71994,388.26172
2413,311.61351,174.12725,383.95003
2414,311.34383,174.08544,379.76603
2415,310.99737,173.90586,375.14091
2416,310.86037,173.22248,371.10457
2417,309.89567,173.55526,367.14773
2418,310.19311,172.79801,363.14284
2419,309.34163,173.3868,358.91783
2420,309.47106,172.66061,354.3835
2421,309.02226,172.20494,350.29159
2422,309.35081,171.42545,346.20412
2423,309.33805,171.06571,342.51086
2424,308.67709,170.12067,338.50332
2425,308.22162,169.97679,334.99178
2426,308.94989,168.90668,331.27002
2427,308.65699,168.81986,327.99014
2428,309.0818,168.28538,324.58027
2429,308.49503,168.20435,321.31466
2430,308.96761,167.77872,318.04626
2431,308.97671,168.03906,315.06068
2432,309.2303,168.13709,312.10397
2433,308.95677,168.72619,309.00306
2434,309.14301,168.23639,305.8957
2435,309.61171,168.04765,302.7379
2436,309.3945,167.53728,299.56308
2437,309.26462,167.06073,296.55199
2438,309.46287,166.33057,293.65632
2439,308.81266,166.26401,290.46703
2440,308.92427,166.57524,287.599
2441,308.56758,166.40897,284.34509
2442,308.73178,165.71348,281.44848
2443,308.73158,166.09631,278.46037
2444,308.6147,165.76765,275.72001
2445,308.22261,165.81613,273.14264
2446,308.54436,165.67815,270.299
2447,307.97424,165.7773,267.53
2448,308.07315,165.63476,264.77527
2449,307.77776,165.55013,262.36413
2450,307.78372,164.46632,259.81872
2451,307.10402,164.69192,257.38177
2452,307.30902,164.29545,254.48412
2453,306.3968,164.24107,251.94985
2454,306.97649,163.90596,249.27093
2455,306.69958,164.31285,246.75733
2456,306.8688,164.5601,244.14702
2457,306.85044,164.72542,241.62222
2458,306.88586,164.54017,239.00332
2459,307.16619,164.35669,236.82896
2460,307.10053,164.66885,234.61997
2461,306.93597,164.50249,231.96084
2462,307.15459,164.46419,229.32366
2463,306.86389,165.46103,226.9123
2464,308.03182,165.80183,224.77678
2465,307.38905,166.56715,222.63426
2466,308.75435,166.79393,220.7922
2467,308.16921,167.31611,218.70253
2468,308.19213,167.39036,217.2951
2469,307.71046,167.5595,215.78758
2470,307.46864,167.49962,213.98128
2471,306.91425,167.50367,212.45741
2472,306.75566,167.31899,211.13958
2473,306.75059,167.90592,209.53003
2474,306.74688,167.80242,207.70614
2475,307.16961,168.46526,205.63351
2476,307.22912,168.77865,203.74475
2477,307.07956,168.47061,202.5096
2478,307.34021,169.56226,200.87806
2479,307.41265,170.08181,199.63902
2480,308.0522,170.37716,198.71675
2481,307.62762,171.24212,197.67788
2482,307.79172,171.29652,196.59719
2483,308.89291,171.49863,195.80272
2484,309.36322,171.52033,194.44409
2485,309.32579,172.34727,193.46174
2486,309.96075,172.88566,192.49943
2487,310.11664,173.03766,191.70235
2488,310.56596,173.09831,191.27517
2489,310.27335,173.08817,190.99402
2490,310.96611,173.00855,190.67079
2491,311.79419,174.03015,190.12497
2492,312.24289,173.99463,189.71772
2493,312.18508,174.03428,188.97745
2494,312.26046,173.74845,188.60369
2495,311.78253,173.99091,188.47506
2496,311.51296,174.30682,188.30768
2497,311.61066,174.79172,188.19309
2498,311.68395,174.39374,187.99456
2499,312.05917,174.88909,188.14119
2500,312.02299,174.96445,188.05741
2501,310.59049,174.92829,187.9507
2502,310.96896,174.93075,187.34907
2503,310.63062,175.10208,186.78374
2504,310.5014,175.44166,186.76456
2505,309.85442,175.66813,186.53733
2506,310.00073,174.98066,185.8023
2507,309.83348,175.58782,185.24845
2508,308.67891,174.93097,184.99746
2509,307.6588,174.1505,184.88752
2510,308.54698,173.98419,184.84955
2511,307.8864,174.207,184.5553
2512,307.33508,173.75344,184.11545
2513,307.35787,173.8155,183.8642
2514,307.75521,172.62153,183.35673
2515,308.00386,172.39265,183.17998
2516,307.77964,172.74305,182.67574
2517,307.20637,172.60803,182.31785
2518,307.78051,172.15129,181.72407
2519,307.38929,172.02576,181.34403
2520,307.57423,171.25925,180.99262
2521,307.31454,171.09269,180.54984
2522,307.32398,170.40584,180.65304
2523,307.23003,170.32385,180.1888
2524,306.77891,169.69688,179.79686
2525,306.86862,169.85382,179.32607
2526,306.87564,169.38907,179.31071
2527,306.07994,169.44769,179.083
2528,306.40188,169.35814,178.17869
2529,305.89973,169.54832,177.70383
2530,305.80761,169.29237,177.2807
2531,305.27004,169.28247,176.35731
2532,304.81951,168.19739,175.94524
2533,303.95538,167.42881,175.68401
2534,304.16856,166.96749,175.3963
2535,303.1826,167.08061,175.16697
2536,302.96122,166.41807,175.05973
2537,303.32337,166.53043,175.38287
2538,303.737,166.01712,174.72603
2539,303.30695,166.7768,174.1054
2540,303.92468,166.81625,173.35958
2541,303.1454,166.73072,171.72816
2542,303.35664,166.82444,171.02591
2543,303.20429,167.17678,170.25713
2544,303.22257,165.89974,169.60595
2545,302.95464,166.42586,168.84893
2546,303.226,166.54265,168.55934
2547,303.03842,167.09006,167.66515
2548,303.33857,167.22657,167.16904
2549,302.83618,167.4984,166.8414
2550,302.49515,168.0294,166.97443
2551,302.13774,168.61099,166.91248
2552,302.83244,169.34792,166.27617
2553,302.75483,169.80504,166.14148
2554,303.40546,170.45328,165.61562
2555,303.5583,170.92434,165.36022
2556,303.86775,171.19872,164.7473
2557,303.78277,171.56828,164.55295
2558,304.18336,171.45493,164.42369
2559,304.51128,172.41126,164.42593
2560,304.44896,173.08086,164.69594
2561,304.38276,173.26334,164.72394
2562,304.92628,173.7912,164.87166
2563,304.78728,174.53441,164.63544
2564,304.92534,174.31393,164.70881
2565,304.03362,174.71954,164.685
2566,303.92934,174.74798,164.58659
2567,302.93848,174.80622,164.74055
2568,302.8964,174.49185,165.39049
2569,303.19231,174.59512,165.86951
2570,303.72218,174.70343,166.50489
2571,303.67326,174.655,166.74102
2572,303.92407,174.87767,167.22666
2573,303.97216,174.84513,167.08219
2574,303.31142,174.75202,167.04783
2575,303.32982,175.62947,167.47764
2576,303.52968,175.68391,168.07674
2577,303.88343,176.23382,168.17605
2578,304.35284,176.69786,168.3585
2579,304.41497,176.64406,168.02583
2580,304.50919,176.58609,167.77738
2581,303.57974,176.67849,168.00906
2582,304.10102,176.09703,168.52611
2583,304.08099,176.21465,168.83022
2584,304.58243,176.16543,168.71211
2585,304.45897,176.77145,168.33816
2586,304.85978,176.48779,168.17778
2587,304.63924,176.66688,167.85005
2588,304.48949,176.00914,167.78506
2589,304.78837,175.68238,167.75767
2590,305.31838,175.48265,167.903
2591,305.13146,175.75345,168.3871
2592,304.99555,175.21329,168.50515
2593,304.56013,175.3427,168.96238
2594,304.77438,174.97536,169.59443
2595,304.91145,174.8875,169.9197
2596,305.73121,175.00048,170.26261
2597,305.91835,174.79895,170.33757
2598,306.50367,174.2878,170.58758
2599,306.76787,174.76248,170.8347
2600,306.50715,173.95845,170.74883
2601,306.19413,173.62776,171.11595
2602,307.89222,173.05702,171.40947
2603,307.68054,172.96892,171.31921
2604,308.34899,172.36495,171.94791
2605,308.82138,171.87738,172.45758
2606,309.25467,171.12022,173.17773
2607,308.88704,171.10286,173.52842
2608,308.8613,170.23211,173.61984
2609,309.48107,170.09789,173.74985
2610,310.34096,170.29776,173.74063
2611,309.502,169.97948,173.52585
2612,309.71078,169.02106,173.09108
2613,309.8935,169.0061,172.36921
2614,309.47118,168.70674,172.26559
2615,308.94343,169.27461,171.92364
2616,308.02045,169.25333,172.8537
2617,308.13794,168.22096,173.0136
2618,307.97739,168.18505,173.78344
2619,307.08671,167.94023,174.04167
2620,306.6435,167.51448,174.46421
2621,306.11055,167.36787,175.09049
2622,305.56248,167.06996,174.82753
2623,305.00442,167.16293,175.01628
2624,304.56573,166.90979,175.16324
2625,304.56472,167.52777,175.43345
2626,304.84634,167.15104,175.31551
2627,304.61698,167.90061,175.05544
2628,304.75649,168.08306,174.95436
2629,304.79597,167.67177,174.92406
2630,305.00381,167.3427,174.50841
2631,304.73234,168.10284,174.82543
2632,304.67532,168.44942,175.19564
2633,304.50746,169.59718,175.57916
2634,305.16932,169.82511,175.65163
2635,304.78411,170.50193,175.60235
2636,305.68793,170.87418,175.92079
2637,305.28035,171.40658,175.84715
2638,305.67197,171.55739,175.28032
2639,305.53609,173.08731,175.0065
2640,305.7438,172.38668,173.56596
2641,304.98502,172.53001,173.70998
2642,305.40754,172.8681,173.0802
2643,304.31626,173.27083,172.87527
2644,304.07278,172.86464,172.16689
2645,303.46929,174.17297,171.61436
2646,303.45209,174.22061,171.10834
2647,302.88301,174.82402,170.65787
2648,302.66961,174.77427,170.02061
2649,302.43431,174.94122,170.44642
2650,302.48332,174.77483,170.06856
2651,303.20668,174.28958,169.24912
2652,303.52529,174.55912,168.01174
2653,303.11104,174.29943,167.10965
2654,302.84541,174.21426,166.92599
2655,303.0653,173.93588,166.35527
2656,303.30297,173.85475,166.14314
2657,303.26864,174.36022,165.81732
2658,302.65531,173.91909,165.38459
2659,302.04066,174.87096,164.8823
2660,301.62293,174.48376,164.51129
2661,301.62574,174.31309,164.46771
2662,301.56149,174.13993,164.37994
2663,301.11699,174.16918,164.50538
2664,300.43461,173.90258,164.40908
2665,299.77834,174.05774,164.54856
2666,299.63181,173.41792,164.50238
2667,299.90443,173.30854,165.31357
2668,299.11192,173.66522,165.81637
2669,298.77578,173.69036,166.33321
2670,298.57588,173.49953,166.19553
2671,297.88885,173.73218,166.62485
2672,297.64206,173.2653,166.35061
2673,297.17236,173.16117,166.68335
2674,296.78346,173.04299,167.26303
2675,297.09331,172.92124,168.23971
2676,296.87426,171.98124,168.29239
2677,296.59935,171.93424,168.51732
2678,297.1404,171.47088,167.95183
2679,296.72139,171.7103,168.43157
2680,296.4431,171.08535,168.02385
2681,296.80512,170.37987,168.08876
2682,297.88345,169.41835,168.42566
2683,297.38393,169.74273,168.75267
2684,297.69924,169.26686,168.55219
2685,297.09319,169.08495,168.17778
2686,297.3261,168.39892,167.85005
2687,297.323,168.11445,167.78506
2688,297.4615,167.2493,167.75767
2689,298.24604,167.29693,167.903
2690,298.74426,167.15532,168.3871
2691,298.48703,167.97519,168.50515
2692,298.75229,168.10311,168.96238
2693,299.43064,167.88845,169.59443
2694,300.39878,167.50266,169.9197
2695,300.5646,167.5249,170.26261
2696,300.68693,167.06648,170.33757
2697,300.54681,165.8612,170.58758
2698,301.08313,165.58548,170.8347
2699,300.30757,165.60133,170.74883
2700,300.26666,165.21192,171.11595
2701,300.41987,165.82149,171.40947
2702,300.54731,166.03084,171.31921
2703,299.72073,166.62392,171.94791
2704,300.4289,166.152,172.45758
2705,300.11915,166.01698,173.17773
2706,299.94722,166.07008,173.52842
2707,299.86692,166.79691,173.61984
2708,300.3369,167.02385,173.74985
2709,300.2011,167.08788,173.6274
2710,300.44893,167.39714,173.45934
2711,300.23189,167.73996,172.88591
2712,300.17579,167.3819,172.23272
2713,300.0348,167.52972,172.01867
2714,300.22944,167.73262,171.92288
2715,300.00602,168.05798,173.10999
2716,300.43842,167.51222,173.23403
2717,300.62118,167.90922,173.77317
2718,300.75343,168.66964,174.58196
2719,301.07305,168.79059,174.7103
2720,301.70556,168.91815,174.96194
2721,302.07879,169.32277,175.27647
2722,302.72774,169.54918,175.31463
2723,303.06782,170.19004,175.73276
2724,303.40458,170.47995,175.69464
2725,303.71676,170.73998,174.94519
2726,304.04337,170.75036,174.84404
2727,303.66278,171.25547,174.70233
2728,304.14662,171.20735,174.6795
2729,304.4459,172.21578,174.81121
2730,304.65467,172.81229,175.13654
2731,304.95546,173.18849,175.56462
2732,305.50813,172.75654,175.83238
2733,305.74511,172.96738,176.23684
2734,306.09467,173.03692,175.94851
2735,305.72654,173.42343,175.61784
2736,305.43165,172.87287,175.49915
2737,305.38674,172.89192,174.22261
2738,305.46881,173.14593,173.60459
2739,304.69616,173.45921,172.94146
2740,303.5897,172.67921,172.94875
2741,303.22257,172.78937,172.67801
2742,304.04588,172.58498,172.53196
2743,303.54336,172.51922,172.16163
2744,304.57501,171.72997,171.62676
2745,304.46773,172.31635,171.23255
2746,304.74778,171.88329,170.51861
2747,304.62782,171.66984,170.45762
2748,305.08212,170.93048,170.40685
2749,305.1026,170.97104,169.8651
2750,305.09188,171.03442,168.96601
2751,305.10777,171.26443,167.80967
2752,304.72447,171.66185,167.21068
2753,304.44033,171.47186,166.81588
2754,304.45802,172.07657,166.3961
2755,305.0373,172.20412,166.17793
2756,304.62542,172.48814,166.10954
2757,304.30334,172.87871,165.67748
2758,304.16273,172.76213,164.73885
2759,304.44822,173.21146,164.59264
2760,304.47956,172.11113,164.57591
2761,304.74298,171.9779,164.62082
2762,304.00924,171.71728,164.32011
2763,303.45907,171.30637,164.56299
2764,303.00921,170.98841,164.70194
2765,303.32812,170.16839,165.34141
2766,303.18083,168.77522,166.42571
2767,302.97816,168.18814,166.63275
2768,302.608,167.38812,166.62981
2769,302.46192,166.63647,166.59259
2770,302.22179,165.73654,166.05801
2771,301.7653,165.19083,166.82416
2772,301.63822,164.23344,167.53376
2773,301.20852,164.03819,167.88128
2774,301.30956,163.57931,168.3018
2775,301.21344,163.50077,168.00538
2776,301.40794,163.08989,168.0104
2777,301.24242,163.35743,167.79282
2778,301.30169,163.04757,168.13208
2779,300.53215,162.65435,168.46369
2780,301.23307,162.12853,168.35096
2781,301.94918,162.55605,168.29204
2782,301.6053,162.78926,168.34559
2783,300.81723,163.18782,168.11622
2784,301.33384,162.71484,167.85005
2785,301.38907,163.16651,167.76337
2786,301.81531,163.38443,167.82703
2787,301.98115,163.39076,168.27516
2788,301.83554,163.23966,168.3871
2789,302.05218,163.79326,168.80113
2790,301.77864,163.56561,169.59443
2791,301.37585,163.70178,169.77385
2792,301.68315,163.0346,170.21214
2793,301.47765,162.55721,170.33757
2794,300.22218,162.67467,170.30788
2795,299.51878,162.61185,170.8347
2796,298.94938,162.6309,170.72497
2797,299.54891,162.47895,171.11595
2798,299.89715,163.41432,171.40947
2799,299.73499,163.36502,171.27237
2800,299.93804,163.57522,171.94791
2801,300.11534,163.65929,172.39653
2802,300.47754,163.38058,173.13266
2803,300.76613,163.93065,173.52842
2804,301.13221,163.95367,173.45413
2805,300.27598,164.64361,173.61984
2806,300.00649,164.91754,173.74985
2807,300.20863,165.13239,173.50314
2808,300.70816,164.58432,173.43889
2809,299.93846,165.03514,173.07214
2810,299.664,165.42673,172.36817
2811,299.45942,165.33316,172.13049
2812,299.92574,165.36726,172.85705
2813,299.97737,165.98134,173.59988
2814,299.88264,166.42808,173.94871
2815,299.45011,166.41284,174.57118
2816,299.83736,165.89467,174.72724
2817,300.19682,166.84511,174.5213
2818,300.54312,167.02006,174.43963
2819,299.96155,167.46881,174.5507
2820,299.83235,167.60856,174.219
2821,299.0486,168.31508,173.9671
2822,298.94181,169.08609,173.42921
2823,298.14976,169.816,173.11086
2824,298.37744,170.18222,173.47517
2825,298.6312,171.13798,173.82359
2826,298.77735,171.1505,173.71756
2827,298.86278,172.06706,173.72102
2828,299.38443,172.23447,174.02267
2829,298.87629,172.80621,174.69538
2830,298.51443,172.41555,174.74545
2831,298.4134,172.12578,174.28822
2832,297.48249,171.9465,174.0969
2833,296.77635,172.4094,174.22849
2834,296.46929,172.6049,174.41208
2835,296.39112,173.05274,174.67175
2836,296.22634,173.172,174.84053
2837,296.32754,173.83218,175.95212
2838,296.01454,173.89214,176.21737
2839,295.74353,173.62153,176.28647
2840,295.61545,173.18759,176.08578
2841,296.32759,173.30453,175.85404
2842,296.16167,172.94467,175.64282
2843,295.72674,172.93892,175.49422
2844,295.84559,172.59276,174.83429
2845,295.30641,173.06789,175.23117
2846,295.69795,172.12168,175.14151
2847,295.66145,172.57372,174.06686
2848,295.9471,172.66815,173.04952
2849,295.9413,173.48882,172.69838
2850,296.52598,173.19841,172.32948
2851,296.4639,173.5453,172.19798
2852,296.7512,173.28948,171.33937
2853,296.91103,173.03382,170.75408
2854,297.40389,172.78275,169.25074
2855,297.78365,171.58725,168.22394
2856,297.3487,171.3761,166.89317
2857,297.51187,170.84713,166.3009
2858,296.48824,169.98311,165.66425
2859,295.47266,169.06348,165.38431
2860,295.10065,167.98261,164.83807
2861,294.82212,167.74908,164.59602
2862,293.80011,167.2631,164.58896
2863,293.45763,166.46883,164.03803
2864,293.52163,166.01041,164.05712
2865,293.79366,165.82348,163.81508
2866,293.36709,165.70197,163.28391
2867,292.90496,166.33483,163.17781
2868,292.40521,166.88754,162.49489
2869,292.52589,166.59564,162.37879
2870,292.76169,166.73557,162.22719
2871,292.87297,167.29841,161.60907
2872,293.25799,167.65667,161.57372
2873,293.38906,168.56536,161.70451
2874,293.52689,168.7965,161.7192
2875,293.38606,169.11398,161.91192
2876,294.10085,169.20119,161.98365
2877,294.01211,169.81962,162.18205
2878,294.22064,169.43446,161.39511
2879,293.98973,169.64254,161.28825
2880,294.76659,169.48754,161.00493
2881,294.17173,169.80191,159.72728
2882,293.79142,169.76463,159.00889
2883,293.58799,170.03413,158.41054
2884,294.44051,169.99537,157.53871
2885,294.266,170.27057,157.27998
2886,294.22851,170.06157,157.64323
2887,293.63835,170.17039,157.54868
2888,293.59541,170.13715,157.50156
2889,293.5701,171.26124,157.22622
2890,293.35905,170.81874,157.30919
2891,293.54041,171.21339,157.11822
2892,294.1786,170.8323,157.14255
2893,294.50436,171.83084,157.58621
2894,294.86147,172.29497,157.25456
2895,295.32175,172.41319,157.39474
2896,296.087,173.15848,157.69973
2897,296.37921,173.70612,158.29401
2898,296.18008,174.0244,158.81576
2899,296.76852,174.09472,159.38448
2900,297.05973,174.29149,159.82494
2901,297.36789,174.55366,160.1216
2902,297.24626,175.16855,160.90166
2903,297.40803,175.33523,161.22372
2904,297.62792,175.58606,161.63909
2905,297.84361,175.94667,161.63694
2906,298.72611,175.551,162.50022
2907,299.11375,176.04436,163.31683
2908,299.0564,176.48659,164.50165
2909,298.56004,177.4535,165.92511
2910,299.07315,177.48932,166.36545
2911,299.78448,177.32522,167.45862
2912,299.85079,177.2254,167.94806
2913,299.316,177.18213,167.52539
2914,299.61793,177.16504,168.32345
2915,299.47044,177.57246,169.20366
2916,300.00423,177.68902,170.0435
2917,299.87121,178.92599,170.25619
2918,299.70141,179.0112,170.15309
2919,299.39329,179.65226,169.68904
2920,299.47129,179.45634,169.57658
2921,299.40822,180.2156,169.41596
2922,300.7508,180.27106,169.77908
2923,300.42031,180.21025,170.19774
2924,301.02236,180.03299,169.99744
2925,301.09427,179.56708,169.22077
2926,300.56472,178.38281,168.56697
2927,300.55113,178.12831,167.85678
2928,300.49844,177.32044,167.78506
2929,300.00937,177.68137,167.75767
2930,300.24517,177.12196,167.903
2931,300.0509,176.85132,168.3871
2932,299.88362,177.14367,168.50515
2933,300.09772,177.21833,168.96238
2934,300.04715,176.86936,169.59443
2935,299.91221,175.97613,169.9197
2936,300.06462,175.34895,170.26261
2937,300.40974,175.04124,170.33757
2938,300.29111,173.9078,170.58758
2939,300.10057,173.15545,170.8347
2940,300.18534,173.39272,170.74883
2941,299.83253,173.22904,171.11595
2942,300.12993,172.75,171.40947
2943,300.58549,173.46541,171.31921
2944,301.23859,172.72554,171.94791
2945,301.72397,172.81391,172.45758
2946,302.15623,172.0471,173.17773
2947,301.84594,172.50514,173.52842
2948,302.38634,172.07789,173.61984
2949,302.02004,172.0176,173.74985
2950,301.698,171.63381,173.47688
2951,301.02842,171.78214,173.50314
2952,301.13793,170.85187,173.38954
2953,301.18302,170.27559,172.92447
2954,300.4159,169.51459,172.13095
2955,300.0463,169.08539,172.11776
2956,299.712,169.09039,173.3015
2957,299.07652,169.01986,173.59988
2958,298.32628,168.92795,174.20153
2959,298.3959,168.76362,174.66811
2960,298.89993,168.68023,174.72724
2961,298.18002,169.30227,174.40248
2962,297.54865,169.38072,174.5507
2963,297.10828,169.16507,174.45753
2964,297.70682,169.48032,174.0929
2965,296.87098,170.07418,173.71589
2966,296.64164,170.18325,173.27618
2967,296.3597,170.5734,173.17829
2968,296.62772,170.64666,173.47517
2969,297.00346,170.80065,173.82359
2970,296.74614,170.76168,173.71756
2971,296.5598,170.87151,174.02267
2972,296.01502,170.61841,174.44551
2973,295.2805,170.73313,174.69538
2974,294.86132,170.28333,174.74545
2975,294.74925,169.99414,174.17918
2976,295.18603,170.17923,174.0969
2977,294.23023,170.6549,174.22849
2978,293.47,170.92955,174.66034
2979,292.99614,170.65786,174.67175
2980,293.53323,170.64126,175.10552
2981,293.11054,171.18269,175.95212
2982,293.34664,170.78344,176.21737
2983,293.12526,170.68359,176.28647
2984,292.43676,170.74646,175.9148
2985,291.86578,170.50011,175.48375
2986,291.60928,170.41543,175.64282
2987,291.07564,170.20942,175.19917
2988,291.129,169.90054,175.30868
2989,290.65763,170.23857,175.51943
2990,290.37095,169.78504,175.03348
2991,289.63965,169.982,174.25474
2992,289.70936,169.49534,173.50984
2993,289.06229,170.35086,173.1317
2994,288.71957,169.70506,172.81255
2995,287.94001,169.55582,172.23278
2996,287.68937,168.78722,171.73929
2997,286.9192,167.70519,171.06003
2998,286.70432,166.95886,170.09572
2999,286.15982,167.28105,168.88186
3000,285.39847,167.21745,168.49083
3001,284.02493,167.26947,168.14155
3002,283.38046,166.79624,167.61872
3003,282.87498,166.41258,166.92094
3004,281.29698,166.39707,166.7019
3005,280.21303,165.34163,166.67138
3006,279.19834,164.38961,165.79782
3007,277.75945,164.34835,165.12823
3008,276.74862,163.66372,164.7007
3009,275.67037,162.8869,163.76327
3010,274.4386,161.99344,162.49659
3011,273.43138,161.21806,161.9873
3012,271.81439,161.2371,161.49364
3013,270.56454,160.87799,161.04324
3014,270.07573,160.31533,160.6605
3015,268.9856,160.19306,159.72061
3016,268.15965,159.29817,158.89518
3017,266.53458,158.78375,158.33713
3018,265.55148,158.07894,157.31208
3019,264.33944,157.45825,156.83001
3020,263.15604,156.6403,155.43803
3021,262.52883,156.23887,153.91599
3022,262.54312,155.73608,152.88167
3023,260.58551,155.56946,152.27665
3024,260.23428,154.49962,151.02927
3025,259.62813,153.93165,150.12536
3026,258.48608,153.73855,149.06213
3027,257.58056,153.71872,146.96276
3028,256.77157,153.77779,145.01162
3029,256.11919,153.58863,144.44694
3030,255.262,152.88866,143.76834
3031,254.25149,152.33489,142.89472
3032,253.4809,151.56051,142.03813
3033,252.45512,150.68224,140.81704
3034,251.33642,150.27547,139.20792
3035,250.19903,149.98381,138.28273
3036,249.96868,150.07452,138.16334
3037,249.145,149.82996,137.89705
3038,249.10157,149.10931,136.94452
3039,248.49615,149.27121,136.58245
3040,247.66866,148.71772,136.69043
3041,247.05598,147.82027,136.85617
3042,247.26655,147.08174,137.07809
3043,245.83292,146.92549,136.66316
3044,245.35169,146.20051,136.15182
3045,244.13895,146.88067,136.46179
3046,243.48519,146.51188,136.62296
3047,242.52415,147.07486,136.41399
3048,242.06951,146.71055,135.53318
3049,241.35006,146.35724,135.01298
3050,240.96817,146.52609,135.76622
3051,239.99873,146.12404,136.39903
3052,239.75409,145.39514,136.9054
3053,239.43433,145.56017,137.35351
3054,238.72828,145.37153,137.03833
3055,238.49771,145.93147,137.14584
3056,238.72478,146.52736,137.44955
3057,238.25062,146.27439,137.86327
3058,238.55758,146.21362,138.57063
3059,237.87075,146.5557,139.22621
3060,237.80595,146.81146,139.9476
3061,236.94248,147.04227,140.12052
3062,237.31019,146.08481,140.9478
3063,237.4821,146.10782,140.82349
3064,237.65333,145.85182,141.26593
3065,236.58386,146.10857,141.72059
3066,236.77054,145.9319,141.96392
3067,236.27284,145.83224,141.93561
3068,236.17348,145.30313,142.27626
3069,235.89735,144.97274,142.67028
3070,235.75855,144.94151,143.10529
3071,235.21302,145.71935,143.55031
3072,235.12039,145.49396,143.6766
3073,235.36995,145.83846,144.1936
3074,236.23254,145.75305,144.80286
3075,236.59686,146.16556,144.96722
3076,236.82636,146.19059,144.81525
3077,236.41491,145.86225,145.41482
3078,236.55338,145.71941,145.98679
3079,236.83287,144.99203,146.25
3080,236.95505,144.59604,146.03354
3081,237.02661,144.2608,146.54146
3082,237.0452,143.87796,146.03441
3083,236.50801,143.51215,146.00516
3084,236.14377,143.04286,145.81799
3085,237.08835,142.59663,146.16636
3086,237.1022,142.64972,145.9286
3087,236.76291,142.97726,145.60162
3088,236.65529,142.73257,145.31012
3089,236.2945,142.52442,144.59789
3090,236.65523,142.18855,144.13674
3091,236.37883,141.54164,144.09116
3092,236.80543,141.29147,143.44472
3093,236.54263,141.17634,143.06138
3094,236.00686,140.47823,142.56853
3095,235.5119,139.43442,141.98428
3096,235.56185,139.31595,141.75257
3097,235.55474,139.75567,141.5874
3098,234.83115,139.90738,140.85403
3099,234.13796,139.7974,140.51866
3100,233.81907,139.246,140.36821
3101,233.07167,138.79764,139.67349
3102,233.39944,138.20806,139.72812
3103,232.68241,138.96516,140.30309
3104,232.26429,138.33077,140.35202
3105,232.13376,137.94967,140.09924
3106,232.1547,137.69148,139.57631
3107,231.79211,137.87577,139.0988
3108,232.06458,137.61628,138.49488
3109,232.36115,137.67224,138.96085
3110,231.79368,137.55299,
3111,231.74665,137.30178,139.22639
3112,231.83635,136.98249,138.94779
3113,232.47621,136.7186,138.70594
3114,231.34625,137.10911,138.56277
3115,230.4432,137.42871,138.65308
3116,230.39236,137.54065,138.66237
3117,230.37824,137.89395,138.60738
3118,231.22304,137.55918,138.47558
3119,231.58053,137.70773,138.5579
3120,231.29903,137.62609,138.18669
3121,231.07867,137.42715,138.06967
3122,230.78276,137.96658,137.95178
3123,229.75753,137.95722,137.7483
3124,230.06378,137.18387,137.38573
3125,229.20653,137.47288,136.96526
3126,228.20491,137.43075,136.49784
3127,227.63201,136.90855,136.65599
3128,227.67263,136.74792,136.35416
3129,227.08821,136.34378,136.31238
3130,226.50067,135.74176,136.25144
3131,226.47784,135.46545,135.5659
3132,226.06533,134.62051,135.38365
3133,225.5456,133.84866,135.23724
3134,225.32627,134.57975,134.8484
3135,225.0581,135.05896,134.46664
3136,225.14175,135.38581,134.61749
3137,224.38765,135.22741,134.46535
3138,224.01545,135.03619,135.12156
3139,223.54313,135.5442,135.41226
3140,223.05053,135.55898,135.93277
3141,223.06591,136.16528,136.17567
3142,222.91837,136.45752,136.46243
3143,222.39645,136.8035,136.1892
3144,222.48549,137.13218,136.384
3145,221.73479,136.93055,135.94139
3146,221.53091,136.78848,136.07972
3147,221.87461,136.49695,135.81131
3148,221.54157,136.3327,135.68901
3149,221.4533,136.27981,135.65513
3150,221.39749,136.5875,135.95182
3151,220.9234,135.93251,136.135
3152,221.16141,136.1698,136.24137
3153,220.83636,136.41217,136.08292
3154,220.88444,136.29495,136.02534
3155,220.78155,136.57959,135.95469
3156,220.76454,136.06895,135.84972
3157,220.58353,135.69353,135.72942
3158,220.91474,136.206,136.05581
3159,220.16902,136.05636,135.9275
3160,220.67393,135.60915,135.80003
3161,220.55726,135.88324,136.04671
3162,221.00946,135.62929,136.41271
3163,219.98369,136.52478,136.71222
3164,219.45696,137.02776,136.68125
3165,219.24295,137.81163,136.56421
3166,219.96599,137.78406,136.60524
3167,220.2849,138.52323,136.17357
3168,220.4785,138.1476,136.25892
3169,220.47882,138.59978,136.1417
3170,221.39469,138.83904,136.27102
3171,220.95019,138.63375,136.34091
3172,221.45665,138.18887,136.18919
3173,221.50724,138.29791,136.04562
3174,221.61732,138.16117,136.04582
3175,220.72298,138.12921,136.34041
3176,220.41482,137.1286,136.61559
3177,220.61425,137.07199,136.82081
3178,220.64233,136.54888,136.67693
3179,220.49301,136.12195,136.83727
3180,220.82604,135.96519,137.04768
3181,220.92321,136.48217,137.16292
3182,220.94809,136.0227,137.41951
3183,220.47656,136.36207,137.30936
3184,221.13596,136.25502,137.6581
3185,221.29453,136.21724,137.87967
3186,221.02129,136.59818,138.6943
3187,220.45276,137.20849,138.78316
3188,220.83411,137.17841,138.72671
3189,221.67821,137.03206,139.1244
3190,222.25775,137.14763,139.15987
3191,222.06336,137.22319,139.14282
3192,222.33333,136.99324,139.15465
3193,222.56979,137.01387,139.20859
3194,222.81651,136.77567,139.2208
3195,222.95428,137.05779,139.13672
3196,222.69331,137.63005,138.79785
3197,222.04267,137.11999,138.45207
3198,221.48695,136.77028,138.69632
3199,221.68458,136.78118,138.74066
3200,222.53446,137.00357,138.71722
3201,222.179,137.46451,138.32184
3202,222.23451,137.7258,138.63044
3203,222.19183,138.38273,138.56257
3204,222.31494,137.54329,138.13931
3205,222.54203,137.87393,137.99895
3206,223.00638,138.27603,138.37577
3207,222.4588,138.85776,138.89517
3208,222.2063,138.90839,138.7507
3209,221.98302,139.35168,138.93588
3210,221.61689,139.64882,138.90619
3211,221.85088,140.20011,139.11147
3212,221.40121,140.58245,139.09078
3213,220.60305,140.99683,138.72915
3214,219.66192,141.3043,138.70861
3215,221.09605,141.25711,138.9363
3216,221.21807,141.23095,138.68696
3217,220.7743,140.75082,139.27955
3218,220.51166,140.70413,139.25634
3219,219.73414,140.96242,139.41023
3220,218.52724,140.23474,139.04858
3221,218.39192,139.99352,138.98544
3222,218.60695,140.02468,138.90373
3223,218.26249,139.9592,138.86819
3224,217.56006,139.84031,139.02378
3225,216.80618,140.00464,138.97528
3226,217.19924,139.81303,139.08732
3227,217.37291,140.02948,139.16183
3228,216.56917,139.99791,139.75072
3229,216.3006,139.61169,139.47391
3230,215.99098,139.60951,139.55909
3231,215.27181,139.87979,139.45582
3232,214.40554,140.40801,139.69366
3233,213.78563,140.75128,139.87565
3234,213.25934,141.7107,139.9582
3235,213.1462,141.13059,140.00597
3236,212.96523,141.0374,140.37318
3237,212.85433,140.4594,140.37828
3238,212.7413,140.41047,140.73443
3239,212.41958,140.1781,140.78375
3240,211.32441,140.1501,140.83009
3241,211.14442,139.81211,140.58651
3242,210.90973,140.24825,140.46995
3243,210.5679,140.19453,140.05066
3244,210.29527,140.11583,140.42464
3245,210.64744,139.23828,140.4044
3246,210.97835,138.72077,140.34008
3247,211.25946,138.52527,140.49357
3248,210.62782,138.96787,140.42527
3249,210.4188,138.78065,140.41485
3250,210.36679,138.80308,140.74984
3251,210.333,138.85003,140.60435
3252,211.30721,139.3057,140.62834
3253,211.74306,139.55511,140.3491
3254,212.03686,139.9596,140.13151
3255,212.13239,139.93097,139.97679
3256,211.94973,139.69707,140.20557
3257,212.5959,140.02816,140.10602
3258,212.6855,140.23457,140.32472
3259,212.47025,140.11918,140.77298
3260,213.3738,140.47628,140.52684
3261,213.40664,141.31626,140.29959
3262,214.14664,140.91193,140.01095
3263,213.90965,141.60753,139.95919
3264,215.13952,141.3294,139.97602
3265,215.83991,141.02441,139.55438
3266,216.64515,140.27264,139.36088
3267,216.55595,140.51766,139.00359
3268,216.57657,139.24509,138.95541
3269,216.19599,139.48748,138.84205
3270,216.78254,139.19654,138.38662
3271,216.24185,138.85813,138.42456
3272,216.933,138.78318,138.01053
3273,217.8154,138.96258,138.34293
3274,218.22921,139.06363,138.064
3275,218.39183,139.16301,137.92852
3276,218.97758,138.918,137.95504
3277,219.98565,139.28815,137.79212
3278,219.86317,138.76944,137.60505
3279,220.14893,138.94379,137.2633
3280,221.2271,138.43561,137.32647
3281,221.57224,138.5203,137.37573
3282,222.54213,138.40493,137.86637
3283,222.66119,138.71978,137.5771
3284,223.31124,137.91408,137.03139
3285,223.59346,138.16105,137.06097
3286,223.96483,138.37398,137.27339
3287,224.02887,138.07835,137.08195
3288,225.37822,137.43425,137.57244
3289,225.49206,136.83133,137.33781
3290,225.05769,136.71,136.88942
3291,224.87648,136.43334,136.61811
3292,225.57343,135.90512,136.68603
3293,225.35436,136.187,136.21586
3294,225.32147,135.8968,136.08603
3295,224.76731,136.02358,135.53149
3296,224.82303,135.46505,135.48641
3297,225.4586,135.15048,135.2528
3298,225.60541,136.0019,135.09418
3299,226.14206,136.00188,135.03075
3300,226.5882,136.1963,135.04106
3301,225.10682,136.24778,135.02382
3302,224.88235,135.52483,135.14164
3303,224.60384,135.54982,135.18
3304,224.88068,135.02731,135.46596
3305,224.23443,135.38789,135.55595
3306,224.09359,135.493,135.58067
3307,223.28421,135.85835,135.43845
3308,223.37376,135.33014,135.86292
3309,223.55965,134.91978,135.8479
3310,223.74222,134.71505,135.84756
3311,223.51073,134.51091,135.8372
3312,223.3098,134.06846,135.80341
3313,223.53947,134.31234,135.44619
3314,223.76231,134.19571,135.11213
3315,223.98366,133.64841,135.21956
3316,223.56157,133.52647,135.21234
3317,223.09523,133.63731,135.26491
3318,222.70719,133.72345,135.41672
3319,222.07068,133.17268,135.31043
3320,221.57822,132.89284,135.77684
3321,222.05975,133.37983,135.54995
3322,221.70602,133.59166,135.55549
3323,221.07149,133.7509,136.06504
3324,220.7228,133.73551,136.30689
3325,220.46859,133.86225,136.49425
3326,220.25693,134.15412,136.46627
3327,219.28863,134.22997,136.65571
3328,218.80539,134.02675,136.6748
3329,218.91748,134.22183,136.46945
3330,218.40368,134.74539,136.53399
3331,217.74566,135.05338,136.75791
3332,217.75921,135.01761,136.86652
3333,218.35716,134.52981,136.43975
3334,217.91336,135.10996,136.50868
3335,217.94268,134.77918,136.26142
3336,217.44308,134.79026,136.12121
3337,216.58543,134.82905,135.96374
3338,216.47157,134.99829,135.8435
3339,216.33047,135.17307,135.70231
3340,216.34297,135.4263,135.52386
3341,216.62068,135.37265,135.67011
3342,216.32277,136.09952,135.4517
3343,216.28226,135.35464,135.31825
3344,216.33824,135.30683,135.69782
3345,216.5999,135.54464,136.02304
3346,216.11763,136.05105,136.76848
3347,215.63626,136.85899,137.18045
3348,215.46138,137.37544,137.44415
3349,215.61244,137.52071,137.16731
3350,215.60692,137.60679,137.17464
3351,216.07229,137.87927,136.88173
3352,216.31005,138.5029,137.0469
3353,215.96271,138.74344,136.71837
3354,216.20768,138.25307,136.611
3355,216.58065,137.90919,136.65837
3356,216.7256,138.40436,136.78862
3357,217.09673,139.11256,136.66002
3358,216.98172,138.73816,136.08802
3359,217.59011,138.64926,135.51884
3360,217.87351,138.62542,135.55942
3361,217.43816,138.70267,135.60294
3362,217.19122,138.53633,135.51786
3363,216.45733,138.81453,135.96273
3364,216.68525,138.57692,136.24285
3365,216.3342,138.63458,136.68301
3366,215.25642,138.82687,136.60708
3367,214.85725,138.94312,136.79668
3368,215.27807,138.5564,136.58521
3369,215.7784,139.84405,136.309
3370,217.15545,140.16829,136.52153
3371,216.98881,140.6173,136.44631
3372,217.79021,141.02579,136.92972
3373,217.94666,141.10135,137.11556
3374,217.74381,140.57212,136.75021
3375,218.31891,140.31139,136.77133
3376,218.84644,139.31518,137.28223
3377,218.95206,139.31789,137.33677
3378,218.32945,138.72915,137.23085
3379,219.00109,138.70341,136.80192
3380,219.7288,138.47127,136.7644
3381,219.44494,138.64353,136.72778
3382,219.0675,138.11019,137.00013
3383,218.78688,137.691,137.27278
3384,219.07973,136.66219,137.32619
3385,219.47715,136.81153,137.67567
3386,219.43985,136.43741,137.41686
3387,219.43831,136.31877,137.43124
3388,219.85097,136.58419,137.74347
3389,219.06418,136.73398,137.65887
3390,219.18461,136.77576,137.91995
3391,219.40468,136.89897,138.22964
3392,220.05237,136.78773,138.94015
3393,219.31876,137.14458,138.85631
3394,220.09581,136.51781,139.53154
3395,219.92434,136.68724,139.24058
3396,220.05632,136.12249,139.50863
3397,220.00103,135.94228,139.73815
3398,219.51735,136.27277,139.74689
3399,219.70131,135.3061,139.5659
3400,219.89988,135.19502,139.59647
3401,219.73393,135.81366,139.31776
3402,220.80924,135.51153,139.01016
3403,221.2727,135.68903,138.78425
3404,219.95073,135.29643,139.10384
3405,219.83119,135.98219,139.1793
3406,221.13932,135.68387,139.27422
3407,221.31479,135.61872,139.09738
3408,222.38437,135.37392,139.36917
3409,223.1437,135.83127,138.94504
3410,223.20883,136.88132,138.35456
3411,223.21951,136.70655,138.53005
3412,223.23755,137.20468,138.63393
3413,223.49648,137.52815,138.57332
3414,223.29306,137.31715,138.88071
3415,223.13688,137.72659,138.86818
3416,223.03869,138.53587,139.43263
3417,222.91253,139.23174,139.82282
3418,222.90385,139.2107,140.1294
3419,223.07236,139.58358,139.93471
3420,224.07543,139.51851,140.34235
3421,224.44313,140.48129,140.57673
3422,224.02138,140.61027,140.68326
3423,223.5707,140.97091,140.92824
3424,223.96932,141.26818,140.73248
3425,224.10039,141.73438,140.58434
3426,223.84098,141.67957,140.94732
3427,223.6385,141.31385,140.9217
3428,224.11714,141.52409,141.69364
3429,223.6445,141.78108,141.55266
3430,223.1707,141.95403,141.9286
3431,223.0944,141.72148,141.86106
3432,223.73524,141.758,141.99896
3433,223.63857,142.55085,141.6484
3434,221.46431,141.89465,141.91866
3435,221.86303,140.49312,142.23428
3436,222.42442,141.26572,142.41896
3437,221.30572,141.96122,142.79961
3438,222.28409,141.96261,143.2255
3439,222.20404,142.65711,142.81108
3440,222.62244,142.90432,142.98899
3441,221.92198,143.83236,143.08119
3442,221.70212,144.48299,143.02009
3443,221.61385,144.61846,142.99381
3444,222.35403,144.64623,142.61769
3445,222.5691,145.40131,142.46263
3446,222.21214,145.40967,142.6056
3447,222.32494,145.53143,142.78641
3448,223.05624,145.735,143.24076
3449,223.2672,145.67873,143.5088
3450,223.36405,145.22914,143.32925
3451,224.2103,145.78688,143.23394
3452,223.90673,145.94213,143.50174
3453,222.92449,146.11681,143.53152
3454,223.17785,145.8457,143.53319
3455,223.24792,146.12143,143.58921
3456,223.12495,146.2138,143.46672
3457,222.9013,146.11441,143.49382
3458,222.7092,145.71321,143.79042
3459,222.93231,146.17961,143.8148
3460,222.29656,146.06031,143.74928
3461,221.94303,146.39364,143.68539
3462,222.6922,146.86844,143.68679
3463,223.27817,147.17392,143.5472
3464,223.59926,146.87623,143.87119
3465,223.62277,147.1863,144.13567
3466,223.97013,146.98861,144.19502
3467,223.43556,146.46576,144.26425
3468,223.80285,146.78826,143.95525
3469,223.73192,146.51007,144.24738
3470,223.87437,145.11886,144.35679
3471,223.88611,144.38596,143.87742
3472,224.95656,143.71428,143.74134
3473,225.21579,143.54671,143.5973
3474,225.22449,143.16945,143.48403
3475,225.47526,142.73855,143.28957
3476,225.28637,142.17183,143.21678
3477,225.53971,142.79717,143.42897
3478,225.61619,142.17679,143.11422
3479,225.75333,141.96381,143.13923
3480,225.33239,141.93225,143.1916
3481,225.23098,141.77113,143.13192
3482,225.46246,141.51569,142.79895
3483,226.28554,141.70349,142.45129
3484,226.99659,141.72817,142.61693
3485,226.91147,142.82614,142.42706
3486,226.47084,142.19322,142.54818
3487,226.42174,141.9723,142.39678
3488,227.28862,141.7792,142.20339
3489,226.95724,141.58862,142.13718
3490,226.68668,141.48275,142.10401
3491,226.42672,140.83878,142.03967
3492,226.09859,140.63402,141.59402
3493,226.1797,140.27767,141.91386
3494,226.23782,139.94553,142.13526
3495,225.38411,140.12758,141.7647
3496,225.31139,139.01018,141.38836
3497,225.55129,139.15159,140.63323
3498,225.4833,138.79247,140.44321
3499,225.04774,138.64752,140.0235
3500,224.81742,138.91402,139.8584
3501,224.31344,138.80114,139.8821
3502,223.66108,138.53582,140.04607
3503,223.23911,138.51959,139.92624
3504,223.82366,138.95311,139.91862
3505,225.63054,139.24663,139.60084
3506,225.71957,138.95902,139.70624
3507,225.4409,139.15458,139.5256
3508,224.80837,139.1761,139.40671
3509,224.50812,138.87318,139.44005
3510,224.40686,138.61109,139.88081
3511,223.80978,138.40746,139.70621
3512,223.30637,138.8261,139.63021
3513,223.15754,138.59091,139.42858
3514,222.34759,138.54844,139.04175
3515,221.8074,138.63977,138.79622
3516,221.53871,138.46092,138.63032
3517,221.25376,137.7605,138.6063
3518,221.34772,137.45094,138.62323
3519,221.06669,137.58831,138.23875
3520,220.77408,137.38445,138.38518
3521,220.15625,137.74802,138.36692
3522,219.90663,136.9382,138.82152
3523,221.03244,137.03528,138.78145
3524,220.79134,136.83165,138.39693
3525,219.9409,136.72313,138.42668
3526,218.60577,136.84932,138.59631
3527,218.08921,136.8846,138.42174
3528,217.76931,137.57292,138.47874
3529,217.18262,137.77879,138.54009
3530,217.14511,137.25826,138.97601
3531,216.97339,137.50103,139.00108
3532,216.49921,137.69915,139.05936
3533,215.17505,137.7155,139.02507
3534,214.39981,137.36046,138.78012
3535,215.18895,137.98385,138.56625
3536,215.25709,139.20259,138.28202
3537,214.75396,138.97611,138.52954
3538,215.86994,138.8988,138.42797
3539,215.11276,139.22821,138.38026
3540,215.35266,139.1526,138.49242
3541,214.77477,139.59126,138.20484
3542,215.75605,139.44571,137.82814
3543,215.43716,139.30374,137.43241
3544,215.62521,139.1218,137.41125
3545,214.57016,139.49985,137.00319
3546,214.30812,139.49145,137.04135
3547,214.38399,139.61813,136.40021
3548,213.93742,139.49187,135.82698
3549,213.61802,139.13983,135.72737
3550,213.29735,138.73621,135.37555
3551,212.86435,139.29664,134.82064
3552,212.12976,139.31845,134.99783
3553,211.44445,139.3321,135.32525
3554,212.41127,138.53425,135.35197
3555,212.58998,138.97813,135.60391
3556,211.91375,139.078,135.34086
3557,211.74358,138.87598,135.63817
3558,211.76639,138.40918,135.82202
3559,212.42246,138.16989,135.50439
3560,212.55743,137.76534,135.68525
3561,212.81455,137.80004,136.13715
3562,213.30796,137.57726,136.03007
3563,212.76483,137.13597,136.04052
3564,212.30948,136.46177,136.4344
3565,212.15261,136.72032,137.41597
3566,212.4019,136.12922,137.70035
3567,211.88026,135.96474,137.59362
3568,213.78174,135.97412,137.40772
3569,214.03854,135.81603,137.22223
3570,214.442,136.05903,137.71802
3571,214.67967,136.27975,137.10728
3572,213.93945,136.13094,137.18595
3573,213.64186,135.24681,137.27962
3574,213.43429,134.85467,138.45193
3575,213.61928,134.25274,139.41686
3576,213.88958,134.23305,139.5552
3577,213.94399,134.72051,140.27313
3578,214.15271,134.50556,140.99261
3579,213.73875,134.70078,141.46872
3580,214.34334,135.32328,142.35934
3581,215.15832,135.01366,143.07914
3582,215.74088,135.38829,143.60859
3583,216.47287,135.60563,143.98634
3584,216.32114,135.42351,144.35365
3585,216.7124,134.89451,144.86339
3586,217.41803,133.98283,145.37811
3587,217.8136,134.33478,145.45923
3588,217.16545,134.75743,145.10024
3589,216.80024,135.28933,145.08449
3590,217.37165,136.6554,145.48591
3591,217.98886,136.54205,145.50432
3592,220.09999,138.37982,145.53619
3593,222.69582,139.57951,145.73148
3594,223.80568,140.94277,145.67634
3595,225.17583,141.80645,145.89711
3596,226.54917,142.54211,146.22039
3597,227.76836,143.79278,146.26535
3598,228.1108,142.97697,145.9213
3599,228.86246,144.07445,145.31342
3600,228.76133,144.53988,144.71963
3601,228.34312,143.46855,144.59747
3602,228.75377,144.10186,144.10572
3603,229.60523,143.89689,143.31034
3604,230.5791,144.13355,142.69037
3605,229.98185,144.0249,142.1943
3606,229.94557,144.10884,141.49725
3607,229.72559,143.87564,140.63881
3608,229.52361,143.64707,139.61935
3609,229.59988,143.14607,138.8385
3610,229.45626,142.9545,138.03259
3611,228.63712,142.708,137.07934
3612,228.80878,141.7991,136.44161
3613,228.14174,140.83672,135.90811
3614,227.04848,140.38034,135.13102
3615,226.57645,139.77686,133.96809
3616,225.82889,139.16143,132.44065
3617,224.68404,138.12299,131.11023
3618,223.24816,137.58397,130.07163
3619,221.97148,136.36992,129.18618
3620,221.41219,135.04383,128.27661
3621,220.07651,133.52785,127.34291
3622,218.2156,132.18907,126.38509
3623,216.3559,130.93321,125.40314
3624,213.00344,129.01252,124.39706
3625,211.75026,127.30506,123.36686
3626,209.66287,125.83982,122.31253
3627,208.3901,123.70522,121.23408
3628,206.33783,121.9988,120.1315
3629,204.2331,119.85503,119.0048
3630,201.9804,117.86248,117.85397
3631,199.61506,116.14065,116.67902
3632,197.57944,113.84528,115.47994
3633,195.56653,111.65506,114.25673
3634,194.14901,109.42563,113.0094
3635,192.28871,107.12002,111.73794
3636,190.08144,104.91229,110.44236
3637,187.34535,102.51483,109.12265
3638,184.88406,100.66945,107.77882
3639,182.0417,98.27772,106.41086
3640,179.47259,95.89924,105.01878
3641,176.5847,93.61234,103.60257
3642,174.31527,90.86349,102.16223
3643,171.40914,88.53369,100.69777
3644,169.81193,86.94679,99.20918
3645,168.21325,85.35061,97.69647
3646,166.61309,83.74513,96.15963
3647,165.01146,82.13035,94.59867
3648,163.40835,80.50629,93.01358
3649,161.80376,78.87293,91.40436
3650,160.1977,77.23027,89.77102
3651,158.59017,75.57833,88.11356
3652,156.98116,73.91709,86.43197
3653,155.37067,72.24656,84.72625
3654,153.75871,70.56673,82.99641
3655,152.14528,68.87762,81.24244
3656,150.53037,67.1792,79.46434
3657,148.91398,65.4715,77.66212
3658,147.29612,63.7545,75.83578
3659,145.67678,62.02821,73.98531
3660,144.05597,60.29263,72.11071
3661,142.43369,58.54776,70.21199
3662,140.80992,56.79359,68.28914
3663,139.18469,55.03012,66.34217
3664,137.55797,53.25737,64.37107
3665,135.92979,51.47532,62.37584
3666,134.30012,49.68398,60.35649
3667,132.66899,47.88335,58.31302
3668,131.03637,46.07342,56.24542
3669,129.40229,44.2542,54.15369
3670,127.76672,42.42569,52.03784
3671,126.12968,40.58788,49.89786
3672,124.49117,38.74078,47.73376
3673,122.85118,36.88439,45.54553
3674,121.20972,35.0187,43.33317
3675,119.56678,33.14373,41.09669
3676,117.92236,31.25946,38.83609
3677,116.27647,29.36589,36.55136
3678,114.62911,27.46303,34.2425
3679,112.98027,25.55088,31.90952
3680,111.32995,23.62944,29.55241
3681,109.67816,21.69871,27.17117
3682,108.0249,19.75868,24.76581
3683,106.37015,17.80935,22.33633
3684,104.71394,15.85074,19.88272
3685,103.05625,13.88283,17.40498
3686,101.39708,11.90563,14.90312
3687,99.73644,9.91914,12.37713
3688,98.07432,7.92335,9.82702
3689,96.41073,5.91827,7.25278
3690,94.74566,3.90389,4.65442
3691,93.07912,1.88023,2.03193
3692,91.4111,-0.15273,-0.61469
3693,89.74161,-2.19498,-3.28543
