,Raw_Spectra,,,,,,,,,,,Smoothed_Spectra,,,,,,,,,,,,# Smoothing method: Savitzky-Golay
Wavelength (nm),1.8700 mg / L,0.9350 mg / L,0.7480 mg / L,0.4675 mg / L,0.3740 mg / L,0.2337 mg / L,0.1870 mg / L,0.0935 mg / L,0.0467 mg / L,0.0234 mg / L,0.0117 mg / L,1.8700 mg / L,0.9350 mg / L,0.7480 mg / L,0.4675 mg / L,0.3740 mg / L,0.2337 mg / L,0.1870 mg / L,0.0935 mg / L,0.0467 mg / L,0.0234 mg / L,0.0117 mg / L,,# Window length: 50 points
400.03188,393,347,265,304,267,194,147,217,237,229,258,408.9346,355.0607,272.13225,320.66849,247.1734,196.65244,157.86844,185.57739,245.32332,239.44813,245.11918,,# Polynomial order: 2
400.19923,389,341,260,306,234,191,143,159,228,224,214,408.94879,355.45704,271.85882,320.59569,246.55947,196.86754,157.36097,185.89996,245.67131,239.34567,244.32696,,
400.36659,425,386,287,340,270,222,172,214,251,284,264,408.95741,355.84461,271.59081,320.52696,245.96561,197.0769,156.86871,186.21375,246.00867,239.25294,243.56821,,
400.53396,428,358,271,335,257,220,191,204,256,239,252,408.96048,356.22343,271.32823,320.4623,245.39181,197.28052,156.39165,186.51877,246.33542,239.16996,242.84293,,
400.70135,399,344,244,289,221,170,133,154,228,232,210,408.95798,356.59349,271.07106,320.40171,244.83809,197.4784,155.92981,186.81502,246.65155,239.0967,242.15112,,
400.86876,396,354,256,324,258,184,165,175,258,237,249,408.94993,356.95478,270.81932,320.34518,244.30443,197.67055,155.48318,187.10249,246.95706,239.03319,241.49278,,
401.03618,417,345,271,322,207,217,133,158,243,223,220,408.93633,357.30732,270.57299,320.29273,243.79084,197.85695,155.05175,187.38119,247.25194,238.97942,240.8679,,
401.20361,428,368,349,338,236,217,191,200,271,278,260,408.91716,357.65109,270.33209,320.24434,243.29732,198.03761,154.63554,187.65111,247.53621,238.93538,240.2765,,
401.37106,419,360,269,320,228,197,140,181,253,257,234,408.89244,357.98611,270.0966,320.20002,242.82386,198.21254,154.23454,187.91226,247.80985,238.90108,239.71857,,
401.53853,409,386,272,335,237,206,168,200,261,243,244,408.86215,358.31237,269.86654,320.15977,242.37048,198.38172,153.84874,188.16464,248.07288,238.87651,239.1941,,
401.70601,400,358,242,340,239,177,128,175,265,202,228,408.82631,358.62987,269.64189,320.12359,241.93716,198.54516,153.47815,188.40824,248.32528,238.86169,238.70311,,
401.8735,399,336,290,303,248,175,148,196,229,221,262,408.78491,358.9386,269.42266,320.09147,241.52391,198.70287,153.12278,188.64306,248.56706,238.8566,238.24558,,
402.04101,414,368,260,298,287,185,144,192,239,224,252,408.73796,359.23858,269.20886,320.06343,241.13073,198.85483,152.78261,188.86912,248.79822,238.86125,237.82153,,
402.20854,396,351,236,297,223,181,128,169,234,228,226,408.68544,359.5298,269.00048,320.03945,240.75762,199.00106,152.45765,189.0864,249.01877,238.87564,237.43094,,
402.37608,415,366,290,358,234,214,161,187,269,258,246,408.62737,359.81226,268.79751,320.01954,240.40457,199.14155,152.1479,189.2949,249.22869,238.89977,237.07382,,
402.54363,448,386,314,345,285,226,209,209,285,280,290,408.56374,360.08595,268.59997,320.0037,240.0716,199.27629,151.85336,189.49463,249.42799,238.93363,236.75018,,
402.7112,397,335,248,309,195,177,124,160,240,212,233,408.49455,360.35089,268.40784,319.99193,239.75869,199.4053,151.57403,189.68559,249.61667,238.97723,236.46,,
402.87879,431,354,260,319,239,217,143,192,241,206,212,408.4198,360.60707,268.22114,319.98423,239.46585,199.52856,151.30991,189.86777,249.79472,239.03057,236.20329,,
403.04639,420,365,266,329,245,221,186,202,251,250,239,408.3395,360.85449,268.03985,319.98059,239.19307,199.64609,151.061,190.04118,249.96216,239.09364,235.98005,,
403.214,429,382,286,340,249,218,169,238,255,284,256,408.25364,361.09315,267.86399,319.98103,238.94037,199.75788,150.8273,190.20581,250.11898,239.16646,235.79028,,
403.38163,360,325,216,274,197,155,120,143,213,196,204,408.16221,361.32304,267.69354,319.98553,238.70773,199.86393,150.6088,190.36167,250.26518,239.24901,235.63398,,
403.54928,405,368,269,360,239,210,140,195,268,241,236,408.06523,361.54418,267.52852,319.9941,238.49516,199.96423,150.40552,190.50875,250.40075,239.3413,235.51115,,
403.71694,385,352,260,328,241,160,150,190,262,237,166,407.9627,361.75656,267.36892,320.00674,238.30266,200.0588,150.21745,190.64707,250.52571,239.44333,235.42179,,
403.88462,405,378,271,303,257,218,156,220,258,242,250,407.8546,361.96018,267.21473,320.02344,238.13023,200.14763,150.04458,190.7766,250.64004,239.55509,235.3659,,
404.05231,414,381,262,304,229,189,145,235,220,226,228,407.74095,362.15504,267.06597,320.04422,237.97786,200.23072,149.88693,190.89737,250.74375,239.67659,235.34348,,
404.22001,388,345,271,298,237,192,139,174,230,234,210,407.62174,362.34114,266.92263,320.06906,237.84557,200.30807,149.74448,191.00935,250.83685,239.80783,235.35453,,
404.38773,393,354,284,319,256,188,132,181,240,246,260,407.87472,362.71284,267.75481,320.14752,239.00061,200.62146,149.78117,192.84604,251.19638,240.69263,236.65268,,
404.55547,419,374,280,333,247,213,161,209,258,252,260,406.85053,362.77707,266.78772,319.75825,239.41879,200.73864,149.26123,192.52687,251.1798,240.29831,236.51129,,
404.72322,383,334,239,288,207,170,117,152,236,203,207,406.91035,363.68697,267.02655,319.75159,239.57025,201.3987,149.69426,193.03987,251.377,241.68359,237.29641,,
404.89099,441,380,270,332,264,232,177,195,266,256,262,407.00036,363.64192,266.49904,320.04064,240.42193,202.05728,150.02899,193.54808,251.47867,241.54683,237.59997,,
405.05877,420,367,265,317,235,189,176,197,249,239,234,406.00181,363.50511,265.7048,319.02584,239.99101,201.03479,149.14419,193.07527,250.51433,241.99164,237.01522,,
405.22656,410,367,270,328,255,209,161,194,269,258,255,405.1504,363.81633,264.88371,319.57514,241.07608,200.10027,149.06804,193.25242,250.89823,242.56735,237.73399,,
405.39437,366,368,239,308,226,223,128,190,228,227,228,404.24703,363.16288,263.47029,319.09941,239.72058,200.95853,147.86636,191.66656,249.64368,241.22934,236.60842,,
405.5622,418,364,273,356,239,221,152,206,299,251,253,404.61544,363.09405,265.36796,319.63213,239.23051,202.42529,149.30044,192.20485,249.94,242.24934,236.71173,,
405.73004,400,348,269,320,217,184,143,175,239,250,224,405.04116,363.47462,265.25851,319.17103,238.28553,203.00023,149.3022,192.02122,249.1962,243.64439,236.5968,,
405.8979,404,367,257,285,239,187,129,207,234,237,232,405.44674,364.79947,266.15262,320.30134,238.38178,204.62244,151.11706,193.08138,250.16528,244.16184,237.48114,,
406.06577,412,383,271,348,239,226,168,196,284,266,252,404.76362,363.86224,264.5787,321.2646,236.67374,203.62219,149.62085,191.2548,250.27874,243.09905,235.84865,,
406.23365,409,364,297,325,255,207,156,173,237,253,245,404.11973,362.39566,264.8016,320.02202,236.37249,203.0957,149.02555,190.47752,249.02095,242.37115,236.39124,,
406.40155,414,345,280,317,252,206,143,206,226,251,256,403.87581,362.26691,263.45075,318.83882,237.77553,202.91257,148.50638,190.29215,248.3803,241.29235,236.72835,,
406.56947,417,382,284,336,253,208,158,194,271,244,250,402.84867,362.34866,262.04249,318.29971,236.53097,201.40175,147.53886,188.58017,247.88715,240.86831,235.79087,,
406.7374,388,340,238,303,204,184,126,165,235,234,208,402.29296,362.18449,262.17411,319.10469,235.63886,200.66532,147.52056,188.00439,248.28429,240.95049,235.77791,,
406.90535,431,367,268,306,242,212,170,191,242,235,237,402.91137,362.6556,264.01334,318.45525,236.91309,200.48223,148.81485,188.41892,248.81805,242.31616,237.14021,,
407.07331,409,367,249,309,218,190,143,175,254,238,234,402.02852,361.2504,263.44989,318.89184,235.25018,198.15751,146.05977,187.2815,248.19627,241.68029,237.06965,,
407.24129,382,349,276,320,247,206,137,201,254,239,243,403.44798,361.43541,264.17652,319.54785,235.54246,199.07026,146.43299,187.1302,248.5278,241.04023,237.68609,,
407.40928,424,372,256,329,238,216,174,180,258,241,216,404.93352,361.94238,264.78183,320.34014,236.29246,200.55107,149.01373,188.26603,249.3664,242.06965,238.74432,,
407.57728,395,376,270,329,255,207,143,198,246,266,248,405.19251,362.19008,265.58364,320.84892,236.02283,200.21559,150.12347,189.02129,249.37161,243.40692,239.8525,,
407.7453,424,384,256,324,253,208,170,193,270,260,256,404.22263,361.02682,264.42948,319.25695,234.50352,198.73078,150.03545,187.58837,247.89853,242.34134,239.26578,,
407.91334,404,396,289,334,245,212,147,207,271,262,256,405.23908,361.78262,265.28204,320.07203,234.75911,199.84811,150.19131,188.24934,249.4806,242.50128,240.01631,,
408.08139,379,316,239,330,206,177,142,158,256,207,217,404.39512,361.2854,265.9169,321.18315,235.28748,199.68874,151.623,188.32827,251.21081,243.16902,239.1301,,
408.24946,399,350,288,314,248,176,152,202,239,246,257,404.71972,361.97882,266.36234,320.29337,235.69857,200.47081,151.94695,189.15751,250.72353,243.1241,239.46828,,
408.41754,408,378,251,318,242,200,143,209,228,236,255,405.31919,362.65476,266.06023,319.83132,234.402,199.5869,151.97968,190.72844,250.01774,242.37962,238.49084,,
408.58564,369,347,220,300,218,188,132,164,229,206,216,405.56173,362.23461,266.87991,320.29335,234.45088,200.11405,152.69999,190.51584,250.16628,243.39586,237.91239,,
408.75375,401,345,271,312,207,188,143,175,225,238,216,406.01336,362.04691,267.76131,320.64853,235.02498,200.07434,153.16478,190.37124,249.6575,243.74033,238.81035,,
408.92188,399,360,258,334,253,201,139,201,235,240,232,404.42209,361.95078,267.21896,320.658,235.33928,199.81628,153.32157,190.40445,248.10116,243.7826,239.20746,,
409.09002,404,367,270,324,221,204,168,197,242,252,240,403.34603,360.69598,265.82401,319.65795,234.02788,197.93565,151.58429,189.00981,248.51478,242.22395,238.20592,,
409.25817,414,354,249,321,226,212,156,178,248,224,226,405.26431,361.81132,266.49111,320.89411,235.27031,198.97887,153.39208,189.99796,249.0463,243.22198,240.03194,,
409.42635,405,344,256,298,208,222,162,169,229,220,216,406.35339,361.57759,266.3989,320.50694,235.15778,197.7496,155.0157,190.01556,248.5503,243.27559,240.25924,,
409.59453,430,364,292,330,236,196,171,207,270,270,248,405.83186,361.59274,266.02854,320.40252,235.01971,196.39872,154.88949,189.30923,247.96127,243.58228,240.23985,,
409.76273,403,367,269,314,232,176,143,175,249,251,249,404.778,361.34005,264.6481,320.45602,234.47718,197.05903,154.74774,189.05327,246.93198,242.59039,240.15998,,
409.93095,394,343,266,332,238,184,142,178,271,222,233,405.3256,361.81979,265.34017,322.38855,234.51419,198.11713,155.73884,189.82444,248.63349,243.63356,241.3652,,
410.09918,383,335,233,293,208,152,104,150,222,238,206,405.1832,361.17484,265.80838,322.30318,234.13488,197.18408,155.83658,189.2875,247.60717,244.33815,241.3948,,
410.26743,409,386,284,303,272,207,174,222,256,248,276,404.93506,360.5503,264.36094,319.89094,233.02501,196.1767,154.79191,189.07133,245.83864,244.11624,240.73895,,
410.43569,406,384,274,342,238,184,165,212,269,252,242,404.6667,360.38159,262.83775,319.80215,231.89855,196.11593,154.65379,187.50588,245.89603,243.97314,240.10585,,
410.60397,408,372,304,335,224,175,160,191,258,267,244,405.32816,359.87603,263.56452,320.48771,232.08091,196.18931,154.56223,185.81682,245.73343,244.03298,240.0499,,
410.77226,418,347,284,308,254,212,158,221,246,249,265,405.69168,359.04324,264.52934,320.47446,233.03062,196.71909,154.5797,186.59716,245.35523,244.55474,241.5905,,
410.94057,424,369,289,324,255,222,159,202,251,265,258,406.28481,359.64973,264.19801,320.6722,233.41233,196.88749,154.96473,186.95019,245.79818,244.93413,242.65653,,
411.10889,426,372,264,372,239,224,172,193,270,252,266,405.43002,358.70493,263.00757,320.22648,231.69345,196.46187,154.45285,185.9569,245.09158,244.57025,242.11203,,
411.27723,434,388,284,304,251,256,238,196,271,255,268,407.05423,359.67193,263.9814,320.3181,233.01848,197.25998,155.42726,185.81889,245.30239,245.41557,243.08152,,
411.44558,393,351,250,302,225,190,156,192,239,244,222,406.77848,360.2666,263.52758,319.86444,232.55082,196.60142,154.78314,185.40889,245.65877,245.61408,243.60975,,
411.61395,380,348,257,305,213,175,124,156,228,227,229,405.8976,360.11923,264.1861,320.01074,233.27713,197.03008,153.97909,185.89499,246.29933,245.70953,244.08816,,
411.78233,435,376,272,328,253,239,160,209,260,255,246,406.45068,359.67041,263.72629,320.31665,233.12709,197.80255,154.55319,185.449,246.0439,244.81562,243.45405,,
411.95073,409,367,266,333,243,218,151,190,268,250,252,406.29514,359.3423,263.71472,320.05266,233.27935,197.8636,153.99767,185.03062,245.6688,245.17026,243.77429,,
412.11914,380,340,244,340,220,181,159,164,216,250,236,407.03882,359.74362,264.36329,319.57754,234.21366,198.6896,155.5616,185.4652,245.97873,246.1661,244.74255,,
412.28757,420,364,237,303,209,166,122,175,200,227,211,407.58008,360.83209,264.84369,319.5406,234.31337,199.73112,155.6917,185.93431,247.25452,246.48418,245.89406,,
412.45601,399,349,250,346,228,185,164,180,271,255,245,406.69084,358.98265,264.18524,319.99841,233.19815,199.29126,155.61512,184.37598,247.26839,245.68201,244.79565,,
412.62447,398,354,265,333,261,213,165,175,240,264,271,406.80645,358.38816,265.47969,319.72425,234.07998,199.712,156.34606,185.09681,247.20077,246.67562,246.17416,,
412.79294,380,354,233,290,224,164,133,175,212,208,238,406.86475,358.66373,264.41337,319.70147,235.36726,199.99635,156.33063,186.00292,247.45747,246.42925,247.16028,,
412.96143,369,351,241,308,225,171,127,175,237,238,236,405.70894,359.10582,261.72004,319.61517,234.86394,200.29797,155.94731,184.8026,247.58327,245.28182,246.74928,,
413.12993,467,368,289,335,226,201,164,198,294,256,258,404.30506,358.18227,261.28155,318.70459,233.60377,199.68269,154.64871,183.4914,246.88666,244.0535,245.45428,,
413.29845,420,367,280,324,239,213,186,189,205,261,254,404.00428,358.12317,261.79467,319.52015,234.82079,200.09595,153.93959,183.98032,246.81155,243.60468,245.6206,,
413.46698,376,329,238,287,207,175,125,144,225,224,210,402.83155,358.05794,261.65558,319.11747,233.61229,199.2229,152.83277,183.80065,246.72901,243.04958,245.89205,,
413.63553,383,361,256,325,223,210,130,175,242,237,234,403.30991,357.74572,261.62013,319.37629,234.37301,200.6221,153.01416,184.35792,247.02018,242.91839,245.74625,,
413.80409,430,353,271,328,246,239,178,198,269,248,266,403.14089,356.94494,260.50846,318.43317,231.70713,201.56287,152.95171,183.511,246.01194,241.07459,243.96,,
413.97267,403,364,274,301,233,191,146,180,245,263,244,403.68427,356.67469,261.39582,319.46594,232.23523,200.83814,153.88036,184.65784,247.29419,241.92437,244.68652,,
414.14126,397,334,234,282,225,177,126,160,224,216,224,403.31543,356.53745,259.51498,319.32535,232.21072,201.07436,153.99844,183.74618,246.8118,241.03787,244.93386,,
414.30987,402,352,233,314,213,207,143,170,260,223,232,403.45917,356.16086,260.03692,320.58491,232.94156,201.99529,154.40692,184.26062,248.17339,240.23722,245.36909,,
414.47849,409,370,285,358,259,212,165,191,283,239,262,402.63501,354.33369,259.09923,319.06179,232.05561,200.92364,152.71361,182.46305,246.86287,240.29224,242.83932,,
414.64713,420,376,308,348,266,224,176,234,280,269,288,402.91986,355.18639,260.44588,318.11878,232.29675,202.13389,153.68586,184.21079,247.43596,241.14141,244.12793,,
414.81578,386,374,266,303,244,207,168,223,246,256,270,401.86582,355.99221,260.04646,318.31081,230.97488,201.92666,153.15792,184.59066,248.09217,240.93529,242.58744,,
414.98445,400,367,244,317,218,192,152,175,238,241,230,401.72604,355.96034,263.11169,319.05722,230.70649,201.43709,152.92018,184.38196,249.00537,241.34313,242.04566,,
415.15314,396,356,297,331,241,208,154,178,255,239,241,401.23235,355.3336,263.88371,318.61514,230.92582,201.16886,152.28003,184.97769,248.81325,241.16558,242.1,,
415.32183,416,367,285,321,266,205,150,193,261,254,252,402.58685,356.08643,265.04813,319.51895,233.44465,202.81306,152.97289,186.62137,249.48033,242.87635,244.05783,,
415.49055,374,325,239,301,198,191,141,189,235,210,225,403.15183,356.8981,265.67132,321.16995,234.20916,204.25201,153.09022,187.35688,250.9316,243.23656,245.31308,,
415.65928,418,333,265,318,230,220,170,181,240,229,233,404.58572,358.13858,267.01375,320.88163,235.47154,206.42255,156.10489,188.60414,252.07416,244.37269,247.26023,,
415.82802,412,335,253,306,216,201,170,175,229,230,242,404.3702,357.62765,266.54577,320.32318,235.03932,205.83388,156.18096,188.52878,252.14798,243.91069,246.43838,,
415.99678,406,367,271,308,237,202,163,185,265,266,251,404.02936,358.7684,268.33065,320.54271,235.45516,206.13316,155.86131,189.21844,253.28279,244.82969,247.68239,,
416.16555,402,372,271,329,248,222,174,204,261,254,250,405.15316,359.55483,267.61166,320.60262,236.67374,208.42694,155.81012,190.04161,253.81712,244.83196,247.98106,,
416.33434,401,361,232,335,224,201,129,172,267,230,238,405.35131,360.04199,267.90181,320.81164,237.36864,210.36039,155.92756,190.05554,254.60828,245.38295,248.23029,,
416.50314,388,356,270,335,248,200,153,186,241,259,233,403.3774,358.89556,267.1984,320.0793,236.6932,209.87134,155.24782,188.73005,252.744,244.65911,247.56343,,
416.67196,408,377,259,318,252,216,153,207,274,242,271,404.26578,360.19991,267.47152,321.2275,237.41421,210.18127,155.52905,189.97735,252.11658,245.56669,248.06288,,
416.84079,390,366,239,328,226,181,132,173,264,214,227,403.60742,359.10363,266.56475,321.58556,236.32241,209.8101,155.31611,188.52355,254.68681,245.20501,247.27967,,
417.00964,399,367,283,324,205,206,144,175,240,243,239,403.67857,359.23081,267.50284,322.90672,238.44225,211.10872,156.20503,188.87644,255.28044,246.92858,248.78348,,
417.17851,397,329,308,305,239,192,140,202,240,239,246,402.46024,358.51471,265.96147,321.64074,238.48914,209.62235,154.99323,188.18913,253.53439,246.06673,248.64853,,
417.34738,436,369,285,343,252,222,180,218,260,272,274,400.37903,359.18218,264.76129,321.16127,238.38168,209.05262,154.06847,188.75463,252.85608,245.82219,248.02736,,
417.51628,398,354,239,308,213,201,156,186,246,250,239,401.34848,359.3095,265.0468,321.15824,237.80396,208.34619,153.50311,188.6903,253.78301,245.71732,248.40105,,
417.68519,434,362,271,342,265,253,203,209,251,269,241,401.56683,359.51369,265.97382,321.69669,238.20544,208.24882,154.65847,189.12834,252.27967,246.48844,248.8648,,
417.85411,390,358,244,319,201,189,153,165,243,226,238,400.04924,359.14909,265.42316,320.54622,237.56479,206.15787,152.88416,187.78566,250.81848,246.40236,247.96559,,
418.02305,402,363,285,336,299,218,169,200,267,277,282,399.23692,359.87359,266.88383,321.47895,238.05484,206.75551,151.94861,188.3348,251.13989,246.78867,247.79972,,
418.192,405,365,256,299,221,257,147,170,230,238,228,400.24182,359.90521,267.09769,322.0374,238.66226,208.14961,152.88373,188.41195,250.99617,247.61718,248.35108,,
418.36097,412,366,336,321,234,207,145,209,271,284,244,399.28415,359.19169,266.58783,320.67669,237.9687,206.2461,152.35697,187.21677,250.06623,247.47315,247.54024,,
418.52996,383,349,258,289,212,186,128,161,233,255,218,398.25124,358.04086,264.41518,317.83936,236.8356,204.35373,150.54538,185.13824,247.6773,246.70079,245.80661,,
418.69895,399,388,271,342,232,214,152,206,275,239,288,398.74321,358.01794,263.57709,317.97794,237.22166,204.83259,150.38916,185.17479,247.88016,246.13579,245.69275,,
418.86797,383,350,241,331,261,186,125,156,245,218,230,398.98974,357.4965,264.18689,318.62312,237.78582,204.80552,150.57945,184.46742,249.11423,245.97873,245.57478,,
419.037,426,353,293,334,292,208,168,196,258,257,298,399.42676,357.89332,267.15137,318.98091,239.26904,205.23674,151.47399,186.39552,249.56076,248.61523,246.89889,,
419.20604,399,374,207,312,248,204,156,200,241,256,273,398.80586,358.76949,265.04064,318.44166,240.13679,205.75999,152.1714,187.90188,250.08236,249.33342,248.41645,,
419.3751,424,372,265,325,266,234,170,210,268,263,281,398.89488,359.65664,264.24114,318.29167,239.98054,205.53859,152.61157,187.38492,250.62935,249.66536,247.95644,,
419.54418,369,347,261,292,191,182,125,160,245,216,212,398.40035,359.57677,265.28193,318.6322,240.24696,205.15242,152.75814,187.41711,250.98136,249.74314,248.53331,,
419.71326,398,348,256,317,232,191,157,181,238,249,243,398.87646,360.23631,266.42592,318.81109,241.92394,204.32585,152.34948,188.01613,251.39648,249.80946,248.91569,,
419.88237,379,352,252,318,228,204,133,166,253,226,223,397.24209,359.7223,265.87658,318.23871,241.58151,203.75225,151.67925,189.29117,251.3288,249.06286,248.99189,,
420.05149,393,378,281,322,262,239,158,209,260,271,271,398.51779,359.71922,266.38449,319.21142,242.33754,205.01382,152.98347,190.12435,251.99379,249.52162,249.94781,,
420.22062,378,315,206,293,219,192,136,143,207,204,202,399.31111,359.11758,267.12859,319.10986,241.42395,204.97536,153.98673,190.40653,251.65911,249.36064,250.43743,,
420.38977,380,351,305,318,229,186,160,187,255,260,245,398.64756,358.65517,266.45752,318.20143,241.57116,204.13957,153.28814,190.30721,251.86525,249.52604,250.4767,,
420.55894,386,354,271,320,239,178,146,200,259,239,254,398.27072,358.61181,266.08279,317.83683,241.30701,204.42626,153.8118,190.86697,251.74244,248.45682,250.20983,,
420.72812,431,384,284,367,265,222,184,223,302,287,272,398.00077,358.99837,264.32365,317.61236,241.47186,204.05511,153.18768,187.88867,252.01841,247.30411,249.91782,,
420.89731,374,323,239,266,202,173,111,143,240,208,201,397.01726,357.67052,263.53088,316.72878,241.39373,203.69759,152.5763,188.21253,250.78702,246.57838,248.64964,,
421.06652,405,389,288,333,280,207,165,239,193,278,273,397.06256,358.59673,263.29113,316.07799,241.99309,204.17486,152.74129,188.92061,250.97644,246.70822,249.80964,,
421.23574,377,354,239,290,207,175,130,175,222,220,224,396.80056,359.41883,262.08904,316.51093,241.77902,203.47951,152.05586,188.90856,251.72715,245.73551,248.34549,,
421.40498,398,384,288,332,239,216,168,209,268,248,246,396.54343,359.66772,262.26311,317.27375,241.24617,203.61963,152.36798,188.44359,252.49496,245.94512,248.59931,,
421.57424,412,333,283,321,244,184,149,164,254,254,260,394.97608,358.2475,262.80874,316.3234,240.86224,201.87982,151.0166,188.49963,251.6004,244.20077,247.90353,,
421.74351,412,367,284,334,262,214,174,208,261,271,250,395.31077,358.32479,262.39251,316.98689,241.53238,201.5271,151.222,189.57403,251.53159,244.42017,248.97006,,
421.91279,400,367,258,307,244,207,143,185,256,252,245,395.12209,357.95814,261.94222,316.8204,241.01427,200.97715,150.9029,190.1036,251.48089,244.60984,248.49915,,
422.08209,416,346,264,324,246,238,184,197,270,244,244,396.22796,357.96229,261.88072,317.30825,241.52875,202.0812,152.89882,191.56126,251.21033,245.0092,248.08646,,
422.25141,396,335,204,286,218,180,159,156,222,237,237,395.28368,357.47978,260.79746,316.97683,239.91794,200.53469,152.64353,190.87017,250.4755,243.90124,247.03253,,
422.42074,380,347,254,298,234,181,143,192,264,230,244,394.88781,357.03105,260.17301,317.48375,241.6223,199.95214,152.34234,191.4678,251.29998,244.81868,247.6308,,
422.59008,423,385,284,335,268,249,162,221,271,282,272,392.89853,355.48076,258.44406,316.08709,239.78806,200.53591,151.32889,189.4471,249.45276,242.54216,245.61034,,
422.75944,424,372,304,367,280,238,186,235,303,260,287,393.79934,355.1113,260.08532,315.81689,239.2046,200.79202,152.00682,190.5172,250.06141,243.43509,245.11767,,
422.92882,377,349,254,296,214,186,145,171,254,257,239,394.33971,355.23989,260.01368,314.96351,238.56889,201.33666,150.2345,190.40119,249.57403,244.42644,244.63283,,
423.09821,390,386,253,324,252,207,154,216,245,258,270,394.62894,356.53276,259.71424,315.58076,238.22361,202.61689,150.90265,191.12716,250.83868,243.82514,245.867,,
423.26761,396,367,194,332,233,206,143,175,276,190,255,393.46334,354.79755,258.73309,315.48807,237.10412,201.63943,149.57281,188.59365,249.85753,242.28377,243.35117,,
423.43703,398,352,328,320,234,186,143,184,243,239,236,393.75234,353.68896,258.65462,315.1757,238.41632,201.3789,149.20279,188.46468,250.12811,242.29532,244.58115,,
423.60647,385,345,266,319,241,192,134,208,229,236,264,393.97889,354.26372,255.55614,315.25269,239.44927,201.40993,148.99789,189.10456,251.11393,242.69723,246.0711,,
423.77592,399,367,257,317,249,212,143,192,249,240,238,395.34549,355.13131,254.66357,315.74339,240.16338,203.22626,149.87397,189.76749,251.89626,244.19228,247.02428,,
423.94538,386,354,244,313,229,227,157,187,254,256,255,394.91796,355.29679,254.28732,315.17137,239.23935,202.77626,149.46416,189.33242,251.77977,244.24623,246.80113,,
424.11486,415,348,252,316,226,205,156,157,243,237,236,395.49394,355.28272,254.39623,315.30272,239.33265,202.85599,149.87173,189.54047,252.2381,244.94378,247.32257,,
424.28436,357,329,236,274,212,168,115,157,216,205,205,394.35421,354.67761,253.07572,314.85048,237.84999,202.55979,148.48513,188.1625,251.8284,243.51736,246.04231,,
424.45387,363,342,207,290,250,189,122,162,230,217,221,394.05579,355.25276,253.93268,315.55591,238.9867,203.85635,149.59523,189.18825,253.17944,245.12879,247.25781,,
424.62339,406,367,268,314,233,216,175,180,244,239,242,393.07155,353.5491,250.91019,313.402,237.71997,203.44502,147.61274,187.33242,250.70735,243.12915,245.33328,,
424.79293,394,361,260,316,260,200,150,176,253,274,252,392.30531,353.06605,252.14576,313.14693,236.7662,202.3044,147.85685,186.51496,250.71798,242.76883,244.72876,,
424.96249,389,335,266,320,221,202,143,271,248,256,240,391.21423,351.56137,252.24309,312.83028,235.36954,201.48339,146.96217,185.43045,251.26821,242.15158,243.87286,,
425.13206,399,389,270,349,252,199,165,178,276,274,267,392.25396,353.03561,252.28739,314.6749,235.83266,202.53439,148.12111,186.12471,252.28966,243.76783,244.93615,,
425.30164,383,336,239,330,236,185,139,186,266,230,223,391.56148,352.42379,250.90682,312.92935,234.07577,200.94068,147.24814,184.78226,252.64092,242.69238,242.85279,,
425.47124,372,326,245,304,237,185,143,175,241,233,268,392.1251,353.14702,251.29346,313.44261,234.87508,202.27185,147.80992,185.639,251.3476,244.31765,243.63274,,
425.64086,376,344,238,286,220,175,114,188,212,214,218,391.31009,353.07327,250.65116,312.09244,233.6799,201.80752,147.3509,185.2196,249.8713,243.44085,242.53994,,
425.81049,419,360,254,322,244,223,162,198,264,275,254,391.64837,354.61551,252.06657,312.96192,234.24558,202.97493,148.20195,186.93669,250.35444,244.01635,243.06209,,
425.98013,400,347,271,306,221,209,152,184,258,246,223,391.50583,353.96849,253.23837,312.14913,234.04625,202.26435,147.40728,186.76747,250.41514,244.23486,243.10594,,
426.1498,383,346,224,298,217,196,149,171,244,226,239,392.05332,354.51328,254.05137,312.99472,234.3401,202.38139,148.20327,187.20204,250.55358,245.12123,243.61412,,
426.31947,376,339,236,309,231,195,120,160,256,238,236,392.53052,355.14204,254.087,313.29029,234.89628,202.20549,148.24352,186.77209,250.66479,245.22376,243.27274,,
426.48916,404,350,239,316,237,226,149,186,265,246,253,393.48805,355.99259,255.37371,314.89427,235.80072,203.86573,149.06363,188.15686,252.41167,246.58468,243.93866,,
426.65887,399,354,264,306,223,227,171,175,237,228,244,394.15217,356.01871,254.50481,314.66518,235.65363,204.66538,150.2193,187.55788,251.62783,246.30535,244.05357,,
426.82859,465,399,277,335,271,239,180,237,293,304,284,393.68002,354.7737,254.76502,313.82468,234.90197,204.09964,149.98709,187.5527,251.7679,245.44565,243.29129,,
426.99832,382,367,251,320,243,210,120,175,255,252,250,394.85141,355.4028,254.8747,313.63383,235.25767,205.46259,150.39605,188.37369,251.45201,246.97536,243.87248,,
427.16808,361,332,236,305,218,176,184,163,255,223,218,395.95597,356.43297,256.3343,314.50509,236.82326,207.65456,152.45102,191.01087,252.91196,247.95556,245.37865,,
427.33784,380,329,256,306,221,173,124,175,237,261,226,395.28003,356.39872,255.19529,314.17971,235.3167,207.2282,152.15713,189.74629,253.12922,248.07343,244.65354,,
427.50762,413,398,248,323,280,220,161,238,287,273,301,394.95148,355.94738,254.93252,314.69141,235.10021,206.73691,152.05463,189.44264,253.13862,247.73825,244.95461,,
427.67742,412,386,272,340,240,220,174,200,262,262,251,395.27486,356.51661,253.48096,314.9817,235.17278,206.86487,152.26293,189.04734,254.33183,246.66051,245.59107,,
427.84723,392,354,292,308,209,209,162,180,218,252,223,395.31964,356.0807,254.92281,315.46064,235.04464,206.58395,152.23124,189.97681,254.61514,246.18703,245.39811,,
428.01705,380,344,276,306,239,180,142,192,249,223,254,395.71979,355.83587,254.44286,315.98018,235.54205,205.90303,151.85791,190.71517,254.32302,246.10585,246.31881,,
428.1869,384,341,257,306,216,204,138,178,258,219,224,396.00428,356.2849,255.22972,316.00917,234.57804,205.69324,151.29525,191.77707,254.10677,245.80473,246.71895,,
428.35675,374,344,233,303,213,191,138,171,228,223,222,395.76187,357.16363,256.27294,316.99629,235.37641,206.71007,150.93758,193.01973,254.71963,246.54706,248.08564,,
428.52662,412,367,276,324,261,216,175,207,271,271,260,396.30148,357.63741,257.20716,317.24984,236.65431,206.99257,150.53786,192.99067,254.76575,246.56545,248.15343,,
428.69651,398,356,232,288,207,202,113,168,218,213,223,395.39854,357.0803,256.93567,316.34939,235.85683,206.24166,149.22066,191.95669,253.77313,244.918,246.81311,,
428.86641,406,370,286,356,244,217,196,196,292,266,258,394.69687,356.71012,255.67037,315.23672,236.13568,205.94147,148.13208,191.10136,252.73465,243.55521,245.35831,,
429.03633,399,362,241,319,242,238,148,202,256,268,254,394.4119,356.37985,254.96317,313.54701,235.102,205.4076,148.28374,189.87057,251.11314,242.01225,244.57551,,
429.20626,416,404,249,325,270,220,175,230,242,260,276,394.20034,356.32291,255.13402,313.7804,236.30334,205.03814,148.45881,189.78638,250.98632,241.8356,244.56192,,
429.3762,393,338,268,304,239,201,148,202,276,236,234,393.61422,355.19889,255.14977,314.04152,235.01968,204.54472,148.0077,191.27258,250.57845,241.69272,243.67331,,
429.54617,396,344,275,325,252,244,142,191,242,248,269,394.10974,355.41845,256.33967,314.74394,235.84391,204.49963,149.07572,191.50345,250.76183,242.0634,244.356,,
429.71614,382,364,268,313,246,177,143,215,242,224,244,393.11796,354.48581,254.60771,314.60103,235.2916,203.05463,148.20111,191.08243,250.36918,240.54493,243.50817,,
429.88613,399,360,256,334,243,200,140,201,269,250,260,392.59564,354.57172,254.45963,314.88826,235.49582,202.85574,148.82462,191.28141,250.5727,240.56656,243.21122,,
430.05614,378,336,234,300,210,181,130,161,248,225,224,390.83837,353.96093,254.793,313.45829,234.57188,200.93166,147.40264,191.10123,249.27022,239.22349,242.75784,,
430.22616,410,358,239,350,239,210,168,175,249,242,254,390.9889,353.46545,255.14077,313.67066,235.11323,200.39636,146.86906,191.58373,249.36714,239.75395,243.05941,,
430.3962,391,350,256,312,244,212,142,197,254,239,229,388.96777,351.97923,254.64987,311.63587,233.69469,198.11183,144.83637,190.87782,248.46354,238.81211,241.28662,,
430.56625,382,348,260,303,219,218,136,207,251,250,252,388.70615,351.08408,254.39324,311.2345,232.90962,197.57639,144.83508,190.66271,248.27953,238.66654,241.16182,,
430.73632,382,315,222,270,206,190,152,156,207,196,214,387.85302,349.73925,253.7207,310.8135,232.20585,196.65795,143.78312,190.02829,247.7884,237.9877,240.56853,,
430.9064,371,322,225,285,207,156,117,175,238,239,219,386.82826,348.30635,252.16945,309.87415,231.5401,195.68991,142.86768,189.01855,246.87087,237.36576,238.56991,,
431.07649,390,373,226,310,239,193,145,186,245,250,253,387.16093,347.12546,253.22811,309.59739,230.8426,195.76545,143.19278,188.41174,246.24784,235.8262,237.37575,,
431.24661,377,351,262,326,239,196,142,190,272,222,238,389.43593,348.6802,254.28889,310.36678,232.42243,197.01783,144.34565,190.09744,248.00926,237.39815,239.32755,,
431.41673,384,326,244,332,216,160,111,146,253,220,226,389.30261,347.88244,253.80496,309.92827,232.342,196.5987,143.3688,189.41079,247.35872,237.07692,239.81472,,
431.58688,399,336,290,306,257,194,150,216,252,248,257,388.43795,347.57865,253.78323,309.42241,232.34164,196.03706,144.52153,188.71202,247.44662,236.64803,239.74378,,
431.75703,400,392,264,303,255,217,154,237,250,271,258,387.41179,346.03656,251.97733,308.70509,230.3762,194.03953,143.12388,187.19751,246.60491,236.44604,238.4485,,
431.9272,384,346,239,321,229,197,132,207,242,226,236,387.85429,346.09869,251.37693,308.44563,230.84801,191.68579,142.89497,187.53571,247.78113,237.03939,238.77519,,
432.09739,396,367,277,305,236,188,137,169,240,248,245,387.67299,346.82625,251.8858,309.24014,231.72294,192.63138,143.84711,188.30615,248.59548,238.06252,239.98014,,
432.26759,369,354,295,302,221,204,136,200,241,230,236,387.34746,346.83381,252.48012,308.74785,231.38341,193.22315,144.42429,188.25516,247.97459,238.65637,240.25498,,
432.43781,384,353,248,317,284,209,149,175,256,239,227,386.3946,345.77155,252.98804,308.18143,231.65881,192.04868,143.17131,188.0945,247.77642,237.92435,240.97495,,
432.60804,388,324,222,278,207,185,158,160,232,218,207,386.61795,345.87719,253.66901,308.36968,232.18664,192.44459,143.59385,188.49054,248.63324,237.95848,241.88917,,
432.77829,392,326,227,302,178,188,163,165,237,220,228,385.15196,345.52733,253.31892,307.88523,231.48912,191.44055,143.44825,187.51668,248.05993,237.30624,241.76756,,
432.94855,381,335,247,293,225,180,153,191,239,238,239,385.06992,345.33149,254.29713,307.10093,232.01228,190.69959,143.71859,187.61911,248.5941,238.01866,242.2714,,
433.11883,371,335,244,308,224,177,147,184,248,233,254,385.29681,344.72063,252.73413,305.52214,230.31632,190.55218,142.27317,186.36089,247.05563,236.45944,241.94494,,
433.28912,397,358,285,353,254,211,159,213,282,259,252,385.4336,344.93388,253.94802,307.28456,230.52006,192.08995,143.77501,186.22954,248.22254,237.0766,242.47457,,
433.45943,384,345,252,292,207,191,136,168,242,253,237,385.64314,344.91289,253.82077,307.25249,230.00415,193.00963,144.14,186.15518,247.46352,238.24127,242.90546,,
433.62975,391,354,266,292,253,196,149,217,245,239,256,385.97866,346.62991,253.89071,307.14039,231.47045,193.57655,144.79431,187.02483,246.98344,239.482,244.38558,,
433.80009,362,366,232,308,213,175,118,175,255,244,232,384.77657,344.49199,253.08118,306.29314,229.67587,192.62556,143.30164,185.12313,247.02424,238.36635,242.67696,,
433.97044,394,356,303,324,245,205,157,204,271,269,239,385.42606,344.97416,254.33885,308.47675,231.50803,195.39505,143.92924,185.78308,248.55917,240.37383,244.80729,,
434.14081,362,303,258,283,221,156,106,170,226,218,268,384.67456,345.79735,254.76797,308.94833,232.26811,194.97151,144.15522,187.02886,248.42203,240.69342,245.67109,,
434.31119,403,335,230,318,241,196,138,193,240,239,224,385.0188,347.39294,254.7551,310.07182,232.64867,195.93246,143.97989,188.62996,249.75139,242.09004,246.54894,,
434.48159,383,345,240,296,214,196,154,181,240,236,230,384.26182,347.19373,254.34035,309.76663,232.24139,195.83827,142.38966,188.27131,250.01139,242.29856,246.34336,,
434.652,446,367,289,360,258,249,203,209,271,262,270,385.13384,348.21475,254.45591,311.63274,232.98455,196.58588,143.77021,187.85667,250.81368,243.4336,247.51945,,
434.82243,373,346,234,298,232,180,136,178,233,213,229,384.84974,348.64776,254.75132,312.22463,234.30839,196.88523,143.51091,188.13353,251.11833,244.12668,247.4587,,
434.99287,381,352,253,306,242,188,138,174,254,238,239,383.94251,348.44443,254.97431,311.61777,234.11964,197.98926,142.07749,188.35192,251.0258,244.28227,248.05601,,
435.16333,416,366,285,332,249,224,160,210,283,244,310,384.28293,348.60171,253.98453,311.22134,233.83739,198.48144,143.34828,187.64536,250.03049,243.17901,247.81583,,
435.3338,367,364,220,300,237,197,143,185,248,258,285,384.84883,348.28966,253.3124,311.00068,233.67129,198.21504,143.9937,188.00041,249.75096,243.99393,247.54114,,
435.50429,371,319,230,292,208,173,127,170,223,234,224,385.02034,349.02059,252.07126,310.618,233.81723,198.46243,144.13638,187.87569,248.86892,244.58187,247.81476,,
435.67479,373,372,256,320,239,204,137,190,271,254,242,384.74434,349.60858,251.60044,311.30961,233.83895,199.05475,144.75648,187.84962,249.66267,244.00299,248.0101,,
435.84531,370,319,220,308,209,172,127,173,249,228,225,384.05776,348.00979,249.73526,312.07821,232.13821,197.81069,143.39992,185.48121,249.47664,243.52846,246.43521,,
436.01584,389,351,300,315,278,212,154,209,263,259,271,384.38182,347.32279,250.86036,311.96575,232.77775,198.56447,144.48855,186.62525,249.46805,244.40889,247.57924,,
436.18639,372,370,255,318,265,280,152,217,248,252,303,383.8884,347.88306,249.69132,311.55131,233.41969,198.72525,144.04279,187.76532,249.06397,245.11189,247.71784,,
436.35695,396,345,241,303,218,178,128,171,239,232,234,383.65571,348.98906,248.3849,312.87597,233.05228,199.33797,143.90824,187.61175,249.2013,245.24195,246.52971,,
436.52753,384,340,263,317,224,178,130,176,240,239,234,383.20139,349.80833,248.39856,312.90075,233.05556,198.88509,143.20977,186.90364,248.60024,245.42148,246.47899,,
436.69812,393,367,257,318,230,207,175,190,253,256,248,382.5225,351.05511,250.11953,313.43992,233.05343,198.59048,142.67746,187.53399,248.45437,245.19901,246.47897,,
436.86873,353,322,233,290,193,175,113,153,225,222,207,381.09291,351.50875,249.55637,313.19738,234.59616,198.08055,141.33126,186.58683,248.22981,244.54278,245.45032,,
437.03935,396,335,239,306,223,208,126,186,239,244,231,380.87979,351.91932,249.68593,312.98548,235.14696,198.92872,142.24361,186.69895,248.37512,244.15769,244.82133,,
437.20999,389,353,234,340,229,229,150,185,243,248,246,381.26768,350.72976,248.89447,312.37722,233.11599,198.84419,142.92845,185.34053,247.02267,242.90906,243.65449,,
437.38065,366,360,277,335,252,200,147,192,260,271,236,380.99105,351.31351,248.94129,312.518,233.27369,198.51532,142.88068,186.15459,247.20295,243.04641,243.52547,,
437.55131,377,350,239,292,224,156,131,180,244,254,240,380.56574,350.52857,248.56001,312.66344,233.28612,198.81925,143.45192,186.51976,247.53,242.78763,243.2181,,
437.722,368,354,239,320,249,200,124,185,281,244,241,381.01022,350.84464,249.49451,313.87377,233.42123,199.75311,144.40954,186.85744,248.83803,242.94641,243.12698,,
437.8927,383,344,236,334,214,201,143,186,262,238,230,380.71204,349.99995,249.25206,313.20669,232.03466,199.14983,144.84765,185.6929,248.00455,243.02342,242.31935,,
438.06341,419,420,288,344,303,241,198,265,285,301,303,381.46862,351.00014,250.33292,312.89719,232.15405,199.88718,146.05443,186.59061,247.74797,243.7079,242.89544,,
438.23414,362,342,230,261,199,164,124,175,201,210,212,380.66026,351.79501,248.57523,312.75213,230.9103,199.71524,145.78432,185.30504,247.73993,243.27312,241.3256,,
438.40488,395,351,253,303,229,206,136,180,252,239,228,380.55904,351.09599,249.86867,313.03314,229.585,199.70341,145.90235,184.82749,248.53836,243.31518,239.83461,,
438.57564,376,321,259,303,242,180,146,154,229,226,244,379.24186,348.95402,249.22451,311.7026,228.46733,197.85384,144.09169,183.47376,247.52074,241.5674,239.25915,,
438.74641,393,356,250,319,236,194,187,175,244,239,245,380.08947,348.45172,247.86602,311.8749,229.38293,197.8322,143.74896,183.78899,247.81558,241.52404,238.59662,,
438.9172,371,336,232,298,224,194,128,186,224,221,226,380.09155,348.17855,247.43525,311.10734,228.15833,199.03314,143.53985,182.76534,247.14689,241.24603,237.86373,,
439.088,394,348,239,306,208,216,160,184,244,230,241,381.66221,347.99058,247.89524,311.61974,229.35654,199.54418,144.7763,183.20281,247.35018,241.18945,237.62364,,
439.25882,410,370,245,340,232,201,200,200,256,261,241,380.99941,347.72933,246.7223,311.18123,228.58425,197.68387,144.92217,182.60944,246.18141,239.99085,236.584,,
439.42966,368,321,245,297,217,196,128,180,239,249,228,380.28798,347.04426,245.70928,310.27849,227.72937,196.31471,143.9303,181.54991,246.11405,239.22243,235.61025,,
439.6005,342,334,229,297,205,182,107,155,239,221,226,380.95214,346.69929,245.86111,310.0424,226.97758,195.73592,144.34553,180.93114,246.21697,237.55102,236.2914,,
439.77137,368,348,241,325,221,196,146,177,266,238,238,381.47598,347.63825,245.68312,309.85997,226.69465,196.33962,144.51621,180.7096,247.61224,238.03327,237.05959,,
439.94225,367,332,248,307,225,186,125,176,239,249,224,382.15937,347.26664,245.74283,309.02557,226.24064,195.84385,145.17115,180.87995,246.60903,238.36461,236.9082,,
440.11314,386,381,280,314,262,209,157,209,256,240,271,383.32923,348.20329,246.61696,309.75703,226.63023,195.90466,145.41661,181.74944,248.00627,238.54332,237.22272,,
440.28405,367,361,228,321,227,170,108,158,251,218,209,384.00326,347.1427,246.71406,310.28583,225.12358,195.29473,145.40581,180.58318,248.52869,238.18256,236.19228,,
440.45497,399,382,286,330,229,214,164,184,265,249,244,384.97162,346.52246,248.4808,310.06893,226.32014,195.52203,145.87223,180.87782,249.25502,238.47444,237.08233,,
440.62591,377,322,271,289,240,181,132,207,239,224,271,385.12999,346.7016,247.93443,310.19885,227.48619,197.47938,146.24173,182.356,249.36694,238.23081,239.32152,,
440.79687,399,352,269,316,236,207,154,191,261,242,244,385.62033,346.90779,247.46692,309.42298,226.19711,196.86398,145.75089,181.08315,249.0882,237.71558,238.60418,,
440.96784,381,325,236,293,220,221,147,176,246,237,232,385.94299,346.14958,247.85309,309.02553,225.4283,195.57098,144.53752,179.8949,248.30737,236.6481,238.15763,,
441.13882,424,350,271,335,234,242,192,206,265,261,256,387.16456,347.31724,250.42936,309.26424,225.39833,196.35847,145.56004,180.06623,248.76987,238.10435,239.75845,,
441.30982,392,318,217,293,190,174,129,150,227,229,216,386.02938,346.58438,250.68257,308.37564,224.4859,194.61963,143.86346,179.08236,247.72681,237.40486,239.073,,
441.48083,377,369,244,326,238,205,143,198,281,256,248,387.22882,346.37813,250.96854,307.95511,224.33584,195.18216,142.57625,179.49383,247.79753,237.48542,239.02213,,
441.65186,389,313,230,288,203,204,162,146,230,224,220,387.73927,346.34026,250.72563,308.09805,223.9034,196.28936,142.59841,179.34841,247.3278,237.39915,239.06691,,
441.82291,383,354,237,297,200,174,137,147,229,228,239,387.09547,346.32639,251.63616,308.82641,224.06424,195.41016,143.32757,179.12286,247.98992,238.27029,239.43131,,
441.99396,379,339,233,308,224,182,136,175,229,239,230,386.8843,345.38986,250.93116,307.1485,223.11982,193.39104,142.335,177.18347,246.42384,238.10933,238.68711,,
442.16504,393,367,241,313,228,215,129,181,264,238,238,386.84013,345.23813,250.90824,306.83603,223.4172,193.33045,141.62488,177.23061,247.21427,237.71499,238.83945,,
442.33613,364,312,207,296,222,173,111,159,248,200,207,385.83039,343.65286,250.24247,307.16404,221.90854,193.15681,140.90874,175.74108,247.174,236.72489,237.46286,,
442.50723,385,328,267,302,228,176,123,192,250,239,254,387.8788,346.45611,251.99441,307.67623,224.65256,194.97819,143.62251,178.58346,248.09919,239.68903,240.60599,,
442.67835,393,372,239,303,266,197,146,197,241,252,260,387.37684,346.69981,251.55476,306.66604,223.0417,194.36753,143.3806,178.44071,246.99975,239.07656,239.50977,,
442.84949,404,369,267,315,240,208,160,196,258,266,264,388.51134,346.69968,251.73734,306.61213,222.90557,195.00018,143.40796,178.19588,247.5944,239.39077,239.45639,,
443.02064,372,341,266,296,188,181,139,161,223,228,224,388.71685,346.30864,252.31996,307.74493,223.28073,194.12383,143.03579,177.89472,246.6797,239.44418,239.51673,,
443.1918,381,340,243,303,229,131,151,194,252,230,226,389.29425,346.8494,251.49079,307.55197,223.92011,194.06127,144.6059,178.25871,246.70629,239.73662,240.86944,,
443.36298,398,361,266,328,188,207,160,175,256,250,250,388.72477,346.94032,251.52497,307.04165,224.1333,194.1718,143.97407,179.00174,245.86088,239.63046,241.12055,,
443.53417,410,345,273,303,228,226,136,180,268,240,238,389.68393,347.65818,251.72344,306.33448,224.06227,194.80958,144.81447,179.48431,245.76253,239.8086,242.20284,,
443.70538,425,367,292,326,244,220,178,191,253,248,244,390.55181,348.34449,252.05771,307.11697,224.222,194.64323,147.02781,179.86591,245.79925,240.93549,243.12095,,
443.87661,424,376,297,335,255,237,158,218,284,290,268,390.30621,348.09042,253.16438,306.8363,224.45664,194.56001,147.01821,180.78047,245.89728,242.25287,242.06113,,
444.04785,385,335,248,304,233,174,153,186,208,237,255,388.42927,347.18752,251.85173,305.75062,222.99909,193.1962,145.96059,179.43242,244.90759,240.92179,240.4138,,
444.2191,380,330,244,315,207,181,117,154,259,216,228,388.80149,348.40164,253.39265,306.77612,223.81562,194.37994,147.38961,180.28216,246.3608,242.21532,241.70815,,
444.39037,360,335,239,287,204,189,135,143,224,239,226,388.53365,348.1046,254.67972,305.9689,223.7775,194.41577,147.73569,180.19538,245.71757,243.20141,241.80502,,
444.56166,367,348,223,277,236,175,129,192,230,230,253,387.69825,349.09359,255.18478,305.14354,224.95268,194.61333,148.3044,181.0484,245.18848,243.67372,243.52638,,
444.73296,372,364,245,306,216,182,137,181,236,238,236,386.78919,349.64837,254.00849,305.2625,224.21991,192.90727,147.32026,180.02992,245.58787,243.26234,242.45736,,
444.90427,380,361,287,297,210,200,139,152,242,253,230,387.2473,351.46363,255.78448,307.04095,225.82666,194.57886,149.21391,181.05991,247.55718,244.76217,246.15158,,
445.0756,393,337,276,312,250,192,143,201,245,244,269,386.56332,351.11615,257.37312,306.36667,226.98516,194.37702,148.80432,183.12252,247.84462,244.7855,247.87003,,
445.24695,389,364,274,314,241,213,169,206,263,272,264,387.16025,351.91166,257.41745,307.03074,228.51202,195.08263,149.74271,184.87037,248.75762,245.65852,248.99631,,
445.41831,367,326,192,294,223,170,142,176,234,204,208,386.91311,351.89712,257.15106,306.31276,229.08243,195.83544,150.46343,185.76652,249.06358,246.33749,249.52687,,
445.58968,405,342,239,301,211,223,175,175,255,239,239,388.32474,354.09568,259.05429,307.93923,230.88672,196.50187,152.70969,187.81023,250.39349,248.06609,250.76511,,
445.76107,367,331,239,297,208,178,175,155,227,232,237,387.22433,352.15454,258.00492,307.38551,229.82441,195.21475,151.48946,186.8511,249.24204,247.75623,249.6151,,
445.93248,383,340,248,314,221,182,157,170,246,242,249,386.11477,352.95941,257.95735,308.001,231.07814,196.07828,150.5411,188.64282,251.05124,248.26186,250.76597,,
446.1039,399,347,253,294,226,226,130,180,223,236,228,385.21017,350.54574,255.88575,306.44685,229.99912,196.68273,150.5584,187.54268,249.71166,245.88036,249.16807,,
446.27533,395,372,274,335,239,223,172,232,285,260,271,386.14311,351.54606,256.23584,307.19674,230.86097,198.27946,152.27251,188.06709,249.99402,246.67827,249.9183,,
446.44678,378,353,251,320,225,200,155,174,249,264,245,385.98736,351.46515,255.20911,306.94775,231.02383,199.06231,152.78593,189.30329,249.27276,247.00689,249.56565,,
446.61825,427,397,269,318,255,207,175,232,265,285,290,385.74498,351.48776,254.38726,306.60416,230.89701,199.79406,152.93959,189.41253,249.37623,245.96668,248.78973,,
446.78973,364,334,242,331,207,184,118,177,264,222,217,384.7476,349.22338,252.60137,306.2092,229.98729,199.57748,151.88584,188.0166,250.47664,243.09006,246.75204,,
446.96122,393,348,260,300,257,189,144,197,250,255,274,383.98109,347.73499,252.80758,305.92704,230.66559,199.75691,151.83723,188.9277,250.14639,243.10983,247.36603,,
447.13273,368,367,262,303,239,185,143,209,239,252,255,383.22601,346.98265,250.9364,305.52792,232.45269,199.85334,151.95751,189.22762,249.83843,243.28261,247.50096,,
447.30426,378,350,257,256,239,210,167,185,267,248,270,383.4199,347.87986,250.42173,305.6669,232.65465,200.90215,152.55666,190.48203,250.82643,244.10906,246.96106,,
447.4758,381,352,302,313,228,196,148,180,250,253,229,382.11386,347.03334,249.54348,304.92815,231.28934,200.42067,152.08816,190.05033,249.74307,243.64103,245.67327,,
447.64735,398,347,258,303,232,189,168,177,258,248,245,382.31176,347.22386,249.77861,305.81309,232.31677,198.73207,153.12761,191.69376,251.30612,244.18945,245.94949,,
447.81892,368,335,257,317,224,194,152,184,251,245,229,380.91511,346.64278,248.77329,305.53639,230.76733,197.41548,152.61,191.28682,251.38214,243.97606,244.77662,,
447.99051,389,360,257,304,240,210,153,208,260,245,232,380.60704,346.34264,248.87542,305.7395,230.44896,198.57983,152.53564,191.74018,251.31729,243.85603,244.1109,,
448.16211,386,343,227,298,223,205,162,173,241,228,288,380.65646,345.67462,248.93239,305.88453,229.53372,199.39079,152.79377,191.55655,250.72049,243.27262,243.13824,,
448.33373,412,376,291,324,269,238,175,225,278,292,314,380.99984,346.71995,250.1249,307.24558,230.53249,200.9986,153.16782,193.60916,252.32723,245.11749,243.5045,,
448.50536,355,316,201,280,207,165,126,172,223,220,229,380.43779,346.12682,250.10345,307.0725,230.90172,201.08501,152.9132,193.731,251.04109,244.26551,243.14619,,
448.677,367,346,205,325,238,189,136,202,267,239,252,380.72294,345.89501,250.02118,308.38737,231.09015,201.81241,152.91832,193.80149,252.25305,243.96188,242.90566,,
448.84866,403,353,262,338,239,207,159,209,285,248,245,379.82092,344.4893,249.64033,307.66217,230.54318,201.77012,152.95459,192.40773,251.63422,244.12938,242.32152,,
449.02034,386,353,270,319,278,236,162,228,253,255,280,379.62321,344.9373,248.77259,306.84183,230.6956,201.52153,152.87395,192.97273,250.81236,244.5724,242.55286,,
449.19203,369,335,228,273,203,165,116,186,212,218,143,379.18057,345.36067,247.80575,307.25416,229.81243,201.70606,152.69263,192.82829,250.50798,244.56706,241.61546,,
449.36374,384,348,219,313,228,192,160,175,239,239,228,378.45292,344.71232,248.43793,307.02075,228.20728,201.51689,152.41514,190.85313,249.7894,244.99629,239.75467,,
449.53546,360,336,272,293,212,185,135,170,238,224,220,378.08609,343.81227,249.26209,306.95078,228.23491,200.87683,150.43133,190.36769,248.96095,244.23414,239.12222,,
449.70719,367,332,252,316,227,200,133,182,243,221,223,377.94226,344.60815,249.43306,307.61412,229.19493,201.49426,151.17627,191.5857,249.42024,245.85547,239.92498,,
449.87894,352,271,210,278,196,235,127,173,226,205,219,377.73809,343.80747,247.83008,307.17008,228.66726,200.12816,149.73431,191.22689,248.44214,244.34209,238.455,,
450.05071,409,372,251,309,245,244,186,220,272,239,258,377.40289,342.85429,246.94537,306.72926,227.40309,200.61752,149.65154,190.22653,248.33505,243.58133,237.75809,,
450.22249,398,330,239,303,212,206,197,175,227,238,208,376.38087,342.27156,246.5474,306.29584,228.46642,199.75155,150.5866,189.02136,247.98582,243.43965,237.32168,,
450.39429,406,384,294,342,256,218,193,221,286,310,271,375.60183,341.74867,245.91248,306.43833,228.14635,198.0116,149.70996,188.09518,247.77023,243.53981,236.74226,,
450.5661,335,306,216,270,180,150,111,160,228,206,207,376.21919,341.97916,245.90061,306.56891,228.06202,199.24483,151.82117,187.70615,247.1029,243.25117,236.47131,,
450.73792,360,321,252,311,219,175,144,153,257,226,229,376.34461,341.75279,246.48524,307.24313,227.315,200.14795,151.11269,187.9127,247.3261,243.21425,236.21285,,
450.90976,374,344,250,322,232,209,145,193,266,272,249,375.83606,341.5963,246.08243,307.91314,226.50606,200.47131,150.89646,186.52821,245.96691,243.78543,235.82385,,
451.08162,367,367,242,308,255,200,163,223,216,300,259,377.49152,342.77873,246.70362,307.11044,227.85413,201.49709,151.41206,187.37283,245.94523,245.46873,236.87452,,
451.25349,376,354,228,309,207,184,134,178,265,241,212,377.16859,341.5536,245.52459,308.37158,225.64391,201.31181,149.97282,186.05891,245.94645,244.85452,235.12016,,
451.42538,384,377,270,314,207,205,146,206,257,249,233,378.63607,341.40692,246.55344,309.2256,226.80203,201.59566,149.90777,186.23339,247.42626,245.97087,236.22467,,
451.59728,364,323,254,309,239,184,143,175,229,244,265,378.73012,341.97359,246.97373,308.90679,227.14041,201.51202,149.13901,186.91384,247.01697,246.45224,236.93497,,
451.7692,382,354,270,321,240,208,158,195,262,251,254,378.26954,341.88435,246.69241,306.24091,226.44771,201.42685,148.62595,186.89855,247.41013,246.26637,237.05128,,
451.94113,334,314,207,269,194,191,115,153,195,213,196,378.22005,341.88249,248.53666,306.26467,226.2275,201.3365,147.60509,186.20025,247.36852,246.83023,236.48554,,
452.11307,404,360,270,334,234,253,177,201,245,256,266,378.40547,341.56565,248.94514,305.56423,225.58432,200.63804,147.5782,185.78951,246.98301,247.23239,236.47188,,
452.28504,386,336,244,296,229,196,139,175,266,244,239,377.0149,340.20934,249.06048,304.82962,224.44363,199.1249,145.64278,184.70187,246.54755,246.78835,235.51702,,
452.45701,398,374,272,323,271,207,172,208,276,270,256,376.34628,340.14773,248.73469,303.20562,223.73048,198.67173,143.78738,184.2388,246.23464,246.07244,234.66289,,
452.629,399,331,249,296,225,204,154,162,238,236,238,377.00682,340.08064,248.12018,302.22134,223.30028,198.67845,143.40658,182.52701,246.33165,244.92337,235.77823,,
452.80101,399,346,245,320,227,194,174,197,260,281,254,378.41693,340.91409,249.47476,302.49759,224.45258,199.44289,144.33226,182.98242,247.34875,246.69089,238.46551,,
452.97303,366,324,241,280,203,172,126,162,222,241,222,377.42361,339.3297,247.81793,299.97028,223.69587,198.40488,142.77893,181.36963,245.09611,246.37632,238.76061,,
453.14507,383,366,243,319,217,201,134,191,245,244,225,377.57179,339.36438,246.94684,300.8209,223.81316,197.70645,142.36458,181.30651,246.31591,246.0831,239.82095,,
453.31712,361,314,238,309,222,190,124,168,254,221,220,378.12875,338.38612,246.9034,301.62984,223.21606,197.11794,141.66298,180.34669,247.78056,246.03216,239.46653,,
453.48919,369,328,260,292,237,175,127,178,239,239,241,379.16358,339.0039,248.39518,302.02612,224.88444,198.65109,142.62162,181.9197,247.73857,246.97178,242.02963,,
453.66127,385,365,252,302,256,202,125,208,257,238,267,378.70504,338.57664,246.71793,300.6553,223.88865,196.48572,140.64579,181.38653,246.54717,245.83207,239.51313,,
453.83337,388,353,240,311,245,210,186,208,265,272,271,379.53347,339.94881,245.98038,301.20202,223.7031,196.48941,141.66262,180.98118,246.60846,246.2972,240.18361,,
454.00548,379,322,266,288,207,189,121,157,241,222,223,378.76788,339.12322,246.61752,300.44307,222.73519,194.74101,140.42841,179.5792,246.31899,245.41115,239.73365,,
454.1776,356,335,242,303,239,212,168,177,261,258,241,378.69062,338.95882,247.27885,300.72262,223.19398,194.78249,139.98874,179.75682,246.55997,244.82917,239.74502,,
454.34975,399,354,258,308,253,203,159,195,253,266,242,377.16872,336.42656,246.20877,299.57614,222.29274,194.42409,138.21645,179.4688,245.8469,242.99785,239.17624,,
454.5219,388,328,239,302,163,205,128,177,230,237,229,378.62873,336.80115,246.18669,299.44316,223.09771,195.94802,139.30975,180.55329,247.01744,242.19332,240.13547,,
454.69408,397,330,254,298,212,239,175,175,239,235,245,379.26168,335.82767,245.77436,298.50764,222.28073,196.01631,140.5351,179.60094,245.58642,240.86987,238.83624,,
454.86626,368,306,237,274,204,185,37,160,225,239,210,380.44506,337.45854,247.4543,300.03545,223.85413,196.20823,142.18351,180.71295,247.44796,243.00709,241.44112,,
455.03846,383,346,238,294,239,196,166,193,256,255,252,380.10222,336.63311,247.12157,299.18721,223.3823,195.17257,141.67254,180.16322,247.20068,241.59444,240.87744,,
455.21068,390,327,250,280,229,194,136,193,281,242,234,380.46363,336.6561,247.66541,300.20716,223.84459,195.25876,142.50092,180.07722,248.36433,240.70779,241.59612,,
455.38291,370,329,234,331,184,175,132,178,257,229,234,380.76858,335.64319,247.85814,299.86188,223.81628,195.46597,142.8429,180.48447,248.60624,241.3403,242.4076,,
455.55516,376,352,270,278,256,189,139,200,260,244,260,380.75134,336.87341,247.5999,300.11864,224.68405,195.68224,143.55569,181.90537,246.60627,243.47532,243.02215,,
455.72742,340,329,212,256,192,172,111,169,193,214,221,381.69714,338.58663,246.82113,301.02906,224.32125,195.65956,144.16911,181.82047,248.8858,244.66973,242.48053,,
455.8997,356,324,232,293,200,173,128,163,239,230,216,383.28211,340.53181,248.32701,302.87329,224.32003,196.97028,145.29181,183.34513,251.22909,246.28608,242.90163,,
456.07199,382,330,252,322,236,195,143,160,239,249,255,382.05769,339.71265,248.32818,302.30827,223.80253,195.59313,144.52787,182.61224,250.32282,245.71741,243.04159,,
456.2443,371,329,230,284,210,180,143,174,237,229,241,382.4232,339.75202,247.99871,302.82111,224.81753,194.70597,145.10127,183.3847,250.70982,246.04546,243.96867,,
456.41662,382,335,239,297,228,190,130,156,258,228,238,380.24691,338.2005,245.88888,301.26057,223.13232,193.81861,143.25482,181.84693,248.62287,244.26291,242.12983,,
456.58896,410,360,250,314,239,223,184,182,256,254,255,381.57981,339.29434,247.39573,303.11158,223.77922,195.82088,145.40132,183.6703,248.92738,245.45707,243.94738,,
456.76131,413,345,270,337,245,207,192,187,265,267,256,380.94145,338.92111,247.50352,302.94466,223.97232,195.18197,145.21427,183.90258,249.67417,245.40762,244.42449,,
456.93368,369,330,252,313,221,188,159,197,233,268,252,380.28986,340.16562,248.94453,304.18157,226.17069,195.16442,146.18141,185.35138,251.11536,246.44669,245.62305,,
457.10606,372,335,253,298,216,199,132,179,239,238,238,381.37086,340.31129,249.5254,304.80024,226.41675,196.11579,147.06788,184.93386,251.50776,245.74054,245.92885,,
457.27846,399,360,268,353,220,187,169,200,300,238,241,383.54925,341.36173,250.80491,306.14823,227.72658,197.49041,149.60189,186.23887,252.76405,247.71782,247.65569,,
457.45087,370,335,238,286,220,194,139,179,229,254,239,383.68006,340.76622,250.84677,304.7578,227.16804,196.78328,149.3936,185.53095,251.43095,247.84996,247.3329,,
457.6233,394,382,265,304,250,209,174,224,242,257,287,383.58547,341.36211,250.64715,305.51727,226.90065,196.12231,149.31197,185.64581,250.82915,247.21106,246.59854,,
457.79574,364,334,224,304,221,169,124,166,267,232,232,384.01574,340.23566,250.51571,305.01878,226.18082,195.72597,149.2497,184.77032,250.85807,246.39242,245.22771,,
457.9682,398,353,292,318,241,224,177,200,266,265,264,384.31373,339.77082,251.18814,305.13531,227.1518,195.53152,149.32304,184.69429,250.77848,246.85524,245.73646,,
458.14067,370,303,251,291,240,174,118,186,248,229,232,383.18218,339.76992,249.62255,304.70801,227.5804,194.31126,147.5524,184.51947,250.16313,245.59286,245.8043,,
458.31316,400,365,258,315,254,225,169,216,258,257,260,383.87875,341.055,249.14354,305.68674,227.79891,194.74468,148.9019,185.54751,250.75626,246.28392,246.3651,,
458.48566,383,340,240,304,222,179,139,175,244,240,246,383.84548,340.12023,249.64883,306.02936,227.63918,193.71487,148.19459,184.62749,250.28184,245.15158,245.86512,,
458.65818,417,353,253,314,235,233,177,179,257,261,260,382.73408,339.46674,249.37564,305.93166,227.78511,192.95719,148.47523,183.78853,249.8026,244.75886,245.46499,,
458.83071,376,354,256,310,226,189,143,181,239,258,249,382.65703,340.13405,249.80013,306.83791,229.24444,192.34044,148.3157,183.72883,249.69637,245.59467,245.48771,,
459.00326,399,363,258,335,251,206,159,210,285,277,278,381.68205,339.44656,249.55396,306.7438,227.28143,191.83834,147.08213,182.98457,248.27285,245.06313,244.66966,,
459.17583,396,333,246,296,217,220,152,192,236,239,208,382.03031,339.135,249.8407,307.06777,226.63793,193.82992,148.19251,182.92285,247.60323,244.29391,245.05325,,
459.3484,376,338,236,304,206,193,145,190,250,258,248,381.39326,338.60004,249.91107,306.66577,226.32513,193.12809,146.33496,182.30041,246.95542,243.95404,244.58941,,
459.521,369,316,237,276,204,170,127,160,228,256,220,381.2728,338.32026,249.39165,306.08247,226.54438,193.33405,146.97411,182.23677,246.19267,244.12567,243.92795,,
459.69361,381,373,246,336,232,196,142,178,271,252,233,381.80369,337.6859,249.97946,306.08759,226.74196,193.83037,146.93028,182.59503,247.39303,243.82611,243.97812,,
459.86623,383,324,253,307,229,187,149,177,303,236,252,381.72813,336.83472,249.48989,307.47915,225.12302,193.67175,146.53949,181.83798,248.17262,244.12215,243.43876,,
460.03887,355,292,255,285,224,175,122,186,206,209,244,381.84724,337.49569,250.71243,306.47664,225.81757,193.81977,146.47611,182.60257,248.45913,244.3006,244.02057,,
460.21152,334,304,217,253,206,143,110,159,188,194,227,379.90763,336.80097,248.45131,304.86369,223.70849,192.66257,144.66921,182.40209,246.84702,242.37258,242.45149,,
460.38419,406,343,252,329,256,209,170,206,265,260,271,378.5594,335.17407,247.52916,303.7867,221.42119,191.8691,143.57292,180.274,245.98281,240.4789,240.41226,,
460.55687,370,346,286,310,209,220,143,177,256,238,239,377.97896,333.92786,247.43389,303.73207,221.3174,191.72869,142.40671,179.20048,245.37097,239.63286,239.99404,,
460.72957,405,362,289,330,254,207,184,214,272,271,274,377.72271,334.50359,248.18662,303.90892,221.42526,192.09826,142.22272,179.47158,245.48615,239.40252,240.93694,,
460.90228,353,318,229,279,214,175,111,146,236,210,218,376.73159,334.62935,247.36789,303.13135,221.27525,191.66273,140.14177,178.1728,245.72276,237.72606,240.58799,,
461.07501,404,344,250,310,224,213,152,170,241,237,235,377.25686,335.93216,247.81406,303.24259,221.43711,192.96263,141.34012,178.34128,246.45025,237.4252,240.71698,,
461.24775,425,330,233,290,200,207,149,160,229,226,226,377.72122,335.73771,247.53512,303.50377,220.89406,192.6592,142.12859,177.48219,246.55059,236.67866,240.37881,,
461.42051,374,325,239,282,222,172,137,175,224,252,237,377.57168,337.55834,248.27253,304.68409,220.59569,192.27722,142.17235,178.01586,246.34343,236.80645,240.84142,,
461.59329,335,305,206,278,184,141,100,147,211,206,201,376.59727,336.55376,248.261,303.89597,219.61302,192.28959,141.31591,177.43582,245.41999,235.04639,240.21391,,
461.76608,366,335,238,331,217,181,142,176,257,227,233,378.26383,337.61872,249.28026,305.52266,220.29135,193.21448,142.5975,178.19147,247.75522,234.79841,240.35156,,
461.93888,389,338,246,299,217,207,143,175,254,256,246,377.99941,337.22567,249.51353,304.72006,220.27647,193.58919,142.64099,177.74375,246.7498,235.269,240.36458,,
462.1117,345,346,236,337,237,188,128,185,242,238,261,378.52502,338.82414,250.12653,304.06487,221.4538,194.5859,143.76312,179.26716,246.27174,236.11325,241.7289,,
462.28453,348,335,228,302,194,160,119,165,228,206,215,377.99379,339.38655,248.80285,304.88865,221.36805,193.17298,143.25351,178.65746,247.44864,236.20884,241.63492,,
462.45738,412,360,301,332,234,220,177,201,264,261,257,378.74973,339.94231,251.00106,306.32184,222.5363,195.12283,144.79911,179.26612,249.36218,237.17434,242.5389,,
462.63024,355,308,258,296,238,175,137,166,234,232,252,377.36954,338.1526,250.80274,305.27813,222.19011,194.20234,143.33213,179.16904,248.90919,236.05128,241.50651,,
462.80312,368,351,253,292,214,204,143,180,246,244,242,377.87585,339.32898,250.97493,305.75347,223.70593,195.76688,144.15774,181.17389,249.45682,236.90926,242.47258,,
462.97602,378,356,258,321,236,223,158,196,269,256,256,377.46259,339.17344,251.16521,305.93844,223.8667,195.49018,143.87404,181.2135,249.25953,236.93329,242.61678,,
463.14893,386,333,252,293,210,217,172,191,253,226,244,378.76262,340.07543,251.98661,306.49788,224.97282,196.7378,144.72602,181.64756,250.03456,237.64029,243.28236,,
463.32185,412,355,257,322,233,222,184,200,277,244,260,377.75438,339.92663,252.49507,306.3557,225.08682,196.15647,143.93427,181.47045,249.12032,237.60058,243.39473,,
463.49479,382,345,255,305,232,178,158,175,262,250,235,378.16322,341.86749,253.6083,308.23126,227.59397,197.85026,145.03065,183.88632,251.40932,239.90736,245.90915,,
463.66774,388,324,245,302,209,220,111,175,245,239,223,379.69988,342.31625,254.35799,308.58482,228.23751,200.03015,146.69068,185.22073,252.37503,239.79757,246.07617,,
463.84071,386,353,265,326,224,203,143,188,281,238,270,379.92525,342.96156,254.72991,308.77895,228.62751,201.28463,147.34057,185.59331,253.12675,240.81261,246.81581,,
464.0137,372,348,239,289,216,192,136,176,246,242,229,379.30116,342.56805,254.42529,307.14413,227.91128,201.23849,146.78147,183.9754,252.03456,241.89366,246.27031,,
464.18669,371,358,258,290,229,193,140,201,239,204,246,379.45254,344.21248,254.80598,308.65784,229.46271,202.50819,147.24843,184.85683,253.10949,242.11001,246.4794,,
464.35971,367,331,236,318,222,194,132,174,261,216,234,379.99223,344.01463,255.28306,309.57301,229.93633,203.58531,148.18601,184.82065,255.60715,242.92938,246.63374,,
464.53274,397,355,298,311,256,221,159,175,256,254,269,379.06933,342.70217,255.37072,307.42524,230.36248,203.74951,147.62538,185.49779,254.02279,242.48665,247.07343,,
464.70578,389,385,274,326,272,209,148,236,273,269,281,377.83866,341.91418,254.03044,306.57177,230.66826,202.40794,146.81483,185.43077,252.1706,241.42692,247.58169,,
464.87884,388,384,268,324,238,209,165,200,266,256,269,379.08301,343.76428,253.98297,308.53229,231.64652,204.06745,147.99015,187.21122,253.67227,243.23525,248.94199,,
465.05192,364,321,213,276,203,174,131,165,237,213,208,378.53562,344.04895,255.81374,308.57039,231.8773,205.4591,148.31289,188.29058,254.61895,243.77796,249.71626,,
465.22501,399,338,270,316,226,208,182,196,252,257,244,379.03604,344.64516,258.08143,309.66774,233.14587,206.34982,150.32778,190.41668,256.21928,245.46085,251.17638,,
465.39811,380,322,237,303,228,184,128,169,233,237,245,376.51007,342.62833,257.24997,308.12302,232.08023,204.68742,148.42465,189.53215,255.67748,244.58282,250.08419,,
465.57123,392,360,285,326,265,228,157,210,265,271,266,377.65422,343.47775,257.9504,309.04442,232.75945,205.87053,149.73859,189.9236,255.65331,245.56878,250.46393,,
465.74436,371,271,236,273,239,217,157,176,244,251,238,378.72887,342.74056,257.0918,307.92634,231.70248,206.5281,150.74375,189.50273,254.72108,244.71426,249.86906,,
465.91751,401,366,262,323,260,218,163,197,273,293,262,378.36522,342.62704,256.93998,307.27294,232.38221,205.48742,151.34565,189.81051,254.8376,245.53421,250.30787,,
466.09068,337,323,244,301,207,174,128,174,227,246,239,376.75839,341.20333,255.52733,305.72577,231.01812,203.402,150.22406,188.52733,253.34442,243.865,248.68851,,
466.26386,369,348,239,320,227,196,139,195,272,238,239,376.87877,341.08283,255.03613,306.20333,231.23384,202.79426,150.4319,188.46209,253.64393,243.256,248.02308,,
466.43705,364,331,252,335,217,190,138,177,268,229,244,376.82829,340.01314,253.91882,305.84765,230.65644,202.90994,150.39672,187.45978,253.45553,243.77617,247.27656,,
466.61026,367,319,278,285,232,233,143,194,238,227,241,375.87193,339.83143,253.2203,305.81098,230.24259,201.87467,150.06349,187.68892,252.75879,244.39858,247.30483,,
466.78349,354,337,228,274,209,175,125,188,210,229,239,375.236,339.50345,250.54624,305.26431,227.96224,199.81932,148.51938,186.77395,251.57827,243.26956,244.34995,,
466.95673,399,367,272,330,264,223,169,202,272,266,276,376.11937,339.60912,251.65972,306.35111,227.11198,200.37346,149.46098,186.52787,252.29955,244.20771,243.38964,,
467.12998,367,329,271,304,222,192,144,164,251,228,239,375.32254,338.52638,252.26832,305.82251,227.6194,199.55983,149.73333,186.80763,251.53675,244.09885,243.97912,,
467.30325,383,352,254,303,239,210,154,191,264,239,255,373.83694,338.17228,250.25142,304.79313,227.03975,198.88222,148.42246,186.4211,251.04822,243.76015,243.18444,,
467.47654,362,331,244,300,221,217,158,181,245,238,255,373.15414,337.91458,249.76115,304.55122,226.69839,198.80301,147.15128,186.51299,251.32977,244.22125,242.85467,,
467.64984,404,373,258,322,248,244,188,205,287,266,268,373.27305,337.32798,248.88951,303.8903,225.55868,198.86883,147.29618,186.30667,250.53661,243.74595,242.30569,,
467.82315,384,316,240,281,193,187,145,147,228,210,219,372.92176,337.59057,248.0759,303.82953,225.16252,198.58527,147.78176,186.26304,250.84609,243.2133,242.08809,,
467.99648,344,336,238,292,220,185,118,164,221,256,224,372.43254,337.10954,246.85003,303.06997,224.6054,197.71191,147.59659,185.52857,250.91683,243.54232,241.24381,,
468.16982,366,333,236,303,213,189,143,196,237,240,239,372.26087,335.87982,245.98061,302.25801,223.30594,198.05216,145.95141,185.24503,249.98768,243.61838,239.95169,,
468.34319,387,344,256,337,245,207,166,239,277,239,253,371.92516,335.54878,245.51186,302.03681,222.39199,196.99728,144.73413,184.69143,249.93386,243.52561,240.02451,,
468.51656,373,333,239,292,193,185,146,174,249,270,237,371.48429,334.9884,244.05534,301.22868,220.24576,195.78686,143.5134,183.03937,249.20816,243.25092,238.01495,,
468.68995,361,349,240,283,224,178,136,204,239,237,258,370.55292,334.39414,243.22999,301.00177,219.511,194.48144,142.49224,182.85424,249.00512,242.04501,236.73791,,
468.86336,380,351,255,367,220,191,158,191,284,250,242,369.69515,333.73001,242.10082,300.87578,219.13692,193.99176,141.53005,182.75093,248.68457,241.32325,236.07445,,
469.03678,362,338,264,288,201,202,150,188,270,250,218,369.0658,333.03395,241.64407,300.35543,218.323,193.48991,140.63705,182.38103,248.14961,241.04131,235.64676,,
469.21021,344,278,253,259,227,158,141,171,228,214,230,368.81861,333.70534,241.55938,299.92607,218.93189,192.94408,140.56932,183.78165,248.35702,241.42982,236.26214,,
469.38366,367,328,224,303,205,175,144,164,236,233,216,368.81175,335.07146,241.59254,300.42572,219.114,192.38024,140.58124,184.56864,248.61247,241.06483,237.0089,,
469.55713,367,335,213,288,213,178,129,164,229,228,226,368.05117,335.71752,240.34159,299.96158,218.22721,191.19937,139.79997,184.48776,248.33339,240.04077,236.26753,,
469.73061,422,384,257,327,256,233,192,197,266,254,257,367.7086,335.73941,240.34626,299.77814,218.26884,190.87119,139.92113,184.22521,248.55838,240.29593,236.11989,,
469.9041,351,313,222,271,207,175,123,173,253,213,220,367.47378,335.34784,239.65782,299.99001,218.0966,189.33815,139.58171,183.88491,247.82455,239.28379,235.97912,,
470.07761,380,351,254,317,239,186,127,186,271,262,239,368.8426,336.26059,240.4509,300.63745,219.33491,189.59397,140.26424,185.0014,248.91135,240.61582,237.4466,,
470.25114,384,322,232,289,198,207,124,172,225,232,209,368.80038,334.87293,240.05513,298.59145,220.60468,190.25928,140.80545,185.30565,248.29885,241.69687,237.62837,,
470.42468,385,340,233,309,222,205,137,193,258,270,234,369.45197,335.13685,239.806,298.54049,221.89277,190.75236,141.13649,185.27036,249.18241,242.16655,238.58765,,
470.59823,351,320,224,292,193,187,126,176,239,254,226,368.46252,334.34166,239.67469,299.05246,221.40501,190.16306,140.90663,184.41059,248.87085,240.81907,238.74751,,
470.7718,378,354,249,287,214,185,131,206,252,246,239,368.94303,334.73576,239.59854,299.37199,222.63424,190.32757,140.9607,185.33346,249.3348,241.67891,239.73463,,
470.94539,362,333,220,316,228,204,120,174,257,224,228,367.53147,334.1362,238.58561,299.89379,222.40748,189.51761,139.99508,185.06997,249.56244,241.63098,240.04134,,
471.11899,344,325,275,302,249,207,145,190,257,246,285,366.89103,333.68835,238.64545,298.90124,221.99889,189.99314,139.09889,184.41451,249.14172,241.37786,239.0456,,
471.29261,352,335,222,276,242,175,116,205,225,228,264,365.11941,332.26146,237.40739,297.4543,220.47412,188.6033,137.28775,183.59422,246.99409,240.48642,238.34032,,
471.46624,349,320,194,293,201,171,93,150,241,233,207,366.53795,333.75716,239.06367,298.55632,222.64971,189.6476,138.41299,184.37045,248.10408,241.98541,240.12175,,
471.63988,381,334,277,303,210,190,147,180,239,252,241,365.71653,334.18438,240.43759,299.45113,223.65,189.94657,137.84715,184.59005,248.50708,241.90086,241.24832,,
471.81354,363,338,233,306,222,190,164,179,234,239,240,366.06734,334.31887,241.17858,300.16671,224.11672,190.93581,138.05278,184.59802,249.35906,242.02684,242.15235,,
471.98722,341,326,239,292,222,181,135,185,255,240,236,365.34945,333.18365,240.49537,299.47582,224.03912,190.97153,137.90956,184.11192,248.72355,241.16515,242.34746,,
472.16091,386,317,242,300,218,201,141,191,244,260,242,366.21212,334.20152,242.16675,300.5076,225.24062,192.54083,139.17065,184.88566,250.14066,242.38338,243.69397,,
472.33462,366,332,256,309,223,176,143,191,239,239,239,366.95683,333.47129,242.55949,300.28823,224.80009,192.60516,139.14653,183.56278,249.78582,241.17162,243.29557,,
472.50834,362,335,234,309,224,173,144,173,256,236,239,366.43718,333.87554,242.78135,300.58726,225.18082,193.31181,139.58864,183.03977,249.06027,241.39768,243.71999,,
472.68207,367,333,240,317,224,205,160,194,267,239,240,366.05611,333.12188,242.43278,300.09993,225.32533,193.36814,139.73732,182.44323,247.59399,241.62572,243.80536,,
472.85582,356,338,248,302,260,201,155,223,260,249,274,367.58645,334.01289,244.09389,301.7137,227.29462,194.90967,141.28359,184.50708,248.28481,242.75424,245.02061,,
473.02959,370,354,246,278,228,206,153,204,233,239,271,367.5261,333.89406,243.18057,302.08965,225.38275,195.23441,141.87939,183.41566,248.17301,243.61644,244.82339,,
473.20337,362,332,233,300,207,178,142,175,258,226,240,367.33296,333.41086,243.37668,301.88301,224.35713,195.57612,142.01891,183.30834,248.22435,243.77315,245.49177,,
473.37717,387,360,278,309,260,207,169,181,264,246,271,367.33296,334.57267,244.83839,304.78511,224.31865,196.31835,142.67809,184.15219,249.95488,244.56404,246.64452,,
473.55098,372,354,253,327,240,202,133,185,261,242,258,367.01538,335.59048,245.21663,304.84185,223.97119,197.1793,143.55043,184.71202,250.71392,245.03067,247.03577,,
473.72481,366,341,249,300,228,207,149,175,258,260,250,365.01142,333.82924,246.05787,303.92149,223.25665,196.18019,142.83017,184.07441,249.72128,243.939,246.76452,,
473.89865,368,303,236,282,229,193,143,166,248,239,239,364.59725,333.31679,245.97882,304.2338,222.3391,195.81997,143.09495,183.79578,249.2249,243.34651,246.07851,,
474.0725,393,337,249,310,218,197,168,202,244,237,252,363.36209,333.30397,244.9716,303.79003,221.49922,194.1907,143.01472,183.13858,248.1596,242.39913,245.84242,,
474.24637,377,334,241,284,227,216,133,178,256,262,255,364.43272,335.18433,245.6163,304.70618,222.1771,194.81975,144.61032,184.31086,248.44223,242.85667,246.52667,,
474.42026,335,328,241,292,220,204,124,168,224,218,223,364.42889,334.81286,245.22044,304.10437,221.85746,194.71596,144.78996,185.18691,248.25081,241.5189,245.81175,,
474.59416,360,310,234,332,195,184,128,159,260,204,238,365.47489,335.44678,246.12145,305.19822,222.48175,195.58284,145.47781,185.06299,249.4285,242.36882,246.04306,,
474.76808,369,344,256,318,217,194,143,190,240,272,236,365.78595,334.9072,246.14571,304.39031,221.51809,196.05309,145.38123,184.49664,248.04754,242.40361,244.95871,,
474.94201,360,340,236,278,226,186,126,197,232,301,241,367.28012,335.51186,246.31831,304.9325,222.14743,197.26141,145.7995,184.53476,248.86745,243.04983,245.36381,,
475.11596,335,324,226,303,183,178,122,156,249,222,209,366.12154,333.25871,244.91733,303.76138,218.99565,196.02596,144.52454,182.7334,247.62194,242.54352,242.68538,,
475.28992,393,341,272,318,218,204,154,175,258,240,233,366.88731,333.58062,245.65451,304.31419,218.3297,196.62672,144.64624,183.134,247.92756,243.83936,242.81479,,
475.46389,372,321,271,325,241,209,159,207,252,242,277,367.36329,333.39833,244.25527,304.97373,218.06544,197.04868,144.10349,183.14698,246.10721,243.55793,242.11282,,
475.63789,399,373,272,330,261,220,175,213,281,265,271,367.14075,333.45829,244.59931,305.49727,218.19278,198.3497,145.21638,183.76903,247.11167,244.51288,243.08564,,
475.81189,337,308,219,302,194,188,121,177,232,222,228,366.82878,333.68923,244.25736,304.72113,218.98419,198.35989,145.33081,184.56282,247.10942,244.50078,244.48807,,
475.98591,382,303,229,284,190,183,155,154,234,236,212,365.88353,333.74756,243.04107,304.31013,218.25507,197.54941,143.12503,182.8686,246.84523,243.77184,243.06936,,
476.15995,360,334,235,286,224,176,141,184,230,237,233,364.94904,334.43577,243.69823,304.21901,217.11819,196.18025,141.77744,182.23473,246.34574,243.94876,242.17103,,
476.334,376,360,277,332,227,220,161,192,262,271,261,366.01903,335.03438,244.24127,305.46619,217.91565,196.89214,142.53954,182.58144,247.10342,245.14331,242.71718,,
476.50807,368,335,213,300,213,206,152,175,238,232,241,364.86632,333.94,243.59469,305.15398,217.63739,197.01869,142.303,182.85214,247.34112,245.1887,242.12281,,
476.68215,356,340,236,301,212,207,160,186,239,258,253,365.08317,332.32744,243.34775,304.36714,216.71376,196.03067,142.62121,182.40862,247.2157,245.54778,241.81628,,
476.85625,356,319,238,290,206,182,114,169,238,256,226,365.22426,331.44309,244.50404,303.60257,216.36703,195.49351,142.91039,182.05506,246.51251,245.73841,241.37077,,
477.03036,370,356,255,328,203,207,144,203,277,242,250,366.27287,331.72645,244.63068,304.38658,217.00315,195.82364,143.68049,181.99923,247.55904,246.0089,241.20453,,
477.20449,324,312,205,296,168,175,120,162,248,206,226,365.93157,330.14823,243.93606,305.43013,216.5862,195.39387,143.7927,180.77261,247.95311,245.97991,240.01844,,
477.37863,362,334,276,294,245,193,132,209,250,245,259,365.66534,329.39743,243.32712,304.70699,217.32297,195.0653,143.77667,181.73739,247.75979,246.53942,239.79191,,
477.55279,353,367,242,301,249,182,136,212,232,238,255,365.49525,329.37285,241.97017,302.96596,216.82865,194.67086,143.8482,182.22786,246.83676,246.20687,239.85051,,
477.72696,365,318,212,282,214,177,141,171,218,228,224,365.18872,328.64099,241.35262,302.75463,215.62817,192.79345,143.52982,180.89248,247.1292,245.97425,238.60264,,
477.90115,358,308,260,303,201,182,127,177,239,239,220,365.45351,328.69279,242.50649,302.50051,216.68794,194.28596,144.59281,180.47181,247.45958,246.02802,238.858,,
478.07535,397,335,238,302,238,198,175,201,257,255,250,365.36891,328.67621,242.06582,302.17208,217.44375,193.18453,143.58651,180.19088,247.63689,245.45061,238.73003,,
478.24957,367,337,239,300,224,188,149,180,246,256,248,364.36866,328.61748,241.76507,301.46239,217.85814,192.64337,143.2025,179.43412,248.0219,245.77445,239.11509,,
478.4238,398,326,256,310,228,234,146,189,256,264,239,364.43634,327.51356,241.52271,300.79528,218.42667,192.1805,143.41915,178.74711,248.11518,245.5411,238.83689,,
478.59805,385,313,244,305,223,221,158,157,248,244,238,365.75107,327.23751,241.24377,300.65315,218.56226,191.03746,144.7182,179.03379,248.13516,245.15434,239.07359,,
478.77231,355,318,244,300,209,192,142,136,254,264,248,366.00702,327.23756,240.98602,299.64756,218.78953,190.46925,144.04195,178.66069,248.69478,245.64337,239.26456,,
478.94658,345,319,230,285,207,164,124,177,227,239,232,365.57505,327.14721,241.23273,298.81005,219.15917,190.36221,143.65521,177.97028,248.07746,244.12152,238.60309,,
479.12088,376,329,236,322,218,196,143,176,268,236,242,365.72658,326.57086,240.65739,299.502,218.39627,190.21054,143.1914,177.06326,248.72307,242.47591,238.80706,,
479.29518,339,305,228,297,182,169,136,175,225,255,209,365.17824,324.54685,239.64133,297.74045,216.89515,188.54789,142.40082,175.94881,246.11932,242.01649,237.66115,,
479.46951,396,384,271,341,281,236,184,224,277,287,306,364.97112,324.44714,239.06496,296.09812,216.95221,188.13373,142.23706,175.95425,245.36504,244.54375,237.70663,,
479.64384,360,337,223,276,220,172,143,185,239,221,226,363.83798,324.39618,237.06175,295.76663,214.45122,186.83905,141.11525,173.66513,244.92627,243.62728,235.76835,,
479.8182,353,336,265,298,220,195,152,166,324,249,239,364.97407,324.20399,238.34773,296.47034,214.37464,187.40599,141.74541,172.52939,246.22481,243.84772,235.33912,,
479.99256,354,318,266,288,232,168,117,157,236,226,241,364.20515,322.81778,239.1793,295.67936,214.67616,186.56198,140.97667,171.93961,245.08014,242.4934,236.10603,,
480.16695,360,319,239,302,207,175,114,165,234,237,208,365.60871,324.02949,238.97296,296.09323,216.57061,187.33301,141.53451,173.73623,246.47639,242.99672,237.06546,,
480.34135,376,305,232,303,216,193,161,193,255,265,242,365.69682,324.37541,239.00969,296.49122,217.02781,188.13443,141.52703,174.6775,246.81485,242.91526,237.51682,,
480.51576,413,290,249,301,237,232,187,185,261,256,256,366.84675,323.99436,238.79035,296.11547,217.03368,188.53514,142.70301,174.69567,247.33326,242.92761,236.57743,,
480.69019,329,290,208,254,180,161,138,147,208,206,203,365.35783,323.33557,237.72303,294.08705,216.42187,186.05577,140.67854,173.99574,245.97302,240.93042,235.22234,,
480.86463,377,332,250,286,212,164,143,149,241,241,232,365.17966,324.39129,239.43376,294.26284,216.98075,186.52078,140.24617,174.49575,246.29708,241.6953,236.70606,,
481.03909,377,340,239,308,230,221,127,177,241,252,225,365.25858,323.85538,237.73524,292.76283,216.71526,186.30026,139.72156,174.15337,245.18766,239.87264,235.47401,,
481.21356,362,330,202,319,216,181,126,175,254,238,223,366.19579,324.45358,237.89422,293.07869,217.57188,187.91964,140.94818,175.34574,245.60121,240.99993,236.14508,,
481.38805,322,290,208,266,180,138,105,143,208,229,208,366.00723,324.61727,236.69134,291.96738,217.7385,188.02804,140.49313,175.02236,244.46545,241.9694,235.46402,,
481.56255,370,350,237,260,212,189,141,203,239,239,240,366.3437,325.68758,237.31616,292.78697,217.56033,189.00727,141.10188,176.11774,245.90958,241.06374,235.90799,,
481.73707,355,330,242,303,212,182,143,164,255,227,245,364.64525,324.49691,235.58665,292.47922,215.31201,188.40757,140.52599,174.59759,245.75637,237.59168,234.62056,,
481.9116,364,324,269,313,227,190,140,165,254,246,239,364.80027,324.8602,236.77082,291.98976,216.57662,189.08653,140.76527,177.09271,246.19683,238.31983,236.28112,,
482.08615,360,328,232,280,232,214,143,201,237,226,257,363.70636,326.34977,236.59922,291.91862,217.87916,188.88002,140.0952,178.41369,245.88127,238.1277,237.0528,,
482.26071,367,333,216,288,212,124,124,178,243,232,242,363.36076,326.98179,234.6004,291.80265,217.02772,188.43716,139.7341,178.45725,245.02247,238.04197,236.05162,,
482.43529,367,336,248,312,207,204,160,178,248,249,248,362.91991,327.07117,234.866,292.42123,217.05518,188.7708,139.62042,179.39317,245.03665,238.50744,235.8412,,
482.60988,396,329,242,302,208,194,158,185,240,238,225,363.90321,327.93103,235.27278,292.81889,218.18327,188.97069,140.43845,180.94693,245.41201,239.32823,236.39491,,
482.78449,365,325,226,279,204,178,133,172,240,236,236,363.55739,328.38504,234.75868,293.06168,218.68849,187.95839,139.65295,181.84514,245.78419,240.14093,236.58597,,
482.95911,349,329,239,285,207,206,121,175,237,237,232,363.27072,328.51387,233.42323,292.41482,218.62962,188.65782,138.98011,182.38868,245.04032,240.21792,235.67533,,
483.13375,372,317,230,285,213,212,154,175,229,232,239,363.91352,328.64382,231.42481,292.50311,219.07205,189.93386,139.72738,182.3338,244.71066,240.28365,235.34676,,
483.30841,351,312,209,282,201,190,133,174,233,256,236,362.62461,327.96245,231.09164,292.21928,218.58889,188.95452,139.88269,181.69891,244.45047,240.75309,234.69793,,
483.48307,350,305,225,268,211,170,135,168,222,241,218,362.27613,327.86561,230.67607,291.58284,218.08075,188.84493,139.73619,182.28689,243.99667,240.38366,234.59967,,
483.65776,383,392,264,344,260,233,161,207,318,270,262,362.18148,327.3864,230.01672,292.51979,217.29527,189.37899,137.43401,182.23876,244.03572,239.34673,234.3092,,
483.83246,364,332,232,305,222,186,121,182,253,205,228,361.12732,326.08659,229.20037,291.87341,215.76532,187.74912,137.09257,181.59942,242.66821,239.43951,232.98385,,
484.00717,367,314,271,283,269,207,144,223,260,243,262,361.88208,327.28898,230.53904,292.90349,218.69535,189.7476,138.54796,183.63947,242.64305,241.12981,235.28542,,
484.1819,346,336,207,260,224,169,113,207,209,218,233,360.86333,327.72319,229.33987,292.09756,217.42547,188.86387,138.6144,184.09337,241.74711,240.38245,233.52774,,
484.35664,394,361,223,321,239,226,168,230,288,274,239,360.29283,327.44495,229.47992,292.12351,216.14952,189.4898,138.81406,182.9041,243.58914,240.47324,232.66208,,
484.5314,353,332,267,293,213,190,147,164,238,239,233,359.35627,327.6276,230.28689,291.88161,216.52071,189.07801,138.48026,182.29045,244.62015,240.04469,233.17328,,
484.70617,332,296,207,266,194,156,111,156,224,213,206,359.4599,328.25747,230.92321,293.26639,217.16705,187.43734,138.15491,182.72144,244.66892,240.64638,234.00245,,
484.88096,334,306,218,268,196,157,97,157,212,216,230,358.30608,327.23593,230.31627,293.11473,215.8559,187.53449,137.27255,182.57757,243.75392,240.79207,233.27283,,
485.05577,404,344,251,324,250,248,194,210,268,286,264,359.41303,326.15871,231.83533,293.66896,216.22349,189.3623,138.50144,183.65872,243.87538,241.41047,233.83048,,
485.23059,382,316,200,301,218,200,170,182,245,232,196,357.90321,324.57387,231.02623,292.26845,215.2724,188.50146,139.11149,184.33468,242.25874,240.50869,232.94906,,
485.40542,369,350,251,334,234,217,173,196,273,286,270,357.42483,324.8819,231.86942,292.35912,215.34307,187.47081,139.00054,182.5346,242.90663,240.5189,232.86958,,
485.58027,324,320,207,276,193,158,126,154,221,214,221,357.53417,324.61356,231.92983,292.28902,215.29686,188.95959,138.57082,181.35704,242.10757,239.83252,232.21307,,
485.75513,356,312,254,313,205,181,134,186,271,215,239,358.31432,325.23776,231.52323,293.43808,215.71963,190.12961,139.12958,181.66072,242.57585,240.13833,232.50268,,
485.93001,350,318,210,289,209,175,123,173,225,266,224,357.81209,323.52966,230.94158,292.43716,214.56235,189.77744,138.55806,180.5936,240.31548,239.9908,231.57596,,
486.10491,369,354,236,298,239,196,135,225,252,324,260,358.80806,324.52456,229.78631,291.15201,215.00288,191.22454,139.93936,181.81406,240.2586,241.33824,232.15178,,
486.27981,338,325,206,303,194,168,113,137,234,223,192,358.84391,324.40094,230.25285,292.06693,214.02548,192.03051,140.11393,180.73696,240.5037,241.27158,231.94342,,
486.45474,368,324,218,297,198,184,144,182,239,245,216,357.2772,323.19953,231.40954,293.34839,213.65236,192.18417,139.97921,178.825,240.80763,241.26719,231.33636,,
486.62968,353,305,248,277,239,184,138,188,238,228,245,357.19966,322.85492,231.94611,293.33598,213.94992,193.36386,139.99296,178.97486,240.5551,240.7648,231.48119,,
486.80463,346,307,219,268,194,157,111,162,223,214,210,358.31013,323.58416,231.71909,294.55469,214.48239,192.71309,140.30184,179.86831,240.63564,241.4252,232.52148,,
486.9796,335,303,189,271,189,173,125,164,225,213,209,358.35425,323.0075,232.14481,295.6681,213.77186,193.03148,140.65603,178.82013,240.73904,241.12591,232.86124,,
487.15458,350,318,216,271,194,205,158,165,210,211,218,358.86512,322.2885,230.76674,295.66733,212.169,192.58762,140.53657,177.76668,239.33999,240.07069,231.81932,,
487.32958,384,318,265,313,217,200,156,187,257,245,248,358.60103,321.60026,229.10163,295.0181,210.52128,191.2041,139.24424,176.76849,238.55222,239.51899,231.5784,,
487.5046,346,301,287,287,195,175,122,175,237,227,229,359.74326,322.25729,230.86996,295.93873,210.52203,192.47161,138.76647,176.88453,238.33346,240.04274,232.51729,,
487.67963,384,330,238,296,210,229,125,166,241,234,253,359.64427,320.86038,231.02834,295.04578,209.04326,193.25312,138.66611,175.47303,237.06433,238.41192,232.4466,,
487.85467,340,309,227,293,206,172,112,158,217,239,220,359.86811,320.12662,230.66445,294.30207,208.13878,192.86242,138.51673,174.32594,235.97418,238.3664,232.2666,,
488.02973,360,331,241,277,226,178,207,176,239,260,236,359.23665,319.24469,230.87855,292.83504,207.81889,192.7081,138.17729,173.16834,233.86136,238.63854,231.75587,,
488.20481,354,335,239,309,213,226,140,196,244,244,237,359.9952,320.67775,230.5797,294.14052,208.66251,194.46599,139.20016,173.32886,235.61766,238.80317,232.64237,,
488.37989,349,335,210,304,158,175,130,158,253,227,214,359.45809,319.95993,231.78763,295.18385,207.5428,194.12682,138.5353,172.00555,235.7751,237.47041,231.60796,,
488.555,377,322,250,307,244,213,140,176,249,246,281,359.64051,319.35865,234.50841,295.06039,209.03697,195.28966,139.23206,173.3336,235.61813,237.41845,232.96865,,
488.73012,355,350,252,302,252,186,147,216,250,246,272,358.55657,319.47827,233.78724,293.86038,209.35204,194.18279,138.03701,174.18474,234.34574,236.16725,233.25856,,
488.90525,367,319,239,303,214,193,129,189,193,241,232,359.99246,321.66208,234.7611,295.76643,209.54275,195.84358,139.13574,174.80548,235.83107,237.42221,233.39448,,
489.0804,335,301,221,260,177,244,118,157,216,213,181,359.25928,321.38665,236.44907,295.02686,209.25819,194.96319,138.71449,173.56076,235.11937,236.409,233.01991,,
489.25557,396,340,258,314,252,209,186,205,271,258,264,358.32948,320.75143,236.74428,293.9747,208.36721,193.91497,137.98983,172.64595,234.54509,235.45256,232.73463,,
489.43075,367,323,204,292,223,196,153,158,249,239,241,356.74824,319.97243,236.99796,293.13334,207.72092,191.70396,135.60676,171.9021,233.54037,234.24741,232.68828,,
489.60594,376,334,239,310,210,221,130,124,256,239,237,358.73818,321.54672,238.99087,294.33441,209.56024,194.16816,137.54891,173.69358,234.84892,236.05946,234.43659,,
489.78115,392,308,224,288,202,231,161,201,207,240,236,360.33548,321.85662,239.45575,294.78505,210.35326,194.94763,138.92016,174.02704,235.82163,236.57673,234.42434,,
489.95638,380,337,242,318,225,208,159,210,254,280,249,360.07835,323.03866,240.35944,295.76319,211.18848,194.79646,139.24746,174.31181,236.6953,237.73071,236.12605,,
490.13162,344,297,218,294,196,181,122,158,225,237,212,359.02249,322.98433,240.20046,294.89368,210.52332,193.2309,138.79719,174.28343,235.75075,235.74206,235.64473,,
490.30687,340,331,222,316,208,181,132,165,271,242,232,359.50964,323.6221,241.80679,296.56348,211.93372,194.22965,139.95674,175.4329,237.96584,235.29122,237.1897,,
490.48214,329,296,271,318,178,161,93,141,225,196,208,359.18034,322.79519,241.16809,295.45063,212.05441,193.63691,139.80097,174.89703,237.17566,235.72883,237.24202,,
490.65743,342,313,225,285,223,169,131,177,229,225,239,358.99812,323.55136,241.24555,294.94378,212.45546,193.22401,139.30868,175.85866,237.06181,238.34497,238.17149,,
490.83273,408,345,232,283,220,196,138,206,226,240,250,358.15599,324.44207,240.3859,295.62282,211.85884,192.27919,138.83114,173.97927,237.74133,238.67157,236.87862,,
491.00804,358,322,218,293,205,187,136,175,226,236,248,358.99112,324.89653,241.03332,297.06299,212.19774,192.91309,139.71342,174.19711,239.68036,240.02179,237.17031,,
491.18337,321,288,224,253,174,150,102,123,217,196,204,359.23174,326.48273,242.76022,297.256,214.0759,193.47147,140.67073,175.57598,241.23156,241.20336,238.75211,,
491.35872,354,335,233,276,206,187,133,184,218,242,233,358.63881,326.16105,241.97703,296.90842,214.40733,192.25267,139.56071,175.83877,241.60255,240.84885,238.63322,,
491.53408,372,337,297,306,238,205,152,194,262,260,260,357.7828,325.49147,240.81064,295.78052,213.91868,190.86854,138.22053,175.31006,241.71703,240.11701,238.18961,,
491.70945,374,335,304,307,239,224,173,181,244,243,247,356.97821,325.11638,240.55718,295.04272,213.86339,190.9716,138.68373,175.44604,241.31206,239.54067,238.08023,,
491.88484,306,292,204,255,184,162,134,142,220,204,201,357.08911,325.48166,241.92842,295.47,215.20476,189.22315,139.94539,176.39564,242.69204,239.88052,239.41919,,
492.06025,367,349,248,313,239,184,155,191,245,271,240,355.69678,322.55344,243.45983,294.8677,214.72957,187.32134,138.24714,176.10077,242.9875,239.56959,239.33455,,
492.23567,334,322,244,306,208,204,138,182,242,246,243,355.99241,323.08854,243.98879,294.08426,215.34091,188.0979,138.08736,175.77304,243.21937,238.92931,240.03601,,
492.4111,358,316,238,316,194,173,146,175,266,221,236,356.33851,323.74468,244.05133,294.09749,216.39872,188.51242,137.88061,175.98392,243.68257,239.76543,240.76523,,
492.58655,344,329,303,303,205,169,127,170,239,257,234,356.47598,324.08018,244.18714,292.5139,216.76124,187.36578,140.11622,175.96337,242.96088,240.68242,240.5204,,
492.76202,372,353,228,278,241,195,144,200,237,245,271,356.36144,324.49569,244.14501,292.49344,217.25727,185.75494,140.31262,176.13185,243.25579,240.75567,240.78471,,
492.9375,353,335,216,294,208,164,118,156,260,237,229,355.46171,323.88715,243.27443,292.40855,214.94244,184.93934,140.39836,174.89554,243.85182,241.08752,239.73093,,
493.11299,376,335,271,304,209,201,148,160,249,252,239,355.83488,324.08279,243.40255,293.18379,216.22984,185.58359,140.32705,173.96541,244.54257,241.49066,241.33779,,
493.2885,341,293,228,256,234,164,125,200,237,224,253,355.04116,324.34313,242.59535,294.4618,217.67931,184.48191,140.18805,174.29077,244.45041,240.81429,241.94944,,
493.46403,377,352,250,319,231,218,160,207,269,271,270,354.59338,324.6402,241.29568,294.16105,217.17706,183.70387,139.72736,174.74591,242.99579,240.39657,241.36882,,
493.63957,362,330,239,303,235,189,134,189,253,244,241,354.32778,324.79171,242.07864,292.92111,216.75023,185.71909,139.58946,175.15303,242.79159,240.15425,240.48524,,
493.81513,384,343,248,293,229,226,172,182,254,252,256,355.99028,326.22746,243.84863,293.28547,218.66169,186.49451,141.47666,176.99058,244.13047,241.78437,242.08739,,
493.9907,335,301,221,278,201,161,125,148,232,221,233,354.90756,326.51487,242.52794,292.31521,219.00854,185.78541,141.06881,176.06102,243.88555,241.04684,241.95359,,
494.16628,328,314,216,281,207,172,126,170,221,210,222,355.65764,327.14376,242.41065,292.33389,218.51161,187.16934,140.2832,174.96691,244.93932,240.86953,242.19074,,
494.34188,381,319,249,300,225,226,173,189,256,244,236,356.70862,326.76756,241.60056,291.38585,218.98591,188.96353,140.72846,175.19971,243.46246,240.11699,242.30223,,
494.5175,364,334,241,309,239,221,160,157,272,286,266,357.50216,327.67222,241.86238,291.44746,219.31063,189.45913,141.7742,176.64022,244.1301,241.1952,242.61487,,
494.69313,339,300,226,258,177,152,111,143,217,234,215,357.75005,327.41364,241.10254,290.57218,218.99497,190.0783,142.07486,176.37595,243.4584,241.34893,242.07819,,
494.86878,358,355,258,330,221,194,140,186,276,256,249,357.78824,327.83961,240.46844,291.38669,219.20845,190.87153,142.38538,176.24198,244.81442,241.22836,242.18404,,
495.04444,374,345,261,325,248,210,164,195,288,254,260,357.65193,326.47346,241.0284,292.93119,218.55378,190.74013,141.07187,175.03191,245.44887,239.85465,241.29013,,
495.22011,367,316,264,294,244,201,141,210,249,239,271,357.58482,326.05058,240.78201,292.37525,218.60373,191.01216,141.01182,175.2601,245.11642,239.74824,241.32551,,
495.3958,338,330,220,260,216,158,122,185,208,224,238,359.07801,327.00048,239.81207,292.67191,218.80099,191.42221,141.30402,177.00365,244.96168,239.41102,241.55043,,
495.57151,340,266,207,276,205,152,109,152,214,208,220,359.78376,327.05987,238.34726,292.57227,217.92842,191.89665,140.90387,176.55494,244.5628,239.12231,240.88421,,
495.74723,358,324,261,278,212,176,147,160,234,240,239,358.57893,325.99334,236.91916,291.35416,216.19407,190.71655,139.24506,174.74917,242.76525,236.96584,239.1434,,
495.92297,352,329,239,302,232,191,168,186,241,248,244,359.13486,327.14947,236.8563,291.47901,216.57073,191.44379,139.61634,175.65601,242.59494,237.30569,239.72124,,
496.09872,362,333,226,284,220,170,143,162,239,236,237,358.46805,327.28039,237.02668,291.31539,216.57985,191.00408,138.11434,175.34055,242.63009,236.90949,239.52366,,
496.27448,368,306,216,284,192,232,115,153,222,236,214,358.83044,327.48112,238.53093,291.40026,217.41084,192.37086,138.84971,175.68489,242.37632,237.26685,239.36001,,
496.45027,386,404,237,293,229,218,183,183,238,239,241,357.01855,325.43412,236.10005,288.98541,215.23862,190.59363,137.87221,173.59243,240.35183,234.93959,236.45385,,
496.62606,372,321,225,309,205,185,134,175,244,257,239,357.47016,326.43611,236.1304,289.4035,216.10378,190.1379,138.09491,174.85397,241.1598,235.45963,236.48402,,
496.80187,325,291,226,279,180,136,115,143,207,210,201,357.11409,326.57623,236.17998,290.61739,216.34087,191.28637,138.39299,175.49938,240.39233,235.01357,236.21128,,
496.9777,346,319,235,316,221,186,127,163,266,226,245,356.91024,325.50028,235.32438,290.75954,215.59046,191.11416,138.91477,175.22247,240.45197,233.63333,235.44882,,
497.15354,346,321,239,297,204,258,134,178,239,240,228,355.71546,324.02485,236.35937,289.99982,214.30855,190.05944,138.12843,174.14922,238.64704,233.67037,234.1567,,
497.3294,366,361,235,297,240,188,125,190,239,211,247,356.45974,324.98578,235.81793,288.56968,215.53793,191.08764,138.2603,175.4307,237.99617,234.68135,234.55992,,
497.50527,352,325,239,271,202,175,138,200,233,223,225,356.12768,325.68751,233.66824,288.91411,214.631,190.04874,137.50119,173.7744,238.1186,234.52753,234.91898,,
497.68116,372,356,279,244,209,209,149,207,264,262,258,356.00652,324.35018,233.89144,289.58953,213.59544,189.90412,137.00904,172.34044,238.35774,234.52015,233.91089,,
497.85706,376,329,293,296,243,208,143,185,253,253,266,355.14354,323.38309,233.7016,288.36456,213.53365,188.66452,136.22959,172.72482,237.50316,233.33423,233.59829,,
498.03297,336,312,204,282,201,169,116,153,226,216,220,355.3439,324.73401,233.25484,289.1027,214.34422,190.01751,136.64217,174.73535,238.43806,234.5078,234.92577,,
498.2089,328,303,200,278,193,180,113,149,226,190,211,355.35484,324.7684,232.42366,289.10281,214.59727,190.11133,135.6679,175.19538,238.52694,234.62309,234.60187,,
498.38485,398,324,246,303,220,222,164,197,262,250,248,355.48017,324.62477,232.17235,288.77941,214.47702,190.93762,136.02222,175.28338,238.69114,234.45453,233.14245,,
498.56081,351,324,237,290,239,182,159,163,228,232,232,353.78332,323.33727,231.13477,287.69071,213.18943,189.0677,134.89329,174.23765,237.64049,233.24782,232.81431,,
498.73679,362,332,244,303,197,184,153,193,264,254,234,352.10143,321.90025,229.57675,286.47707,212.41457,187.65601,133.2815,173.53274,236.49723,231.90537,232.12632,,
498.91278,366,317,223,303,224,213,136,168,238,238,241,351.91438,321.18956,229.00222,286.35867,211.92335,188.1543,133.61027,173.19822,236.42757,230.86287,231.69243,,
499.08879,350,313,229,317,217,185,123,175,255,230,231,352.73755,320.55075,229.11479,287.16836,212.39131,189.89646,134.64763,172.90229,237.44982,232.5585,233.1287,,
499.26481,349,320,222,286,208,176,128,175,234,245,224,352.40313,319.48198,228.76385,285.54658,211.5252,189.22299,134.28859,172.30173,236.50296,233.2873,232.50889,,
499.44085,337,345,229,265,201,182,138,184,210,239,228,352.60069,320.88516,229.75352,287.29779,211.72835,189.85943,134.77476,172.88806,238.44841,233.50447,233.24444,,
499.6169,340,328,208,304,218,169,127,168,241,218,222,352.72124,320.60384,229.57476,287.87644,211.17479,189.90804,134.64509,171.8308,239.65437,233.83087,232.84623,,
499.79297,355,313,234,271,211,188,118,145,228,238,225,353.75288,319.92442,230.84025,288.28223,212.39568,190.94944,134.63111,173.72618,239.81533,234.31994,234.28026,,
499.96905,335,320,233,292,233,176,137,190,231,232,256,353.01092,319.80568,230.09742,287.25122,212.90113,189.87556,133.91646,174.75334,239.66289,234.28234,235.44801,,
500.14515,358,319,233,286,229,190,142,181,267,252,249,351.97463,318.70097,228.16154,286.9181,211.15328,188.09432,132.61,173.56287,238.89182,233.36857,234.47147,,
500.32126,325,283,188,254,182,155,96,143,207,208,192,352.48264,319.02791,229.43913,286.7267,211.57634,187.69934,132.73594,173.52724,239.57779,233.57666,235.06906,,
500.49738,386,317,245,290,225,213,179,196,240,252,243,352.69934,319.92217,230.44832,287.42379,212.80853,187.15094,134.22111,174.52894,240.05923,234.48665,236.33854,,
500.67353,360,313,218,285,202,177,132,164,233,211,232,351.88722,320.43555,230.24664,287.27151,213.30737,185.63247,133.81716,174.32019,240.23407,234.58975,236.64858,,
500.84968,364,345,255,318,250,225,155,207,269,260,280,350.90172,320.47548,230.20304,287.18397,213.07722,186.73345,133.17914,175.12204,240.50644,235.25629,237.15919,,
501.02586,344,297,213,280,203,204,138,140,194,232,218,352.35772,322.91939,230.62208,287.72742,214.51367,188.1152,134.63591,175.78024,240.54178,235.80591,238.26146,,
501.20204,334,296,205,244,191,170,118,148,240,244,229,352.89771,323.47944,230.43254,287.58565,214.69481,186.90095,134.50511,175.71854,241.39942,236.72113,238.64982,,
501.37825,348,328,227,290,204,181,115,170,238,252,238,353.12426,323.02854,230.31459,287.39108,214.34508,185.53254,134.54844,175.34621,240.9258,236.09867,238.4927,,
501.55446,367,358,234,314,230,204,138,193,280,242,255,353.59865,323.6575,231.11892,289.13328,215.21991,185.2924,135.0506,175.04369,242.34551,236.15826,239.70842,,
501.73069,328,304,217,317,180,156,122,144,242,196,239,353.4415,322.96861,230.87911,289.53655,214.81633,186.77648,135.11864,174.25443,242.31278,236.11835,239.08175,,
501.90694,343,294,258,273,218,190,122,200,240,223,197,353.37195,324.18748,230.04933,289.40282,215.36916,186.74847,134.13953,172.33623,241.43414,235.29652,238.6717,,
502.0832,360,367,237,270,223,196,141,198,226,233,250,353.43949,324.57156,228.83451,289.80258,214.00709,186.37097,134.54792,173.13978,241.28537,234.75062,237.74235,,
502.25948,351,314,209,282,217,196,127,180,251,246,244,354.59422,325.22805,230.84192,289.41985,214.01219,187.49519,135.41525,173.84142,242.80851,235.82104,238.44751,,
502.43577,351,290,239,276,185,160,120,134,224,214,208,354.89973,325.53793,233.03527,289.12689,214.69893,187.10838,135.53408,174.38599,243.02514,236.22016,239.18254,,
502.61208,344,312,245,288,208,172,142,169,239,224,236,354.095,324.70733,231.35462,288.18927,214.20863,185.80285,133.95966,172.89832,242.08893,235.09491,238.85945,,
502.7884,366,334,238,291,218,186,139,177,240,244,298,353.67707,324.7062,230.76015,288.40332,213.56975,185.16114,132.79755,172.20542,241.46302,233.82749,238.42388,,
502.96474,384,333,239,303,232,216,146,181,262,251,245,355.314,325.29625,231.92947,289.58051,214.77621,187.06344,134.66459,173.51256,243.10258,234.98059,239.52821,,
503.1411,377,352,251,312,221,212,165,191,255,243,246,355.4702,325.42005,232.21156,289.53492,215.96566,185.95277,135.91042,173.28318,242.7975,234.8887,239.31801,,
503.31746,384,335,254,297,232,207,153,203,256,269,252,355.17638,326.00516,232.83567,290.36261,216.85642,185.21817,135.90974,173.94476,243.6428,235.59132,239.83241,,
503.49385,337,352,226,277,219,166,122,172,241,226,221,355.79132,325.93814,233.2413,290.82727,217.37926,186.93087,136.13189,173.75988,244.23024,235.29582,240.31419,,
503.67024,348,335,225,308,200,175,117,162,255,208,239,356.0321,325.31068,233.24621,291.72842,217.51127,186.99176,135.85309,173.6753,244.8296,234.94917,240.42751,,
503.84666,346,306,210,266,202,166,111,160,216,248,225,356.75927,325.33233,233.06845,291.63256,218.20401,187.32143,136.10657,174.19269,244.98942,235.64595,240.59474,,
504.02308,367,360,258,308,262,204,159,232,261,249,281,356.29951,325.39052,232.36329,290.02528,217.75528,186.84996,136.11785,174.39419,243.1249,235.29181,240.31638,,
504.19953,331,352,219,289,208,164,138,156,268,232,240,355.87481,325.757,231.42101,290.39296,217.35253,186.42375,135.92577,173.53179,242.87712,234.60817,239.16757,,
504.37598,360,352,245,303,206,189,143,162,238,234,218,356.31312,325.33555,231.94029,290.88876,216.0632,186.08403,135.75064,172.34941,243.29493,234.53261,239.07896,,
504.55246,371,318,274,293,276,202,148,205,261,245,273,354.98503,324.65823,231.2128,290.21208,216.62509,184.70094,135.36379,172.12512,242.18089,233.6127,238.96616,,
504.72895,335,320,222,288,214,174,137,173,229,238,241,355.01357,325.01556,230.73363,290.55924,217.57188,184.92462,135.73909,173.00206,241.31878,233.89135,239.78197,,
504.90545,335,303,209,281,207,192,114,162,241,223,223,354.83377,324.80015,230.86029,290.16791,218.00455,184.5765,135.38902,172.84364,241.23819,234.06929,239.4064,,
505.08197,381,318,235,292,222,204,157,178,250,239,249,356.03463,325.52789,231.21473,291.43122,219.62477,185.57304,137.48382,174.03758,242.09907,235.3512,239.98956,,
505.2585,402,303,216,289,218,180,138,127,227,219,216,355.36923,325.68835,230.23151,290.74858,219.58398,184.29896,136.30569,172.98833,241.42821,234.82011,239.52801,,
505.43505,345,323,217,275,196,160,138,154,248,224,217,355.15396,325.42767,230.22666,290.95429,220.26893,184.44665,135.83911,173.96183,242.12616,235.11289,240.42225,,
505.61161,367,310,223,318,213,218,149,169,225,231,238,355.48563,324.35922,229.72658,290.41276,220.68735,185.41403,136.29767,172.97619,241.22438,234.43469,240.06598,,
505.78819,328,308,218,294,200,170,122,141,227,236,213,356.11896,323.2591,229.34839,289.90462,220.59397,186.21862,137.14145,172.92802,241.96362,235.17174,240.28132,,
505.96478,332,291,190,265,193,173,112,149,217,225,202,356.36406,322.79778,229.05568,289.08732,220.90752,187.8351,137.07665,173.44873,241.27201,236.45455,240.37154,,
506.14139,349,335,226,293,217,192,130,178,239,242,245,355.88353,322.62323,228.05989,288.8648,220.85476,187.77003,137.06834,173.26612,242.38558,235.9021,240.05891,,
506.31801,367,314,244,316,223,180,157,237,270,239,260,355.00163,320.7308,227.00297,289.7652,219.2201,186.59091,136.78597,171.605,242.95576,234.60069,239.30336,,
506.49465,350,308,267,272,256,176,123,164,241,239,260,355.01808,318.59868,228.06607,289.19568,219.80788,186.91101,137.25099,172.80385,242.55147,234.57811,238.5741,,
506.67131,332,333,204,261,219,156,117,180,214,224,241,355.0321,319.20569,227.47072,288.64006,220.20383,187.61446,137.73155,174.0484,242.14098,234.64697,239.14947,,
506.84797,368,323,219,305,234,210,137,168,249,242,255,355.02134,319.06872,226.17831,288.78976,219.86953,188.44345,137.88034,174.46812,242.68475,235.08841,238.28735,,
507.02466,369,347,268,317,237,207,170,207,264,260,249,354.82376,317.47222,226.25493,288.10333,219.02086,187.48031,137.27339,173.87125,242.08283,234.54522,236.87896,,
507.20136,344,308,225,273,234,196,154,175,254,235,241,354.81739,316.64069,226.89418,288.1902,219.1998,187.17015,137.62982,174.57605,241.93572,235.4596,236.83544,,
507.37807,344,304,207,261,196,152,101,153,212,207,223,354.01167,315.97493,226.62928,287.31675,218.62171,186.16653,136.56189,174.74946,241.66783,233.1422,237.95089,,
507.5548,350,318,228,288,216,217,117,170,242,229,252,354.14469,315.2087,226.59598,287.19013,218.40422,186.01486,136.23625,174.81404,241.66398,232.84666,237.12181,,
507.73154,379,310,225,271,181,211,158,170,240,224,229,354.55367,314.79836,226.65517,287.48719,218.0026,186.6291,137.00208,175.14499,241.67963,232.55451,236.81753,,
507.9083,357,316,210,284,216,159,138,175,223,244,236,355.46576,314.74711,227.97119,287.96023,218.34764,186.89606,137.43881,174.90842,242.05087,234.1027,236.83914,,
508.08508,355,330,227,287,224,187,142,179,239,239,238,355.25625,314.85615,228.27158,287.51039,218.46862,186.43876,136.96326,175.91936,242.11552,233.41566,236.06691,,
508.26186,335,314,225,293,194,166,127,158,233,218,226,355.29403,314.69544,228.65229,287.9658,217.93175,186.22696,136.71632,176.26961,242.54488,232.18483,235.64425,,
508.43867,360,341,251,325,222,197,145,178,277,249,242,354.57224,312.27337,227.68398,285.8134,216.90219,184.80133,135.25484,176.05015,240.49181,232.09722,234.87988,,
508.61549,360,318,239,301,239,181,142,202,255,240,266,355.62642,313.54796,228.22279,286.31104,218.62772,185.66325,135.73884,179.21973,240.97905,233.52153,236.36823,,
508.79232,344,330,213,262,269,196,130,191,217,239,232,353.70704,314.03502,226.4249,285.13042,216.30517,183.99191,134.32789,178.46234,240.959,232.51784,234.74283,,
508.96917,384,348,256,322,236,223,156,207,270,265,266,353.38785,314.18293,226.91631,285.42035,215.03101,183.43738,134.30886,177.72233,241.05826,232.48629,233.16372,,
509.14603,363,313,253,284,224,185,138,165,308,250,232,354.59908,314.27443,229.1309,285.67698,216.80192,183.58343,134.45922,179.57813,242.26184,232.98636,234.40064,,
509.32291,333,288,181,271,190,164,111,157,225,207,208,354.32354,315.05923,228.75825,284.50957,217.62889,182.79245,134.75542,181.43577,243.06752,233.68421,234.95778,,
509.49981,344,278,222,241,184,172,106,160,218,207,217,352.82743,314.24309,228.38033,284.92315,216.91701,182.3437,133.30257,181.5025,243.24377,233.06276,234.75714,,
509.67672,387,284,241,298,213,216,175,207,261,223,239,353.29987,314.75968,229.38456,285.61646,217.12215,183.12822,134.14231,182.58047,244.27038,232.9523,235.26383,,
509.85364,383,329,249,306,240,225,184,188,255,244,245,354.21495,314.67718,229.97434,286.95064,217.75861,182.51906,134.61018,182.16238,244.46955,232.92534,234.94722,,
510.03058,346,308,226,298,205,185,143,190,232,254,227,354.26789,315.83515,230.86389,287.78844,217.54574,181.63755,134.5686,182.83241,245.78849,233.57288,235.48377,,
510.20753,318,300,207,253,204,153,106,160,213,219,212,354.14127,315.46327,231.02213,288.54452,216.84969,182.31926,134.47206,182.02208,244.83669,232.22164,235.38379,,
510.3845,337,305,220,303,196,125,126,156,257,207,220,353.51097,315.44241,231.61644,289.50803,215.89492,182.79207,136.92494,181.4324,244.85148,232.84287,234.82801,,
510.56149,382,329,252,313,234,202,145,205,242,262,252,351.94953,314.33908,230.06677,287.93449,213.88444,181.53908,135.19695,179.9732,242.89721,232.37593,233.17364,,
510.73849,358,338,239,285,239,193,138,211,224,242,256,352.79859,315.45768,231.22356,288.78446,213.57963,182.76156,134.79574,180.69739,244.15368,233.3798,234.21541,,
510.9155,337,335,208,292,198,173,107,172,254,220,208,352.38973,314.42341,231.46141,289.97368,212.01905,182.10725,134.70378,180.70747,244.91024,233.41358,233.61018,,
511.09253,351,318,246,285,207,164,120,172,239,223,208,352.98972,314.09821,233.61349,291.15115,213.81492,182.58513,134.67687,181.03971,245.91375,234.59764,234.84061,,
511.26957,341,291,243,268,226,157,113,185,229,222,251,352.23081,314.60339,233.30023,291.30402,214.04322,181.99053,133.96904,181.50805,245.28168,234.6546,235.66704,,
511.44663,344,309,226,286,208,177,126,170,238,220,232,352.3856,315.45453,232.41713,292.04338,212.9892,182.14875,133.26431,181.74006,245.4153,235.00036,234.8537,,
511.62371,325,298,213,268,188,160,111,153,234,170,207,352.62561,317.42794,234.65116,293.98874,213.63906,183.12653,134.00197,183.03536,246.59662,236.63748,235.65918,,
511.8008,373,312,238,303,220,195,157,176,237,300,232,351.79547,317.4097,234.9007,293.83814,213.9785,183.33251,133.89884,182.90788,246.66341,236.76192,235.59451,,
511.9779,366,316,234,293,224,202,143,185,252,249,253,350.17067,318.04822,234.37641,292.9467,213.22055,181.47204,131.93438,181.38134,245.75925,236.25022,235.19355,,
512.15502,356,328,248,292,222,179,129,190,249,246,240,349.93791,319.28349,235.11821,293.64982,214.06394,182.91481,130.81988,181.61709,245.98994,237.04082,235.75732,,
512.33216,351,303,213,273,209,191,132,232,241,213,238,350.39176,319.62076,235.33715,292.69075,213.29695,184.76534,131.77021,181.8607,245.64627,237.32254,236.12684,,
512.50931,342,318,219,282,203,175,132,165,237,248,234,350.51589,319.97112,234.93044,292.82715,213.05178,184.74031,131.58155,181.19948,245.7062,237.00766,236.37958,,
512.68647,340,315,212,282,202,171,114,174,239,248,239,350.19337,320.16707,235.12295,293.44717,212.67284,185.11844,131.96435,180.07953,245.79035,237.54753,236.38864,,
512.86365,362,368,240,332,216,201,144,189,287,251,236,348.95429,319.97021,235.05984,292.83519,211.5616,184.28864,131.2049,178.74067,244.12433,236.96131,236.00929,,
513.04085,321,303,240,288,182,161,126,148,250,202,217,348.94102,321.3222,234.93617,293.57442,211.55002,184.52604,131.0598,178.87293,245.00985,237.56099,236.2957,,
513.21806,385,329,289,332,271,207,175,209,283,269,290,348.93626,322.60543,235.1489,295.03771,211.63709,184.61972,131.64468,179.15004,245.62753,238.30904,236.92215,,
513.39528,362,352,245,303,239,196,138,218,256,242,274,348.39466,323.47546,235.22662,294.42644,213.0031,184.80724,131.59965,179.73019,244.44456,238.69277,236.96854,,
513.57252,321,328,222,298,212,189,140,178,244,237,239,349.12089,325.19072,236.20694,295.96154,214.40637,186.22157,132.37349,180.7043,244.8019,239.98342,238.11685,,
513.74977,330,307,264,348,184,195,125,145,224,224,234,347.73836,325.30148,236.34889,295.32669,214.37367,186.19853,131.57222,179.83311,245.62083,240.16381,237.88604,,
513.92704,367,345,254,292,226,204,161,191,255,254,241,347.17296,325.33197,235.03855,294.71213,214.26945,186.00711,130.9747,179.10573,245.45423,239.96818,237.75411,,
514.10433,348,316,234,293,210,178,128,172,236,256,244,346.87708,324.37851,234.3837,293.033,213.57874,185.5662,129.98863,177.72029,244.06546,239.02365,237.41453,,
514.28163,362,320,228,266,189,204,122,165,239,234,239,346.76482,323.67234,235.04036,293.29708,213.70271,186.0005,131.02573,178.94045,245.30836,238.50651,238.14505,,
514.45895,338,295,214,262,189,193,139,143,218,211,204,347.77227,323.85766,235.24968,293.5828,214.72851,187.44714,132.40452,179.2528,245.47238,237.50717,238.90043,,
514.63628,367,333,242,308,218,201,156,204,271,287,242,347.88,323.78733,235.28277,294.08091,214.3143,188.74355,133.81422,179.02759,245.51186,237.72051,239.01808,,
514.81362,345,319,220,281,212,161,35,165,239,229,230,346.63351,322.93585,234.63655,292.21323,214.08317,188.59342,133.66729,178.10435,243.95141,237.36941,238.66242,,
514.99098,378,337,261,340,239,221,156,196,296,255,251,345.65481,321.83531,233.28886,291.2121,212.92383,186.70803,133.50205,176.11964,243.02605,236.45523,237.45428,,
515.16836,309,305,200,288,204,156,128,146,207,222,197,345.85257,321.88131,232.80373,291.84869,212.66679,187.13325,134.16698,175.00704,242.76722,236.92641,237.09812,,
515.34575,368,361,248,303,256,207,147,237,254,253,270,346.00417,321.47125,232.63621,291.79719,213.11543,187.45288,135.44939,175.02791,242.61818,237.09375,237.23389,,
515.52315,316,335,210,258,180,163,111,161,217,214,213,345.0986,321.68667,231.69578,291.87424,213.09774,186.95517,135.20329,174.53872,242.34143,236.07814,236.84068,,
515.70057,337,335,229,272,195,172,122,168,239,234,205,344.98625,321.47555,230.39342,291.03459,213.30284,186.24759,134.71041,174.40329,241.93372,235.62405,236.27806,,
515.87801,339,316,262,293,258,200,140,160,245,242,278,344.98532,321.13339,231.21781,290.89035,215.02759,186.22474,134.80111,174.94149,242.06129,235.811,237.64778,,
516.05546,338,303,208,266,211,174,128,161,225,218,223,345.05869,320.97977,231.18807,290.51933,214.90374,185.64325,134.70525,174.5915,241.66171,234.89732,237.83886,,
516.23292,349,333,233,292,223,192,147,178,255,246,246,344.1803,320.76298,230.35444,289.87982,214.70339,184.00682,134.81617,173.7293,241.55793,233.13633,237.50015,,
516.4104,377,304,239,302,224,220,160,203,245,238,240,344.09126,319.82958,229.57367,289.22537,214.26544,182.94276,133.95619,173.60665,240.6274,233.80289,236.71626,,
516.5879,336,292,213,271,186,175,146,157,232,210,237,344.35679,319.0525,228.9451,288.85377,214.25176,183.26571,134.17969,173.19964,240.47426,233.01663,236.54889,,
516.76541,342,310,224,308,198,157,117,150,248,216,220,344.88292,318.45779,228.79841,288.3423,214.55845,183.50864,134.41317,172.88222,240.2217,232.97262,236.16453,,
516.94294,332,313,226,282,210,164,137,182,212,256,228,345.92885,317.40499,227.89227,286.53861,214.17126,183.54656,134.40268,174.47215,238.846,232.23024,235.64108,,
517.12048,344,334,218,264,224,173,122,204,219,224,238,346.16471,316.47546,226.30436,285.76541,213.91615,183.57725,133.88102,173.8819,238.29231,231.53738,235.16385,,
517.29803,354,335,221,311,219,191,146,192,271,239,239,345.98591,314.15357,224.48615,285.28402,212.2523,182.76022,132.738,172.39584,237.73184,231.30035,234.01275,,
517.4756,336,312,251,304,208,186,146,159,232,229,232,347.54638,315.40671,224.61768,286.05443,213.30852,183.84054,133.63866,174.17384,239.25804,232.54882,234.68677,,
517.65319,335,290,232,258,225,175,120,178,220,214,249,346.90081,314.32762,222.9822,285.83318,212.60568,182.76566,133.1065,173.51657,239.48735,231.33453,234.52373,,
517.83079,335,314,207,284,221,187,128,158,239,223,239,348.0398,314.00541,223.65247,286.72101,212.93798,183.05765,134.7587,174.35269,240.69109,232.07216,234.67297,,
518.00841,332,306,216,269,193,177,127,161,239,219,239,347.44846,314.44203,223.77716,286.7207,213.84772,183.11164,134.95884,175.46316,240.63741,232.1147,235.9337,,
518.18604,390,328,246,307,233,192,168,182,273,246,257,347.66966,314.93139,223.52932,288.37566,214.10209,183.66638,135.61779,175.94745,241.16875,232.05237,236.16659,,
518.36368,335,302,221,293,201,175,136,165,230,214,228,345.77442,314.13405,223.86228,289.91499,212.93714,182.49168,134.20234,174.46647,240.2157,230.26467,236.00097,,
518.54134,332,317,233,293,208,188,140,186,261,232,239,346.78117,314.81202,224.49544,290.1212,213.0875,183.17171,134.62676,175.05563,240.67496,231.27443,236.43333,,
518.71902,373,306,205,279,205,207,143,143,213,229,222,347.13588,314.34533,224.31222,289.90552,213.35774,183.42898,134.8125,174.99409,240.61659,232.14188,236.60973,,
518.89671,340,317,228,287,202,192,152,153,244,269,226,347.17874,314.47698,224.57168,289.68808,212.39944,183.85576,135.67259,174.66362,240.77089,232.88147,237.10981,,
519.07442,335,303,210,272,217,160,116,173,224,245,228,346.5801,312.41106,223.29502,287.75882,211.02829,183.39729,135.04077,172.36907,239.11889,230.92081,235.17047,,
519.25214,349,317,207,304,208,171,128,165,255,230,224,347.4037,312.18546,223.68303,286.15609,210.58966,184.67154,136.14392,172.70081,239.5418,231.66643,235.42796,,
519.42987,356,328,239,327,230,193,146,194,281,232,258,347.38261,311.2331,223.65517,286.51544,210.77336,184.95391,133.42359,171.97823,239.71028,232.10181,235.18752,,
519.60763,366,313,245,288,242,189,139,220,249,240,266,349.18555,311.93334,224.71191,287.90845,211.77275,186.69338,134.17242,173.05327,241.09529,233.91628,235.88029,,
519.78539,350,342,225,284,232,187,111,200,224,234,262,348.09153,311.65114,222.95191,288.21128,210.75585,186.09099,133.94818,173.16875,240.44608,234.44377,234.0026,,
519.96317,367,324,217,285,209,196,127,184,257,253,233,349.73732,313.51521,224.4343,290.26365,212.75596,188.07846,135.26834,175.20463,241.82697,236.63886,235.27027,,
520.14097,356,324,269,310,207,193,145,171,249,236,232,348.66921,313.97203,224.25935,289.85336,212.0738,187.41856,134.13565,175.00179,241.58366,236.55913,234.70699,,
520.31878,342,297,197,266,170,156,114,159,217,208,204,348.55184,314.54248,223.85599,289.5141,212.09269,187.74285,133.74085,175.2401,241.76283,237.24173,234.29731,,
520.49661,340,301,204,286,211,189,128,172,239,238,221,348.11914,315.34726,225.46144,290.12623,213.13715,188.52255,133.34626,175.04684,241.60112,237.70946,235.30707,,
520.67445,350,284,212,272,188,207,99,168,221,206,206,348.47294,315.45457,225.46083,290.32023,213.6512,189.01268,133.41487,175.81019,241.76018,238.78018,235.41684,,
520.8523,374,316,233,306,225,227,179,161,249,252,240,348.84335,316.52425,225.92299,290.59979,213.96158,189.11226,134.32644,176.3794,242.5254,240.08841,235.88806,,
521.03018,363,313,225,289,218,194,136,179,238,262,242,350.26472,317.5016,227.78559,292.01187,215.51634,190.94355,135.10798,177.7787,243.86179,241.87418,237.19758,,
521.20806,348,319,224,293,207,174,121,184,239,239,239,350.26309,317.06664,227.81522,291.94951,214.90711,191.46848,135.95361,177.36413,243.4987,241.11427,236.78378,,
521.38596,324,308,213,319,218,192,130,168,272,228,243,350.48819,316.84876,228.4464,292.25156,213.96972,191.56751,134.99556,176.61621,243.52466,240.81714,236.5122,,
521.56388,339,316,239,293,206,175,148,179,242,262,238,350.48579,316.8597,228.58389,291.86987,214.00095,191.40683,135.02967,176.8595,242.18698,242.50481,236.46305,,
521.74181,349,364,239,280,254,197,152,222,243,253,269,351.91404,319.03289,229.69494,291.81562,215.3018,192.20021,135.44049,178.97293,242.80559,244.11053,237.79902,,
521.91976,309,303,198,289,175,161,111,127,222,207,204,351.27935,319.395,228.50647,291.9508,214.4146,191.9284,135.23135,178.39412,243.09237,244.38506,236.85664,,
522.09772,337,319,260,281,192,191,140,161,231,237,205,350.99656,319.29629,230.11751,293.0747,214.15194,192.12877,135.90654,177.6717,243.07497,244.62953,236.3555,,
522.2757,340,319,242,290,250,191,117,170,234,238,271,350.57161,318.50837,230.74566,291.94072,214.4698,191.50022,135.77911,178.05459,242.61779,244.70724,237.40868,,
522.45369,384,321,225,297,210,192,132,177,256,239,229,350.45598,318.79121,230.20154,291.88392,214.9369,191.84679,135.50078,177.88115,242.67288,244.48425,237.84453,,
522.6317,315,298,214,233,207,168,118,162,226,239,232,349.05051,318.47211,230.02254,291.08109,214.09722,191.51183,135.38809,177.14403,242.53657,243.96514,238.20184,,
522.80972,393,319,239,288,225,237,176,194,255,289,241,350.35994,319.55356,231.44107,292.23382,215.35244,191.88636,136.66473,177.98693,244.16485,244.91973,239.60948,,
522.98776,335,308,226,283,223,191,158,170,239,229,228,348.59458,319.34354,231.24666,291.40764,214.98152,190.45983,135.57911,177.21353,243.81583,244.25283,239.5944,,
523.16581,338,320,238,300,204,180,138,174,238,239,241,348.21991,320.49451,232.31489,291.72994,215.59542,190.85189,136.26651,178.26506,245.23554,245.10653,240.72006,,
523.34387,365,303,218,271,222,202,105,175,232,222,226,348.51204,320.07898,231.93438,290.79682,215.3746,190.96754,136.57761,176.92557,244.4847,244.2015,240.50096,,
523.52196,367,353,257,322,234,229,173,220,272,292,274,348.43036,319.76172,231.87683,289.86768,214.17423,190.48243,135.51256,175.32741,243.93239,244.99796,239.70502,,
523.70005,351,333,232,367,233,184,138,198,260,289,239,347.08668,318.89268,231.13572,287.96727,213.46345,188.72588,134.95871,174.25038,242.57127,245.36377,239.07321,,
523.87817,361,350,225,281,207,175,140,201,241,252,245,346.86688,319.01855,230.70162,288.42216,212.81624,187.81368,135.59496,173.44796,243.14988,244.85911,238.42295,,
524.05629,335,317,232,310,207,185,136,174,264,233,236,346.98156,318.56948,230.68441,289.8759,212.19443,187.51005,136.71272,172.74724,244.71272,244.93502,238.18519,,
524.23444,364,319,272,303,244,201,143,153,249,244,270,347.06412,318.1832,231.56321,289.02378,213.00883,187.01703,137.76953,174.08827,244.19978,245.55367,239.01798,,
524.41259,328,304,212,258,198,162,108,180,224,217,239,346.59453,318.72493,230.43806,287.99977,213.67784,186.12358,137.42746,174.95382,243.43929,245.1386,240.19704,,
524.59077,367,332,229,292,212,207,153,186,239,254,246,346.5298,319.76221,229.44438,287.33919,212.39059,185.50923,137.30363,174.44361,243.29851,245.60359,239.39469,,
524.76895,354,335,257,300,196,180,137,177,244,248,227,346.63995,320.66656,231.09604,287.87712,212.81766,185.40839,138.19874,174.31548,243.40791,246.28977,240.17455,,
524.94715,367,311,228,288,226,192,156,182,264,267,253,346.50912,320.58842,230.88552,286.78588,211.72228,183.61046,138.1082,174.37496,242.60418,245.02029,239.72233,,
525.12537,338,320,230,271,201,175,129,145,233,222,232,345.37632,321.70042,230.36744,286.26748,211.48386,182.15966,137.13103,174.33985,242.0316,244.64901,239.4507,,
525.3036,346,318,239,290,220,206,117,163,241,239,242,345.88351,320.69433,230.23119,285.75886,210.91764,182.55974,135.79164,174.37219,241.22728,243.60903,238.62862,,
525.48185,340,290,197,260,178,180,136,160,210,213,206,346.63931,320.69775,230.19178,285.94775,210.30293,183.31174,137.26542,173.83017,240.67979,243.67333,238.28322,,
525.66011,348,320,230,274,208,180,122,175,252,269,261,347.23541,320.29579,230.50737,285.97112,210.24293,182.71098,137.92944,173.56817,240.38071,244.14997,238.00104,,
525.83839,344,329,218,298,228,170,154,175,257,259,240,347.45356,319.81347,230.59988,285.90247,209.72264,182.13964,137.62448,173.69562,239.93907,242.62744,237.34479,,
526.01668,338,325,236,298,206,178,141,171,269,232,238,347.21215,319.61012,229.9978,286.99878,209.76452,182.38789,138.16297,174.25502,240.63915,241.36304,237.49605,,
526.19499,293,270,191,264,173,146,110,128,203,198,196,346.61476,317.50099,228.84641,285.59281,208.20404,180.90007,137.94186,173.4543,238.80838,240.76849,236.43722,,
526.37332,370,333,271,303,243,196,154,211,265,254,274,347.30003,319.24839,229.19901,285.20777,209.16902,181.58968,138.59415,175.36277,238.64964,241.68128,237.33586,,
526.55165,341,330,210,265,214,175,127,188,240,246,257,346.0781,318.89103,227.47057,285.91977,206.87443,180.13017,137.39398,174.2557,237.6305,240.3189,235.89977,,
526.73001,341,331,225,292,212,190,126,169,239,233,222,346.78958,319.17058,229.18573,286.74579,206.27926,180.46169,138.4659,174.01114,238.43453,240.54003,235.01225,,
526.90837,325,317,239,277,204,166,136,165,237,248,232,346.16,319.40313,229.61967,286.44617,207.60787,180.75152,137.95286,174.22213,238.03783,240.0468,235.87427,,
527.08676,362,329,234,283,219,175,127,184,242,252,234,347.75639,319.12236,228.96514,286.78335,208.55655,181.30209,138.16485,174.82736,238.60087,239.70835,236.02097,,
527.26515,330,303,209,250,186,162,121,149,216,227,216,345.71839,318.04206,228.03003,284.33636,208.3492,179.44588,136.22519,174.38988,237.39283,237.91098,235.00018,,
527.44357,384,319,239,303,207,205,175,185,239,247,234,347.86269,318.51446,229.19208,282.55403,209.97223,181.12483,137.7763,175.38196,237.92586,238.74113,235.20354,,
527.622,333,283,207,264,175,154,122,142,207,207,202,346.79929,317.75275,228.96788,282.53231,210.38832,180.20628,138.69954,175.28605,237.81782,237.60325,234.46085,,
527.80044,351,321,224,290,194,181,138,175,227,260,225,345.77775,317.61315,229.31806,283.17305,209.78826,179.0969,137.54035,175.18741,237.55392,236.79814,233.64407,,
527.9789,331,329,234,298,222,189,203,190,248,246,246,347.02376,317.49199,230.0658,283.18956,210.61025,180.51865,137.64867,175.9419,237.63086,235.07416,233.38216,,
528.15737,367,335,239,318,222,200,158,193,256,240,242,348.28064,318.46266,230.80031,284.62749,211.88047,182.82246,138.81087,177.83066,238.80856,235.97601,234.93662,,
528.33586,343,315,222,271,212,179,128,176,220,255,237,348.32893,318.88956,230.66846,286.72806,212.81569,183.28386,139.24682,178.91889,238.75193,237.79571,235.21756,,
528.51436,338,349,239,261,237,178,128,205,213,236,260,349.537,319.52556,231.01003,287.5028,213.77596,183.51482,139.59403,180.14299,239.58597,237.33926,235.72982,,
528.69288,351,337,217,303,207,180,122,170,255,222,239,349.49428,319.17889,231.73261,289.41027,213.33015,184.52221,140.12442,180.70715,240.8609,237.21978,235.26698,,
528.87141,357,340,269,308,206,192,138,172,239,249,228,351.32809,319.35627,234.13762,291.80038,215.41901,186.40327,141.56207,180.93418,242.27604,238.30617,237.28669,,
529.04996,365,309,262,299,255,194,144,209,252,239,271,350.73356,319.22336,234.03549,291.82976,216.00661,185.97305,140.83542,181.86466,242.32678,238.1863,237.96288,,
529.22852,353,313,230,286,197,175,127,188,239,212,217,351.88052,320.2095,233.86609,293.42644,216.1239,187.53319,141.79286,183.8274,242.60744,238.66346,238.16562,,
529.4071,348,317,221,298,205,193,126,168,236,244,224,351.35675,320.43086,233.75411,293.69795,215.62436,187.12671,141.35405,183.93162,242.1314,238.02942,237.23033,,
529.5857,382,272,232,298,212,215,169,182,248,240,228,352.65118,320.70568,235.21115,294.77053,217.7715,188.33946,142.28787,185.70446,244.182,238.11984,238.87134,,
529.7643,338,317,222,282,196,174,152,175,236,225,225,352.71145,321.98571,236.09031,295.45154,218.15475,188.41634,142.05792,185.94457,244.68072,239.02039,239.99257,,
529.94293,356,310,238,292,234,187,138,186,255,228,239,353.09409,322.36309,237.09502,296.14175,218.83717,190.18345,140.82244,185.88181,244.92494,239.94263,240.85119,,
530.12157,356,319,217,282,212,207,125,196,237,224,240,352.99504,321.5242,235.94466,295.33505,218.06994,191.35081,141.04093,185.42653,244.17763,238.87526,239.99325,,
530.30022,357,328,220,289,217,188,140,192,242,272,252,353.84604,321.92593,236.36033,296.10714,218.67465,192.3025,141.8908,186.18832,245.09323,240.98634,242.12172,,
530.47889,347,306,229,278,209,177,116,161,239,255,230,354.09232,322.27489,235.84226,295.60966,218.98279,192.46318,142.11337,186.36472,245.2543,241.84591,242.78312,,
530.65757,373,382,277,345,255,221,160,220,304,271,269,353.96609,321.72568,234.87828,295.22268,218.1543,192.31994,141.2716,185.37829,245.95517,240.77485,242.24449,,
530.83627,340,308,232,304,226,171,139,180,256,214,240,351.50196,318.28746,232.92571,294.1198,215.59723,190.23224,139.73324,182.55985,244.79431,239.14659,239.41498,,
531.01498,361,320,262,275,264,207,162,188,266,240,256,353.05717,319.12247,234.07805,294.41643,216.99422,191.9679,139.96777,183.50885,245.70384,240.43849,241.23056,,
531.19371,316,312,207,258,223,175,111,188,209,209,233,352.99758,319.67687,232.63369,294.1446,217.08406,191.63748,139.22259,184.11396,246.78829,240.85735,242.17633,,
531.37246,360,312,234,303,218,175,137,180,248,229,239,353.00075,320.44866,232.17731,294.483,216.48169,192.06181,138.29702,182.71816,246.82543,240.87714,241.07346,,
531.55121,330,332,257,291,192,165,123,172,238,221,222,352.38137,320.12446,232.17652,293.94353,216.36157,191.46456,137.4763,181.70486,246.62208,241.329,240.60343,,
531.72999,386,337,258,320,226,223,182,191,270,271,264,353.2097,320.98231,233.02863,294.2268,217.12388,191.88435,137.40699,182.41849,247.57179,242.5577,241.32909,,
531.90878,324,303,211,356,180,178,126,175,242,239,233,351.21158,320.31466,231.8101,292.46162,216.11013,190.32284,135.22904,180.87508,245.90885,242.21647,240.19878,,
532.08758,378,332,244,297,218,229,133,189,249,250,252,352.08587,320.47412,231.69866,292.0169,215.14016,190.33921,135.44289,180.30723,247.10865,242.45883,239.83683,,
532.2664,383,323,238,292,236,233,190,194,254,249,271,351.21482,317.54688,230.33808,290.09409,212.98251,188.44669,134.32399,178.02288,245.02752,241.29684,237.60794,,
532.44523,335,302,201,282,207,173,113,165,235,264,239,350.61535,318.04399,230.81044,289.88697,212.49584,187.72602,133.34823,177.63798,244.55863,242.73789,237.13826,,
532.62408,337,314,239,284,205,173,143,173,238,251,226,349.84387,318.41831,230.75916,289.37976,212.66099,187.74027,135.56647,177.49014,244.26707,242.35867,237.28361,,
532.80295,364,316,248,319,219,194,136,184,275,226,236,349.81275,318.57591,230.64146,289.40153,212.21104,187.4666,136.42178,176.80038,244.16476,241.68341,236.84115,,
532.98183,336,331,225,287,192,193,141,188,229,274,234,349.03298,317.55392,229.84226,287.48384,211.29056,186.43201,136.18789,175.68509,241.74774,242.4162,236.49195,,
533.16072,351,337,216,277,239,175,130,187,237,248,260,348.58264,318.41951,230.32918,285.63632,211.95182,186.42909,136.31564,176.22759,239.9704,243.48454,236.91397,,
533.33963,313,323,198,252,193,159,102,175,217,216,212,348.40112,319.46946,229.28438,286.12152,211.29063,186.29346,136.33394,174.67644,240.07588,243.37204,236.99957,,
533.51855,356,317,221,281,196,196,134,175,234,224,226,347.94068,319.67857,230.43666,286.53569,210.37206,186.04965,136.41935,173.12114,240.29896,243.88888,236.53449,,
533.69749,335,305,238,255,224,173,118,143,238,238,250,348.10822,319.60427,231.55374,286.60418,211.38098,185.91998,136.07149,173.90181,240.00245,243.60894,237.7178,,
533.87645,383,337,271,308,230,216,150,196,271,275,274,347.97214,319.585,231.08698,286.11022,211.06802,185.30707,135.52234,174.49809,239.43596,242.84647,237.72833,,
534.05542,339,313,191,270,167,175,124,143,207,280,214,346.93647,319.08424,230.10236,285.60176,210.01762,184.41944,133.53082,173.0121,238.26719,242.23434,236.35077,,
534.2344,352,283,206,260,196,196,136,149,225,209,206,347.47555,317.61302,229.96281,285.25738,209.6645,184.60377,134.37301,172.65687,237.69909,242.10467,235.51439,,
534.4134,348,307,207,273,202,170,157,169,239,218,220,346.53956,317.09178,229.57634,283.71324,207.98122,182.8595,134.56647,171.7424,236.66389,241.17008,234.61152,,
534.59242,358,316,234,290,205,162,125,175,238,256,238,346.3847,317.0499,229.89198,283.62756,208.80853,182.51401,134.08594,172.18904,237.24177,240.81191,235.01305,,
534.77144,332,299,209,242,181,164,81,143,219,202,186,345.84781,316.01119,228.12125,282.05857,207.97563,182.37856,132.71028,171.40372,235.84845,238.62783,234.0051,,
534.95049,346,308,225,306,209,176,128,157,251,235,210,346.22395,316.40062,227.14478,281.3813,207.76187,182.70797,132.3955,171.43657,235.24098,239.37188,233.79542,,
535.12955,351,337,260,308,228,192,154,191,251,278,248,345.35387,315.48416,225.75956,279.1998,207.34368,181.9516,130.93094,170.04852,233.36889,239.46479,233.04983,,
535.30862,382,384,250,300,255,226,147,209,249,264,286,347.30812,318.51007,227.89631,281.62975,209.66597,183.72586,133.05758,172.18825,236.20537,240.84301,234.9094,,
535.48771,319,303,226,292,192,143,130,164,240,218,208,345.51496,316.9202,227.19461,281.20487,207.98723,182.37824,132.59304,170.53557,235.76496,239.21359,233.12283,,
535.66682,342,309,257,271,208,188,136,153,208,239,222,345.00598,316.23396,227.83905,281.55014,209.85531,183.12938,133.78203,170.9786,235.69834,239.27385,233.59055,,
535.84594,336,302,239,272,231,176,139,202,239,239,258,343.83741,315.92901,226.50334,279.93633,210.80208,183.0308,133.18662,172.34816,234.70316,238.21504,233.66699,,
536.02507,335,325,239,284,207,184,145,186,245,239,248,344.69463,316.51462,225.82301,279.61138,210.53084,182.9959,134.46565,173.175,234.97266,238.05912,232.90978,,
536.20422,317,296,204,257,189,152,107,143,208,216,207,344.75016,317.68378,227.24979,280.01699,210.76477,183.1984,135.40264,174.02279,235.56848,237.8952,233.28759,,
536.38339,380,319,246,286,212,201,170,179,268,242,248,346.23201,318.86926,229.10621,280.88373,211.89964,184.33262,136.67234,174.95826,236.8448,239.15255,234.31763,,
536.56257,340,304,239,292,230,192,149,180,189,242,239,344.5932,318.33369,228.79957,282.83399,211.03549,182.84666,135.18727,174.82548,237.10224,238.73941,234.56959,,
536.74176,349,373,250,304,238,207,145,194,262,248,270,345.99796,319.28096,229.88387,284.61322,211.18025,185.03509,134.93461,175.79617,237.63213,239.1232,235.37946,,
536.92097,357,294,200,269,195,193,157,158,223,209,231,346.85741,319.19384,230.2413,284.54171,211.56712,186.64513,135.97769,175.66883,237.98014,238.55039,236.21407,,
537.1002,341,303,223,286,196,175,120,162,235,258,229,346.35269,318.82949,229.37523,284.6254,211.20721,184.76591,135.76258,175.58355,237.90983,238.49134,236.19715,,
537.27944,351,317,230,292,217,197,127,185,238,267,246,346.29566,319.06793,229.91744,284.37808,211.23672,183.1825,136.60862,175.85916,238.41403,238.03885,236.27693,,
537.45869,354,340,236,315,225,205,134,185,284,238,239,347.34911,318.84543,230.44755,285.95348,211.59616,183.99676,137.22972,176.44995,239.82713,236.6079,236.22696,,
537.63796,335,314,207,302,198,167,118,159,256,205,238,347.53983,319.27618,231.17622,287.29466,211.19002,185.4524,138.02553,177.38662,240.429,237.71044,236.32365,,
537.81725,335,298,234,262,213,168,109,197,233,224,230,347.57061,320.07452,230.55551,287.02313,212.13917,185.99105,137.77522,178.36644,240.41249,238.43004,236.65102,,
537.99655,350,333,212,268,220,181,117,202,210,226,236,346.96673,321.17253,229.52941,287.05823,211.0795,186.08791,137.4654,179.77123,240.67653,237.80946,236.3415,,
538.17586,338,314,209,270,207,179,137,163,238,243,224,348.26175,321.23079,229.59861,287.37011,210.56613,187.32948,137.39306,180.02965,241.72332,237.73791,235.62117,,
538.35519,336,314,232,274,194,174,126,148,234,229,207,346.71111,320.04689,229.13246,285.57643,210.58855,186.51707,135.65322,178.44538,241.1174,236.79229,235.25217,,
538.53454,362,335,241,286,224,201,175,198,251,254,257,348.6161,321.36717,230.5818,286.71193,211.97345,187.97474,136.07108,179.51129,242.69075,238.03878,236.671,,
538.7139,347,320,223,282,207,192,127,175,244,235,243,349.50139,322.00052,230.26442,286.98852,211.70566,188.72006,135.51079,179.60801,242.65573,240.1853,236.71825,,
538.89327,356,329,219,309,236,222,136,188,249,246,241,349.94134,321.09778,229.25944,286.88507,211.3119,189.23473,135.22965,178.71034,242.51306,240.10523,235.9458,,
539.07266,348,304,208,270,189,190,148,152,212,226,207,349.95135,320.7513,228.33464,286.54006,211.10125,188.89497,135.8708,178.33693,242.32515,238.22811,235.74249,,
539.25207,364,347,258,311,224,207,169,207,261,284,255,350.58785,321.12152,228.94702,287.10845,210.77956,188.50592,134.57666,178.28019,243.02627,239.30152,236.2945,,
539.43149,336,310,235,290,209,175,152,182,241,238,244,349.62563,319.21167,227.14594,285.54271,208.66393,187.57659,132.05287,176.62164,241.79916,236.84142,234.1077,,
539.61093,370,332,260,334,207,200,170,202,285,248,242,351.09552,319.61931,227.70769,286.85291,208.76366,188.86224,132.56624,176.13525,242.94401,237.05298,234.16157,,
539.79038,300,276,192,250,158,159,91,143,196,224,191,351.77383,319.70724,228.24712,287.38755,209.5013,189.51566,132.85476,176.2294,243.07248,238.70529,234.41648,,
539.96984,396,364,246,312,271,217,158,239,265,271,290,352.42449,321.35777,228.43944,287.47263,210.05778,190.80355,133.12369,176.34005,242.94317,239.01028,235.40973,,
540.14932,382,352,236,257,200,185,129,184,272,240,237,350.92754,320.43933,226.33367,287.27745,207.53408,189.29151,131.61247,174.16857,242.36529,237.52796,233.00888,,
540.32882,362,335,252,301,194,182,138,153,250,244,228,351.83909,321.14247,228.51095,288.59469,207.7194,190.72108,132.35924,173.21615,243.06659,238.40694,233.303,,
540.50833,335,303,260,304,233,176,94,161,245,228,264,351.69007,320.9544,229.54588,288.40146,208.66122,190.85187,132.54577,174.4158,243.50101,238.89073,234.43392,,
540.68785,328,300,216,269,189,150,81,148,223,213,207,352.14354,321.84391,230.44126,289.64194,209.69041,191.64622,133.61009,175.79517,244.69619,239.79426,236.14888,,
540.86739,334,304,204,284,188,173,126,161,232,210,224,350.12759,320.81109,229.2993,287.91171,208.4457,189.88754,132.19421,174.59363,243.25749,238.63152,234.82355,,
541.04695,381,328,229,294,206,222,170,182,241,234,219,351.63134,321.08351,230.25815,288.73096,210.92115,190.91046,133.92072,175.43079,244.39131,238.84276,235.52891,,
541.22652,334,306,213,246,207,152,138,159,240,216,217,350.66473,320.68874,230.91676,288.95121,211.46585,190.5397,133.93871,175.4442,243.21688,238.6647,235.74097,,
541.40611,364,334,233,304,221,181,159,206,255,248,239,351.03975,322.93132,232.66051,290.04141,213.11463,191.16981,134.41781,176.58404,244.36486,239.66271,237.66473,,
541.58571,368,323,237,292,222,249,130,180,254,251,241,351.09076,321.51168,232.01481,289.18585,212.3353,191.52588,135.11423,175.32408,243.6462,237.54595,237.24327,,
541.76532,355,312,226,308,207,249,121,175,238,258,224,352.13042,321.44375,232.6662,289.69818,212.34427,191.71363,136.04485,173.92199,244.01314,239.13271,237.96516,,
541.94496,345,329,239,287,210,195,120,176,248,271,237,352.68267,321.59904,233.85825,289.73943,212.75744,192.5319,136.76462,175.05264,243.73234,241.20861,239.37702,,
542.1246,346,324,210,265,208,173,117,170,232,238,230,353.88697,322.66421,235.12503,291.49349,213.84235,194.29351,138.17253,176.10804,245.81707,241.55591,240.27264,,
542.30426,367,321,245,310,210,184,141,169,261,228,252,353.49684,321.73642,235.03359,292.71524,212.73034,194.22383,138.41675,175.46017,247.11878,241.01624,240.14023,,
542.48394,349,297,239,272,236,178,110,140,230,239,227,353.72423,320.97517,235.92247,291.83676,213.2208,194.22875,138.77977,176.32599,248.29181,241.42273,240.62615,,
542.66363,322,325,221,287,221,172,128,176,214,223,253,353.95993,321.60742,234.87431,292.0788,213.72822,194.28556,138.1285,177.42468,247.5076,241.1082,241.65968,,
542.84334,399,358,258,334,234,220,170,207,274,266,271,354.25982,322.63367,234.65216,291.86598,213.98331,194.34051,139.07785,177.78183,247.95447,241.95282,241.40875,,
543.02306,335,308,234,292,198,191,132,172,239,234,244,354.4644,322.95483,236.05821,292.19976,214.29027,194.60017,139.60013,177.987,248.35974,242.4652,241.56586,,
543.20279,324,306,213,284,185,175,140,148,228,213,233,355.07185,324.15907,237.55503,292.82921,214.79651,194.90435,141.59698,179.83445,248.96806,243.47337,242.74142,,
543.38254,349,323,245,282,210,204,143,180,244,214,249,354.40359,324.50388,238.12311,293.24023,214.99817,193.86512,141.35453,180.21097,248.95642,243.89345,243.40547,,
543.56231,361,324,241,300,207,210,136,180,260,281,241,355.50558,325.47437,238.91472,294.75988,216.46955,195.5592,142.12809,182.03409,249.95083,244.90682,244.7698,,
543.74209,352,306,213,286,212,203,175,175,229,221,232,356.28399,325.27844,239.1784,295.04492,216.89975,196.86697,143.61952,182.00729,249.35376,245.26746,244.37392,,
543.92189,383,367,270,308,249,223,174,196,275,288,271,356.45038,326.70185,240.06485,295.51904,217.41605,196.91556,145.59924,183.81406,249.76561,247.18474,244.88573,,
544.1017,312,296,204,272,201,156,113,166,227,230,212,356.05006,326.66264,240.12648,295.53394,217.54083,196.97853,146.32028,184.57141,249.46035,247.09912,244.91443,,
544.28153,339,335,240,304,197,189,146,179,264,225,239,356.39978,327.10811,240.6127,297.35392,217.23341,196.82786,147.70162,185.3654,250.53073,247.07395,244.89354,,
544.46137,376,340,249,319,237,207,144,204,278,264,260,354.80894,325.1302,239.27423,295.60758,216.01916,196.14247,146.95436,184.22519,248.32123,246.87071,243.3398,,
544.64123,393,356,314,329,291,223,194,248,293,286,308,357.13692,326.79436,240.35011,296.9128,218.24164,197.42961,148.4044,187.30991,249.02528,249.00152,245.72865,,
544.8211,333,306,207,256,221,164,127,201,216,228,232,357.54207,327.09463,239.2092,295.65947,216.84396,196.87506,148.38624,187.55994,249.44619,248.76224,244.23316,,
545.00098,360,325,228,303,221,192,149,179,250,240,239,358.74244,327.45446,240.35333,296.61415,216.33174,196.85198,148.88061,187.3584,250.22508,249.58164,243.81304,,
545.18089,335,309,234,263,194,174,126,158,229,224,209,358.98088,327.89094,242.41811,297.98741,218.48884,197.11783,148.35632,187.96609,251.02467,250.09864,245.74405,,
545.3608,399,344,270,335,252,226,172,200,280,270,269,358.6749,327.72597,241.61902,297.62289,218.65936,195.42694,146.87948,188.02143,250.60518,249.50404,245.56558,,
545.54073,346,322,244,277,143,180,131,164,256,251,242,357.66597,327.33049,241.45926,297.69333,217.83977,194.21754,145.66654,188.03579,250.348,248.61288,244.86305,,
545.72068,395,328,252,303,222,221,175,193,254,268,252,358.70656,328.07305,241.91295,298.92947,217.87474,195.26465,146.99694,188.91311,250.45249,249.02224,245.10104,,
545.90064,362,310,230,288,196,208,163,171,245,237,228,357.30417,327.40574,241.46085,297.18945,217.56443,192.60137,147.01977,188.4784,250.09713,247.46166,244.02458,,
546.08062,385,360,262,321,237,208,176,219,271,307,273,357.03692,327.66479,241.14607,297.77515,217.92421,191.35829,146.8551,189.46703,250.01832,247.15262,243.50216,,
546.26061,336,322,240,292,210,196,134,233,245,234,233,357.41639,327.2167,241.16601,297.60126,217.94634,192.81431,146.5307,189.24614,250.00195,246.07334,243.01749,,
546.44062,360,326,227,316,216,196,145,173,270,228,224,358.21316,326.34334,240.61292,297.95359,218.01928,195.13769,145.78715,189.69829,249.57383,246.39394,241.70498,,
546.62064,340,319,229,285,202,172,126,175,240,260,233,358.2851,326.62584,240.37188,297.40325,217.79114,195.29364,145.34094,189.51795,248.53444,247.31994,240.86826,,
546.80068,374,365,244,293,252,193,146,207,242,256,269,357.62069,326.04172,239.22098,295.80294,217.14786,194.39854,143.81995,188.57016,247.0509,246.26954,239.62044,,
546.98073,351,346,236,326,215,186,127,197,220,238,242,358.07751,325.51424,239.19332,296.05968,215.97468,194.30678,143.3777,187.04152,247.26966,245.90065,239.19348,,
547.1608,364,335,282,292,223,193,165,201,257,262,227,357.94845,323.76573,238.84228,295.80702,216.45876,193.42719,141.45532,185.46912,246.254,243.89948,238.59877,,
547.34088,348,301,252,306,220,188,129,190,239,239,257,356.42601,323.39349,237.29876,294.83778,216.42266,191.65589,139.51498,185.2487,244.42687,242.53319,238.00743,,
547.52098,344,320,216,288,202,170,128,175,232,233,221,358.57963,325.38778,237.80833,296.92847,217.30705,193.14487,140.1759,187.78584,245.98899,244.36255,240.074,,
547.70109,354,309,218,286,224,192,126,165,239,239,232,357.8961,324.70276,237.134,296.30963,216.28673,192.25432,138.41133,186.91617,245.01547,244.17223,238.9491,,
547.88122,385,322,228,286,219,233,156,192,253,239,236,357.1856,323.62574,236.29831,296.15609,215.36848,191.07139,137.31885,186.02892,243.88928,243.39312,238.8236,,
548.06136,334,308,210,273,206,175,129,154,222,227,207,356.2598,323.07282,235.54205,295.24662,214.25937,189.52866,135.04979,185.4876,242.52821,242.30986,238.50246,,
548.24152,332,319,207,271,191,153,113,175,232,224,225,356.20621,323.17468,235.62285,295.23991,214.41706,189.45421,133.58835,185.13706,242.764,243.19033,238.52334,,
548.42169,368,305,232,304,220,212,116,165,243,228,239,355.65954,321.99823,234.1875,294.46375,213.68733,189.45258,133.81793,184.42252,241.6397,241.59426,237.85173,,
548.60187,360,316,239,302,220,180,144,176,248,253,247,356.90199,323.40499,235.576,295.08179,215.05794,189.84267,134.99764,184.71698,242.86129,243.00775,239.61252,,
548.78208,370,320,254,289,234,212,145,198,249,264,249,355.48599,321.17969,234.50995,293.36005,214.80552,188.65564,133.74862,183.39548,241.54869,242.60685,239.36245,,
548.96229,364,344,249,329,211,188,137,207,273,247,247,355.75533,321.71533,234.92528,293.92951,214.48918,188.39269,133.94002,183.11022,242.8188,241.64035,239.75207,,
549.14253,323,308,217,288,206,176,125,162,242,213,210,355.54334,320.84509,234.60559,294.53467,214.35031,187.85859,133.07973,181.96668,243.45211,241.77537,238.94206,,
549.32278,380,350,286,320,266,208,146,210,264,264,296,356.31314,321.41358,236.7855,294.20263,217.00593,188.53856,134.63379,183.76656,244.4252,243.15767,241.16707,,
549.50304,337,339,230,288,233,186,137,196,233,233,256,356.05187,321.80806,236.06392,293.47023,218.67304,188.12542,134.5903,185.22363,244.52656,243.43639,241.35167,,
549.68332,338,303,207,276,179,164,121,172,224,223,212,356.47822,322.5028,235.43523,293.52597,218.53102,187.62783,134.84724,184.78604,244.67019,243.62615,240.0482,,
549.86361,342,313,260,297,196,196,127,170,238,239,221,355.10091,321.61523,235.44103,292.15491,218.34331,186.3999,133.59202,183.76018,244.06985,242.67614,238.90632,,
550.04392,367,319,222,294,222,197,156,177,236,239,250,356.66312,322.50425,237.44787,293.5066,220.1335,187.35543,134.60219,184.73032,245.54056,244.01894,239.95882,,
550.22424,345,300,219,260,207,168,114,164,228,211,207,355.80487,322.99171,237.93325,292.90679,218.27573,186.09681,133.22238,184.07597,246.13178,244.1906,240.0947,,
550.40458,383,322,228,306,217,223,125,181,239,254,242,358.02603,324.04836,239.56819,293.91028,219.28725,187.6744,135.51965,184.52182,247.29731,245.77873,241.24524,,
550.58493,378,317,240,281,207,202,154,179,244,242,243,357.80487,322.38429,238.52583,292.91993,217.96245,187.18277,135.04224,182.59243,246.94634,244.03302,240.22725,,
550.7653,365,331,232,294,220,182,132,197,242,275,244,358.69259,323.71057,239.45154,293.66543,218.9781,187.10408,136.38723,183.55222,248.37518,246.17106,241.3054,,
550.94568,338,335,239,293,202,159,133,168,239,239,255,358.79109,323.63521,239.64842,293.53648,218.61043,187.41451,136.43213,184.79886,249.39727,245.64785,241.35901,,
551.12608,349,312,241,304,212,180,115,188,271,234,252,359.49922,324.54447,239.60346,294.22866,218.76496,188.04829,137.48418,184.37856,250.99187,245.32642,240.87748,,
551.30649,374,337,241,317,223,191,142,209,274,272,260,358.94521,323.58701,238.89286,292.86181,217.92881,187.20981,137.51646,183.28243,250.83363,245.83984,240.58821,,
551.48692,359,334,236,300,245,170,126,232,248,239,257,359.65569,325.02437,239.30737,291.85128,218.19387,186.83655,137.86382,183.90641,250.06734,246.738,241.58144,,
551.66736,362,352,242,277,219,186,141,205,260,309,238,360.31357,326.83451,238.62491,292.96197,217.77383,186.76552,137.59086,183.71752,250.09658,247.30277,241.33507,,
551.84782,381,334,266,313,225,208,157,192,270,278,265,361.32662,327.52866,240.64547,293.76751,218.00668,187.37534,139.43464,183.53211,251.51367,248.60953,240.54006,,
552.02829,334,287,236,257,209,143,111,125,213,212,194,361.34345,327.1048,241.54126,294.11833,217.79821,187.1579,139.59399,183.58853,251.55168,248.30096,241.50561,,
552.20878,367,326,255,308,239,193,156,202,264,246,277,361.78915,327.9571,241.28891,293.81689,218.27681,186.93891,139.7236,184.36345,251.78844,248.57535,242.24705,,
552.38928,352,335,238,283,220,185,142,174,258,240,234,361.41817,328.13647,241.16336,293.8771,218.58115,186.40848,138.86274,183.88915,251.18019,248.24218,241.68733,,
552.5698,382,334,268,304,251,229,190,189,284,244,257,362.23253,328.21455,241.18363,293.84709,219.23115,187.39593,139.40778,183.83261,251.35607,248.15724,241.57664,,
552.75034,367,312,239,291,205,192,162,181,250,244,239,360.37011,327.7946,240.16293,293.13183,218.99542,185.75127,138.88734,182.69073,250.13364,247.05384,239.8224,,
552.93088,377,335,262,303,239,185,149,186,266,271,253,359.4767,328.22929,239.49267,293.01973,218.56733,184.39657,137.41115,182.6481,250.21955,246.20605,239.43938,,
553.11145,350,310,224,277,208,196,121,171,233,239,209,359.34567,327.11158,238.63648,293.44037,218.27912,184.96027,137.80924,181.50771,249.62409,244.27788,238.73241,,
553.29203,367,366,239,320,215,182,141,194,272,244,212,360.71943,327.66964,239.26053,294.37761,219.03182,186.01889,138.48966,181.38812,250.13176,244.99853,239.64867,,
553.47262,328,312,219,273,208,178,121,168,220,255,208,360.92906,327.3071,238.88464,293.62627,219.34927,187.06118,138.65879,181.52151,249.64744,245.67621,239.32857,,
553.65323,380,370,253,287,243,207,155,225,258,258,271,361.79689,327.92,239.39598,295.00342,219.21862,187.76756,138.64699,181.8783,250.93556,245.46751,239.85923,,
553.83385,372,348,243,338,213,188,129,180,272,244,226,360.33219,326.07135,238.20118,295.22431,217.75229,187.82824,137.77093,180.02621,251.02836,243.86686,237.72849,,
554.01449,348,305,239,281,180,164,117,148,226,223,222,362.34082,327.59807,240.31867,297.03839,220.38375,189.76958,139.58291,181.17176,252.11128,245.1258,240.74169,,
554.19514,347,308,254,297,241,190,125,188,254,232,281,362.77789,328.80625,239.90677,297.80342,222.33367,191.04963,139.57338,182.34279,252.77424,245.31364,242.74015,,
554.37581,382,344,238,304,216,196,153,184,258,251,247,362.60944,329.60946,239.33965,298.02677,221.78265,191.82573,139.87721,182.9282,252.98496,245.07855,242.22574,,
554.5565,349,320,205,284,207,175,124,154,240,217,232,361.53603,329.13839,239.5729,297.99796,220.77621,191.91551,139.04797,181.61702,252.51464,244.60239,241.29394,,
554.7372,382,311,230,293,217,207,168,168,249,237,238,362.67358,329.58894,240.27505,298.84774,222.73193,193.16644,140.03683,182.08974,252.67302,244.63374,242.59338,,
554.91791,328,293,196,260,189,152,88,154,227,204,212,361.52647,329.39041,239.81368,298.43845,223.03876,192.59184,138.45118,181.72061,251.97628,242.84283,242.1422,,
555.09864,381,367,264,311,240,213,175,212,270,288,261,362.7182,329.50153,240.21994,299.28381,223.19371,194.51557,137.66753,181.45845,251.57879,242.88108,242.61886,,
555.27938,373,321,233,288,202,207,136,165,239,235,239,363.30624,328.86283,239.89714,298.94673,222.50672,195.54273,137.51163,180.57258,250.6295,241.8093,242.54993,,
555.46014,352,334,238,290,222,186,142,175,226,258,236,363.64158,329.79066,240.77766,299.73576,223.03312,195.97633,137.94124,181.24447,250.48785,242.62439,243.13661,,
555.64091,352,303,232,287,209,175,118,174,230,244,243,362.3847,328.95649,239.7267,298.97828,221.66738,194.58982,136.72677,179.49041,248.36685,240.61573,242.55628,,
555.8217,374,360,256,330,227,200,131,198,261,248,244,362.22564,328.51442,239.95044,299.28929,222.06487,194.71857,135.67843,178.92408,248.64076,238.69773,243.1174,,
556.00251,367,332,234,332,245,207,140,174,288,233,239,362.7761,327.68942,239.40948,300.93669,221.50191,194.83166,135.18592,178.84756,248.67136,239.33158,243.51002,,
556.18333,346,305,266,300,239,192,143,196,239,224,259,362.99785,328.4249,239.31428,300.87762,221.71732,194.52699,134.48178,180.36336,247.4143,238.99035,244.3753,,
556.36416,344,334,226,278,228,175,109,207,224,220,266,363.02295,329.06308,238.35912,300.25772,219.78591,194.43553,133.3895,181.34005,246.69025,240.48146,243.6026,,
556.54501,360,339,239,308,244,198,129,194,251,252,239,363.8952,329.21468,239.1273,300.99153,218.89307,195.15153,134.03767,181.11529,247.11273,241.69499,244.47815,,
556.72587,337,312,242,316,202,178,126,153,234,224,207,363.76092,328.6819,239.68523,300.8151,218.58015,195.16949,133.68171,180.51011,246.27901,241.12886,244.14852,,
556.90675,372,320,236,303,228,210,157,180,268,248,258,364.18506,329.09837,240.51976,301.71116,219.62203,195.83474,134.01096,181.73576,247.01733,241.73626,246.65084,,
557.08765,367,335,238,306,212,208,143,193,258,239,248,363.22198,329.026,240.32778,301.05201,219.07112,195.61021,132.90031,181.22091,247.09737,241.13296,246.84242,,
557.26856,413,338,253,316,228,250,156,192,276,261,275,363.86845,329.13966,241.11656,300.67594,220.02868,196.91366,134.31781,181.84645,248.07013,241.29774,248.03425,,
557.44948,380,318,233,290,216,222,175,172,239,248,245,365.2311,329.26096,241.28565,301.00621,220.09346,197.32642,136.62208,182.56167,248.2244,242.11044,248.38125,,
557.63042,393,356,262,303,239,220,111,197,272,290,271,366.53659,330.20872,242.99006,302.06073,221.5548,197.61138,137.76758,184.07445,249.33677,243.42959,249.72683,,
557.81137,335,308,218,284,204,173,124,171,240,227,225,366.38275,329.49636,242.75913,300.61129,220.99943,198.04317,138.0885,184.10091,247.95305,243.76917,249.35387,,
557.99234,385,341,269,330,234,206,143,184,276,240,271,367.43582,331.4924,243.00589,301.10945,221.30497,198.75229,139.49387,185.55714,248.95826,244.68022,249.05368,,
558.17333,360,335,239,304,229,197,143,190,244,256,244,366.04435,331.23824,240.98331,299.94455,219.70244,198.25369,138.8412,184.05577,247.94084,244.89497,247.25305,,
558.35433,398,389,266,306,273,207,162,225,255,270,300,366.80342,332.05984,241.90081,300.09769,220.20363,199.02193,140.20952,184.79073,248.76994,245.39281,247.75379,,
558.53534,336,322,226,285,200,175,89,175,244,223,216,366.69456,332.27033,242.01325,300.56701,219.52647,198.14512,140.0012,184.91791,249.1036,245.11162,246.70049,,
558.71637,341,324,260,288,191,173,138,161,224,225,211,366.81318,332.14657,241.82745,300.55233,218.85703,197.24343,140.02693,184.47168,248.919,244.91687,246.54103,,
558.89742,355,297,240,290,216,160,107,152,221,222,248,365.42304,330.72455,241.65977,299.17656,218.21357,195.67789,138.24537,184.65023,247.77952,243.32105,246.34393,,
559.07848,387,345,267,319,244,212,147,212,252,241,269,366.30032,331.78906,242.16852,299.73284,218.69632,195.8865,138.90133,185.62898,248.63249,243.67281,246.90736,,
559.25955,335,318,213,287,164,175,114,157,224,220,221,365.51781,332.21914,242.08215,299.76321,218.46891,194.95178,138.26204,185.05794,248.39317,243.09756,246.68378,,
559.44064,389,315,243,290,196,206,159,166,238,248,231,366.59859,332.44187,243.0306,300.21403,218.89529,195.35573,139.14123,185.18909,248.93825,243.26814,246.7845,,
559.62175,349,321,217,289,206,177,142,175,233,225,228,365.979,330.97123,241.45394,298.66946,217.55521,193.90722,137.93819,184.1675,248.10367,240.67616,245.10607,,
559.80287,367,340,251,303,222,189,152,194,254,250,246,366.83542,331.57979,241.54715,298.20544,216.61034,193.87608,138.51369,185.01096,248.1374,241.31135,244.29357,,
559.984,365,298,198,274,190,189,110,159,221,220,223,367.17701,331.23994,240.68844,296.46504,215.44803,193.96158,138.29398,183.92786,246.41038,241.10211,242.73349,,
560.16515,393,363,268,325,233,227,166,213,284,284,276,367.05393,331.91148,240.82206,296.00938,214.95209,194.01006,138.71519,183.95728,245.72498,240.75062,242.208,,
560.34632,366,329,228,303,178,196,143,196,238,282,239,366.64257,330.08664,240.19828,294.60457,213.21065,192.64026,137.63668,181.95622,244.59483,239.86099,240.08505,,
560.5275,367,370,254,271,217,208,151,207,253,238,256,366.82602,330.00516,240.33047,294.29702,212.17273,192.47584,137.11839,181.93418,243.19654,239.51804,238.66953,,
560.70869,364,318,234,313,215,201,143,186,276,239,241,366.51082,329.79658,238.63879,294.33414,212.06213,191.92122,136.72561,180.8188,243.71854,238.45374,237.8347,,
560.8899,374,342,271,310,269,209,174,185,276,253,282,366.02005,329.63553,238.4066,293.86949,211.28929,191.42545,137.18304,180.63453,242.93087,237.58586,236.58185,,
561.07113,367,346,242,301,248,207,136,220,253,242,260,365.65009,329.82786,238.1555,292.77637,211.29595,191.18521,136.43118,181.357,241.87153,236.50225,236.69465,,
561.25237,352,319,219,271,214,160,121,163,236,236,227,365.34698,329.94614,237.96788,294.3598,211.52268,191.03246,136.17831,181.60504,241.77286,236.04915,235.76844,,
561.43362,362,319,226,278,196,178,140,171,228,225,207,364.26157,329.96677,238.82156,294.43294,211.25529,189.9865,135.71136,181.15701,241.9957,235.2762,235.10401,,
561.61489,396,345,244,304,232,198,181,204,244,260,241,364.61363,329.78602,239.07916,294.23516,212.40472,190.8361,136.31432,181.46171,242.74677,235.50015,235.80296,,
561.79618,376,341,244,317,216,193,154,182,243,239,229,364.70393,330.07525,238.81182,293.93499,212.10523,190.87363,137.11414,181.82335,243.14544,234.97517,236.05119,,
561.97748,337,317,239,280,200,189,101,170,239,214,239,365.04754,330.32687,240.07291,294.9168,213.56144,192.72745,138.5546,182.90555,244.03697,235.91345,237.89665,,
562.15879,346,307,209,262,182,184,126,143,221,222,217,365.06745,329.75445,239.70856,294.08111,213.49294,193.2625,140.07946,182.36424,242.46841,234.72835,237.41953,,
562.34012,367,335,234,318,217,188,123,173,273,222,225,366.39407,330.71485,240.68015,294.8727,214.96351,194.60862,140.02168,183.34574,244.46456,235.79827,238.88788,,
562.52147,340,298,230,297,191,160,100,143,233,202,215,365.50866,328.40624,239.44798,293.12369,214.36021,193.19033,138.86514,181.59607,243.13083,234.70971,237.64253,,
562.70283,380,318,289,307,248,191,146,217,248,234,254,365.39494,327.80677,239.29573,292.18959,214.15364,192.79934,138.63349,180.52475,242.87751,234.18539,237.80385,,
562.8842,358,342,226,271,216,175,110,207,219,229,239,365.97626,328.10249,238.93409,292.66919,214.29611,193.74806,139.21876,181.22444,243.84888,234.96226,237.07833,,
563.06559,383,350,244,313,229,213,136,190,251,243,248,367.71481,329.49711,240.10111,293.59027,216.20931,194.5789,140.7435,181.86795,245.46203,236.39598,239.1767,,
563.247,351,319,252,274,190,188,111,174,221,216,207,367.10906,329.94023,239.99556,293.42676,216.53929,194.57888,139.41842,181.53104,245.8535,236.01146,238.94688,,
563.42842,400,364,272,336,249,237,179,190,281,271,268,366.48486,330.04904,239.92099,293.04376,216.10476,193.86489,139.30177,181.05287,246.09053,235.37296,238.60785,,
563.60986,361,317,237,280,188,186,128,158,220,226,212,365.8113,329.19704,240.34003,292.12521,216.15749,192.51761,137.16857,179.75025,245.73458,234.99382,238.56275,,
563.79131,386,312,218,273,197,202,143,175,236,219,218,366.83499,329.82269,241.64998,292.8992,217.75508,193.55084,137.66235,180.67999,246.62543,235.06419,240.32787,,
563.97277,357,303,197,260,178,188,138,158,214,206,206,364.59082,329.40674,240.12997,291.5008,215.60778,191.39038,135.59927,178.11409,245.3008,233.90786,239.18318,,
564.15425,357,335,239,286,202,192,126,176,233,262,233,364.4401,329.04501,240.5445,291.13801,214.87182,191.29718,135.29733,177.70536,245.2748,234.12061,239.31188,,
564.33575,356,340,249,297,240,203,152,169,246,240,252,364.25292,328.38205,240.52633,290.46744,214.77805,191.05554,135.14372,177.24841,245.09502,232.97286,238.74153,,
564.51726,367,330,254,320,212,197,146,188,280,218,260,365.49836,329.63322,242.0031,291.81671,216.14415,192.47174,136.70391,178.17572,246.44359,235.54785,239.97098,,
564.69879,361,306,224,277,207,176,131,156,231,246,221,365.35444,328.34615,240.93223,290.23446,215.76108,193.00054,135.87137,177.32404,245.21181,235.03688,238.90797,,
564.88033,368,358,241,303,237,210,158,224,245,255,284,365.66183,328.44255,240.77232,290.37489,215.62416,193.90242,135.66742,178.87875,245.64812,235.17563,239.32062,,
565.06188,370,362,240,313,235,194,153,186,289,244,268,366.04913,327.771,240.75791,290.96906,213.72901,194.36014,135.99373,177.78357,246.12308,236.92725,238.65168,,
565.24345,383,346,285,313,228,218,161,202,262,256,246,366.51068,329.03923,242.27421,291.55741,214.57027,195.5997,137.39641,178.38241,247.30513,238.17273,240.02607,,
565.42504,368,315,277,304,254,205,138,196,264,240,286,365.84602,328.12075,241.48207,291.64763,213.79438,195.10347,137.16977,177.78253,247.93069,238.09053,239.6443,,
565.60664,357,328,242,303,224,176,143,181,258,240,256,366.5078,329.70547,242.79349,292.99771,215.47888,196.51,139.31736,178.33378,249.59687,239.58357,241.63512,,
565.78826,367,337,252,236,239,192,143,188,252,251,270,366.97178,330.62749,243.48599,293.89078,216.89078,197.72883,139.93934,179.25484,250.66203,240.52053,243.1381,,
565.96989,367,311,218,292,217,201,146,168,221,234,226,366.94263,330.91592,243.88149,293.90743,218.15074,197.26995,140.0248,179.07731,251.19382,241.31853,243.73207,,
566.15153,349,320,228,290,192,166,142,163,234,221,225,367.06492,331.15205,244.05803,294.00317,218.31342,196.38882,139.90201,179.00747,251.30778,241.48117,243.77134,,
566.33319,350,316,246,298,224,191,122,172,237,236,229,368.43353,332.17058,245.28669,294.64375,220.12342,197.36159,141.9325,180.36796,252.73771,243.42028,244.66257,,
566.51487,393,319,207,265,178,176,111,144,241,207,200,368.03248,332.53471,245.04849,295.62527,220.35808,197.49091,143.00473,180.1605,252.86779,243.09565,244.74446,,
566.69656,381,325,239,300,215,200,129,175,294,269,249,368.67936,332.71032,245.88826,296.23774,220.92926,197.92285,143.79639,180.38175,253.61152,243.50146,245.78058,,
566.87827,354,310,222,255,185,175,117,145,209,244,210,368.5312,332.33029,244.92093,295.01214,220.50284,197.63625,144.15525,179.45471,252.85017,243.68203,245.32307,,
567.05999,370,376,252,321,219,224,164,212,293,261,256,369.30818,333.31493,245.20644,296.62298,221.43378,198.21801,144.51482,179.83014,254.5093,243.54051,245.66377,,
567.24173,396,357,271,350,239,228,155,207,305,258,259,368.3027,331.44386,244.70339,297.15581,219.72593,196.92274,143.4558,177.60704,254.46311,242.53107,244.26623,,
567.42348,350,324,255,285,229,177,129,154,239,233,270,368.66156,331.10308,246.23335,297.16478,220.82808,196.84083,144.1786,178.66769,253.85572,243.18721,244.94208,,
567.60524,348,348,233,271,222,191,116,195,226,228,239,369.13973,332.11219,245.54468,296.99891,221.76219,196.23185,144.12247,180.27414,253.49537,243.40465,245.36017,,
567.78703,364,319,236,284,207,186,135,184,256,244,237,369.89501,332.98217,245.01495,297.40216,221.83121,196.13049,144.02673,179.97459,253.58987,243.89196,245.19572,,
567.96882,364,330,272,292,220,205,138,172,239,254,229,370.56862,333.83576,246.10625,298.45428,222.63967,196.3851,144.4435,181.23847,254.10641,244.22655,245.53537,,
568.15063,377,332,240,313,228,211,176,186,251,241,254,372.80924,335.70923,248.52355,300.98679,225.32338,198.03108,146.61057,182.90351,255.61929,246.2569,247.70869,,
568.33246,352,328,239,288,207,181,127,170,237,244,216,372.84199,336.70985,249.39779,301.86344,225.45854,197.38785,146.11332,183.08351,255.83857,246.44959,247.11855,,
568.5143,413,337,285,335,255,257,182,239,285,266,268,374.02489,336.05289,248.99583,301.49038,224.96661,197.40511,146.19667,183.69302,255.51159,246.37197,246.54081,,
568.69616,403,330,252,307,238,226,174,176,256,250,234,374.73454,335.05848,247.51333,300.89483,224.24193,197.76398,146.62343,183.80446,254.82806,245.55485,244.93644,,
568.87803,368,345,239,319,226,205,159,184,255,277,253,374.85877,335.57544,247.44305,301.09176,224.11056,197.59247,146.72373,184.93608,254.5184,246.92643,245.0253,,
569.05992,332,297,218,264,190,155,111,154,221,172,207,375.35523,335.69254,247.87286,301.7879,224.52223,198.18567,147.76618,185.1646,254.19196,246.64076,245.02822,,
569.24182,374,336,246,334,212,178,146,175,273,239,259,375.72668,335.98988,248.01083,303.06616,225.36932,198.86607,148.33636,186.03774,255.1355,245.16399,245.28501,,
569.42374,392,357,288,335,248,205,185,144,286,288,268,375.70525,334.28884,246.78609,302.25147,224.58004,198.30775,148.16057,185.53227,253.5871,245.04637,243.52434,,
569.60567,367,357,249,306,257,193,152,222,244,245,277,376.10009,335.40871,247.26254,302.79492,225.08206,199.2516,149.30658,187.8313,252.92106,245.84031,244.9342,,
569.78761,365,339,221,271,201,178,124,184,232,221,228,376.3037,337.08245,246.68092,304.45299,224.86591,199.65965,150.41611,188.6782,254.20136,246.40705,244.84534,,
569.96958,403,368,281,330,255,234,174,210,278,268,276,376.58303,337.25892,247.98691,306.02883,224.91502,200.68149,151.75191,188.9029,254.87685,246.9771,244.19371,,
570.15155,372,308,253,290,235,182,130,173,251,232,244,376.96632,337.41253,249.80081,307.16034,226.23858,201.35188,152.6503,189.6098,255.44241,247.52543,246.21135,,
570.33355,373,335,249,298,234,187,146,201,252,241,245,376.45376,337.72815,249.51666,308.23878,227.20265,201.36583,153.36907,191.26356,256.24399,247.98455,247.56991,,
570.51555,374,330,233,296,208,194,148,186,253,240,244,376.52069,337.94818,250.12064,306.60294,227.92593,201.14385,153.19647,192.86102,256.33647,248.54418,249.01121,,
570.69757,378,329,242,296,224,224,176,189,257,250,238,376.47813,337.0198,249.46742,304.62826,227.98369,200.65306,153.82874,193.35206,255.07101,248.46941,249.31532,,
570.87961,373,328,220,303,202,181,152,175,224,225,239,374.22331,335.36855,248.17208,303.65061,226.32814,197.58019,154.4321,192.67034,253.77832,247.05368,248.56479,,
571.06166,422,350,270,309,241,204,166,211,265,286,254,373.24327,335.4967,249.05463,304.76099,227.49476,197.11547,153.57261,193.59569,253.83282,247.34055,249.02804,,
571.24373,348,334,229,285,213,189,120,187,239,238,230,372.78457,334.15724,247.50905,303.2417,225.45109,195.59175,152.14746,192.72029,252.82287,244.71005,247.39074,,
571.42581,377,340,256,326,223,207,153,196,269,250,256,373.01003,333.1432,246.82337,302.73868,224.6071,195.30141,151.01144,192.16102,254.17461,244.88899,247.18073,,
571.60791,364,319,234,286,207,179,148,178,239,260,233,372.65315,332.43779,246.1682,301.275,223.3047,194.66119,149.76312,191.23697,253.89676,244.89123,245.80851,,
571.79002,396,379,254,303,271,210,170,236,257,268,280,371.84675,332.72423,245.60597,301.1988,222.46907,194.30411,149.30959,192.02505,253.58278,244.33774,245.61603,,
571.97215,392,348,248,336,239,197,155,205,294,241,251,372.12292,332.3022,245.74935,302.58253,221.29665,194.88147,147.89535,191.83424,254.6459,244.19828,245.01228,,
572.15429,367,326,265,309,216,196,143,184,258,249,246,371.54776,332.02272,245.77732,302.28848,221.52407,194.68126,147.40313,190.78548,253.37552,244.342,245.82894,,
572.33645,383,341,281,335,262,218,168,240,274,254,278,369.5707,331.2063,243.5083,300.48441,220.7732,193.31237,145.27305,190.24589,251.6522,242.80056,245.09149,,
572.51862,352,309,237,274,197,182,121,175,226,229,217,369.62495,331.9087,243.06575,300.45824,219.99932,193.53408,145.28209,190.7534,251.74369,243.66647,244.64615,,
572.70081,344,317,211,283,186,184,125,175,249,223,208,367.62409,330.84743,242.56151,299.01524,218.13323,192.49041,143.26834,189.30125,249.6999,242.52529,243.11597,,
572.88301,380,296,225,282,206,214,166,191,229,239,241,367.18947,331.2576,242.4165,298.85356,217.43926,192.1812,144.33428,189.26433,248.79497,242.26984,242.81981,,
573.06523,367,341,244,313,230,210,163,191,257,236,240,365.04947,330.46083,242.12007,298.23817,215.7366,190.59281,140.26309,188.34553,247.51757,242.06718,241.37149,,
573.24746,352,340,253,303,212,184,147,188,241,241,257,365.75223,329.92102,243.13488,298.66964,215.87318,192.40033,140.19855,189.28175,247.29013,242.11332,241.88412,,
573.42971,367,317,242,297,207,204,143,166,239,218,220,365.86324,328.79694,242.28039,297.70754,215.07663,193.37942,140.41969,187.95583,246.0058,241.01418,240.45113,,
573.61197,348,335,233,288,225,189,134,185,248,252,238,364.5582,328.20879,241.17421,297.46814,214.30175,193.01148,141.08145,187.23199,245.2471,241.66409,240.1386,,
573.79425,358,318,248,291,179,178,143,180,239,271,238,361.99239,325.55931,239.31249,294.41324,211.79923,191.09554,139.06381,185.26544,242.72597,237.45136,237.8371,,
573.97654,362,360,265,320,223,195,152,192,276,254,268,361.04261,324.62987,238.90052,293.41007,210.37503,189.7944,138.17221,183.50103,241.83483,236.60022,237.73386,,
574.15885,351,317,221,300,208,175,133,164,260,233,225,359.89581,323.56765,239.3362,293.97696,209.72153,189.09762,138.314,180.19917,241.42617,236.76616,237.2711,,
574.34117,356,303,253,271,233,174,128,176,240,228,266,358.98507,323.49306,238.91259,292.84142,210.03268,188.75121,138.27452,180.12356,239.38404,236.30968,237.50565,,
574.52351,366,340,237,271,220,175,127,217,235,239,270,357.87585,323.02661,236.92208,290.91431,207.98134,187.43333,137.29865,179.33088,237.76466,234.79753,236.10107,,
574.70587,346,308,215,274,205,173,115,202,240,222,224,359.37695,324.42325,239.05846,292.76742,209.10702,189.16458,138.83023,179.16639,239.23412,236.1632,237.15158,,
574.88823,361,309,252,271,186,160,120,154,224,220,217,358.93585,324.01042,239.69184,292.45917,209.5859,189.1104,138.34023,178.29,239.13416,235.46893,237.31414,,
575.07062,347,318,232,287,207,177,148,157,239,224,228,358.73413,323.81195,239.94938,292.35065,210.01121,188.51858,137.67231,177.96568,238.79549,235.21899,237.05008,,
575.25301,346,328,237,352,207,194,122,169,250,225,220,357.91567,323.92913,239.76627,291.97839,209.94009,188.1073,136.90423,177.09717,238.78842,234.83553,237.29774,,
575.43543,402,361,266,322,238,250,114,200,260,254,250,358.26617,323.89841,240.54053,291.72797,210.29199,189.33813,137.95107,176.9342,239.1403,235.03318,237.60203,,
575.61786,358,293,207,256,169,188,138,149,211,206,207,357.96983,323.27944,238.84767,291.53657,209.37188,188.29733,138.1988,175.65428,237.72874,233.67003,237.24356,,
575.8003,384,340,243,305,224,207,140,172,244,271,240,358.4228,323.80262,239.22204,291.47351,209.91753,188.01388,138.16521,175.45895,238.0762,234.63578,237.41562,,
575.98276,352,334,241,303,216,188,143,186,216,239,236,357.15708,323.57313,238.27523,290.89653,209.30157,187.98333,137.88462,174.65893,237.3504,233.37897,236.45333,,
576.16523,340,303,217,285,195,170,129,161,176,220,232,357.49292,324.22207,239.15907,292.06054,209.98616,189.15101,139.04152,175.18009,237.94861,233.52359,237.68375,,
576.34772,367,335,239,300,206,209,147,164,255,257,234,357.44042,323.13955,238.62131,290.86292,209.66817,188.5659,138.75141,174.16687,236.61924,233.96856,237.12766,,
576.53022,358,349,236,285,240,188,177,196,229,245,254,358.95332,326.67854,239.77392,291.05556,212.19518,189.77644,140.16394,175.76919,236.96462,235.74903,238.85331,,
576.71274,338,313,225,277,184,161,120,171,245,208,220,360.23151,327.60966,239.19672,292.2203,212.13953,190.17126,140.6951,175.14449,238.57304,236.05162,238.19418,,
576.89527,378,357,283,309,207,211,157,192,244,256,242,361.39806,327.82883,240.3856,294.05549,212.96303,191.08453,141.36273,175.30814,239.86276,237.30309,238.24411,,
577.07782,319,274,224,254,188,148,96,143,207,185,228,362.96408,328.70147,242.2574,295.35838,215.16761,192.21382,142.21756,177.11926,241.61195,238.3341,239.50302,,
577.26039,385,339,264,304,236,207,163,193,260,261,255,362.3374,328.60459,241.64457,295.22823,216.03579,192.43288,142.07047,176.76448,241.56269,238.86632,239.44696,,
577.44296,345,288,222,281,206,192,96,156,233,219,239,361.55782,328.57077,240.67424,295.15083,215.23536,192.0176,141.53335,176.5454,241.61963,238.94675,240.67401,,
577.62556,376,320,221,267,218,207,226,164,228,216,238,362.73209,328.68421,241.15355,296.31634,216.30424,193.8212,143.09828,178.64575,242.06865,240.05314,240.70901,,
577.80817,342,319,222,276,205,172,156,171,241,229,221,361.89014,328.51229,240.48067,296.73544,216.2049,193.11939,142.84636,178.63125,242.01898,239.61258,239.4247,,
577.99079,357,332,257,298,225,175,146,189,253,256,254,361.39272,329.15108,240.84201,297.22234,216.93545,192.52096,142.1176,179.511,241.90267,239.81791,239.41195,,
578.17343,374,331,256,288,216,204,118,176,236,229,236,362.1617,329.51073,241.12114,298.46887,217.21289,194.09454,143.26103,179.95735,242.29208,239.01123,238.79465,,
578.35608,380,354,261,330,239,207,158,185,261,290,256,363.19248,330.83918,241.68378,299.30648,218.86883,195.88881,144.47462,181.81535,242.9168,240.16175,238.19056,,
578.53875,366,335,239,338,224,207,154,197,261,241,232,363.32322,330.85875,242.49754,298.65915,218.35059,196.22365,144.75981,182.52452,242.68851,242.15167,239.28454,,
578.72144,397,368,258,297,239,217,165,218,268,262,258,364.08836,332.61299,244.10913,300.37106,219.68185,197.5346,146.19384,183.89993,244.30859,242.92145,239.82256,,
578.90413,370,345,256,334,225,197,145,190,292,248,252,364.49226,332.0648,244.02795,301.09805,219.33743,197.05805,146.04659,183.47938,245.9684,243.33025,238.49519,,
579.08685,376,347,285,331,256,216,148,180,271,261,264,363.69569,330.72604,243.56117,299.41949,219.84672,196.03185,145.40959,183.50753,245.31702,242.81954,238.5659,,
579.26958,326,318,207,262,207,171,111,187,213,210,232,363.55378,331.03642,242.58497,299.14818,219.82593,195.82573,144.76622,184.94587,245.44418,242.84423,238.98111,,
579.45232,361,319,230,294,213,179,133,175,239,243,232,363.07568,330.58728,241.09445,298.41614,219.00349,194.60337,144.01398,185.75757,245.92505,242.15158,237.83064,,
579.63508,354,337,239,294,217,200,154,184,249,236,248,363.02043,329.74851,241.09991,297.06723,218.26331,192.55671,143.27677,185.2184,245.40499,241.43537,236.57566,,
579.81785,378,322,237,301,208,202,163,190,240,239,230,362.72378,329.2239,241.52389,296.55399,218.12841,191.44989,143.48846,185.0764,245.53523,240.72699,235.30864,,
580.00064,344,325,209,297,208,179,134,169,232,229,219,362.22021,329.9108,242.15556,297.81175,218.13541,191.01665,142.47358,185.74894,247.62334,240.86874,234.47716,,
580.18345,361,345,268,303,229,216,140,192,258,257,240,363.76804,331.20483,243.45389,299.81195,219.41643,194.79506,141.38893,187.4367,249.01026,241.23708,234.57596,,
580.36627,394,332,252,308,221,218,169,195,240,244,238,364.04865,330.56336,243.15305,298.81803,218.69177,195.2328,141.54409,187.42524,249.46937,240.60753,234.2615,,
580.5491,388,346,260,303,237,198,133,197,252,280,254,365.06039,331.8819,243.81175,299.94888,219.49134,195.05176,142.53279,188.70901,250.55451,241.86346,234.09361,,
580.73195,365,325,225,286,204,175,112,162,239,250,204,365.04136,332.05968,244.15744,300.268,219.62516,194.0725,142.19416,188.96419,250.08122,240.95699,233.64647,,
580.91481,367,366,251,330,221,206,156,196,279,255,239,364.63918,331.42191,243.71947,300.45602,218.5196,192.86432,141.25622,188.59841,249.02045,239.92849,232.44728,,
581.09769,348,271,212,303,191,176,123,170,244,222,209,365.40875,331.53018,244.18596,301.33892,218.53378,193.20927,141.02068,188.50033,248.90922,241.2847,232.23346,,
581.28059,356,330,266,309,256,191,140,225,244,247,266,366.01529,332.94707,244.8761,301.26986,220.62796,193.28225,142.42198,190.06757,248.22064,242.3625,232.67737,,
581.4635,335,335,227,262,209,171,123,184,223,223,242,364.84539,332.50443,243.26404,300.19803,218.3179,191.14779,140.60633,189.45149,247.77691,240.60495,230.64269,,
581.64642,335,330,223,309,212,186,143,191,224,236,238,365.02859,332.48819,243.9863,300.24565,217.07169,190.72178,140.37217,188.52647,247.20737,240.51616,229.61365,,
581.82936,379,331,268,300,193,181,130,208,236,227,222,364.04759,330.9356,243.50504,298.35074,215.64638,188.65168,138.19799,187.23634,245.46787,238.40166,229.1492,,
582.01232,377,335,255,305,234,203,143,207,255,232,155,365.24202,331.3116,243.87868,298.62921,217.40816,188.84496,138.50293,187.73456,245.51874,239.06281,230.3485,,
582.19528,347,303,214,256,186,157,111,143,220,208,216,365.17584,329.83218,243.44477,297.52019,217.75245,187.68697,136.1085,187.14639,244.51396,237.98691,230.6069,,
582.37827,408,356,271,310,251,244,175,216,265,256,261,365.65136,329.6529,242.96519,296.50796,217.82883,188.05758,138.4637,186.34347,243.91164,235.32793,230.74939,,
582.56127,388,333,250,302,209,224,186,188,256,241,240,364.18909,329.14571,241.85452,295.08693,216.77368,185.93357,138.71682,186.29317,242.66912,234.67071,229.83481,,
582.74428,362,319,244,269,218,172,122,180,237,252,223,363.8245,329.1646,242.70287,294.64828,216.96201,184.30166,138.68257,186.29228,242.44869,235.5997,230.06573,,
582.92731,330,300,223,268,187,144,105,146,237,218,238,364.28537,328.62192,242.89295,293.53711,216.23776,184.20709,137.78527,185.80129,241.53748,234.60848,229.92872,,
583.11036,366,324,226,320,209,175,142,176,258,208,175,365.19926,329.50583,243.29799,293.94806,217.75737,184.34134,138.30134,185.77963,241.89255,236.76353,230.55639,,
583.29342,347,307,215,271,184,153,111,164,236,234,220,364.8412,328.50891,242.6505,293.4924,218.06424,183.5698,137.95026,184.58239,240.47759,236.48894,229.55075,,
583.47649,344,344,225,284,224,189,144,196,221,225,242,365.26999,328.99724,242.85379,292.4232,217.5081,183.90974,138.6447,184.20585,240.39337,236.27437,230.05468,,
583.65958,389,358,271,338,223,205,156,193,283,250,239,365.33376,328.44622,241.80709,293.21192,215.68935,183.053,138.38481,182.64237,241.13427,236.37151,229.55138,,
583.84269,381,342,280,289,233,175,156,191,256,244,239,366.09343,328.59236,243.25462,294.54334,215.79877,183.41858,138.59279,181.6139,241.44841,237.15898,230.50246,,
584.02581,374,337,280,303,250,204,146,206,250,252,251,364.89413,328.63653,241.81085,293.47362,214.58325,181.65333,136.92922,181.19701,239.72536,236.02854,230.35942,,
584.20894,375,350,271,319,229,218,147,208,269,250,248,365.72335,329.01228,241.3063,293.63958,214.57825,181.74117,137.59311,181.9851,239.92659,237.06845,231.23584,,
584.39209,369,349,239,306,228,202,142,196,264,253,261,366.09033,329.74713,241.79098,294.17099,214.74052,181.83954,138.53392,182.35917,240.31165,237.81859,232.28836,,
584.57526,373,317,234,318,223,196,158,177,207,222,239,367.59918,330.64618,243.27294,295.29514,215.4105,182.85331,140.66414,183.22796,241.30449,239.44701,233.74475,,
584.75844,362,331,241,270,212,107,150,172,239,242,238,365.80185,329.78065,241.89807,294.92639,214.26626,181.22345,139.62214,181.94106,240.46841,238.54878,233.09192,,
584.94163,364,328,234,302,207,152,128,175,217,225,205,366.16836,331.61023,243.28553,296.26399,215.36678,182.59297,139.894,182.26848,242.00138,240.17652,234.27074,,
585.12484,367,303,232,274,204,190,95,145,221,223,227,366.63086,331.34563,242.96666,296.02956,214.68994,183.58151,140.67539,181.49007,241.3097,239.65059,234.24492,,
585.30807,372,335,239,299,218,201,138,190,241,269,232,368.28667,332.16798,243.88985,296.44946,215.97284,184.86835,141.35582,181.62482,242.01352,241.8272,235.71336,,
585.49131,371,330,238,284,239,190,143,185,208,257,255,369.13115,332.22388,243.80181,295.72174,215.92025,185.3801,141.25042,180.92686,241.45276,243.25489,235.71927,,
585.67456,356,335,224,271,210,175,136,174,246,212,224,370.16786,334.10415,244.95092,297.56019,216.37858,186.68976,143.14795,181.51786,243.15257,243.98589,237.00849,,
585.85783,350,305,207,284,169,161,111,144,239,206,221,370.832,331.99803,244.74765,298.79137,215.97477,187.55843,143.88138,180.81261,244.47088,245.00193,236.89078,,
586.04112,388,330,271,307,261,205,164,190,245,262,274,371.50952,332.02342,246.14709,299.31437,217.62237,188.14039,144.67456,181.88593,244.27452,246.44273,238.545,,
586.22442,385,364,256,302,251,199,150,226,249,256,268,370.7848,332.2803,244.88638,298.15776,217.55107,187.86537,144.23228,181.40771,243.82346,246.64078,239.64285,,
586.40773,364,334,241,312,239,191,154,191,249,253,238,370.47924,333.296,244.38413,299.29269,217.8354,189.00034,145.29514,181.88783,244.22426,248.0265,240.50264,,
586.59106,352,329,253,285,175,169,135,177,239,232,207,369.33491,331.86333,243.65956,297.47933,215.57195,187.3483,142.82441,181.29545,241.89282,246.05658,238.93429,,
586.77441,352,338,239,308,186,201,158,173,248,249,221,370.1581,333.05717,245.13065,298.25871,217.52101,188.88718,143.34832,182.69127,242.8417,247.1193,237.54028,,
586.95777,362,320,234,286,201,165,131,182,225,302,222,369.36062,332.7219,244.96496,297.78629,217.3644,187.78407,141.97311,182.39158,242.84242,246.75483,237.79696,,
587.14115,395,326,252,303,224,215,141,157,257,250,239,371.80145,334.3422,246.79705,299.37924,219.68636,190.91071,143.58062,184.27398,244.46488,248.70065,239.8236,,
587.32454,373,318,218,289,200,202,143,168,235,222,234,373.4035,335.01971,247.50839,300.29702,220.48436,193.41711,146.04238,184.80665,245.40569,249.69741,241.30522,,
587.50794,362,335,239,300,221,179,143,168,240,260,230,373.17991,335.4276,248.63798,300.30225,221.27323,193.32565,145.97028,185.34146,245.77744,250.88108,241.56613,,
587.69136,353,310,239,292,165,175,134,156,220,217,225,372.97316,335.73728,248.58699,299.35371,221.06152,193.41525,145.97644,184.54742,246.24422,250.61517,242.59532,,
587.8748,384,358,255,340,186,210,164,209,285,254,260,373.55288,335.44547,248.75873,300.37204,221.16193,194.11964,146.22109,184.65689,247.1586,249.71281,240.99429,,
588.05825,396,349,248,331,232,189,146,212,256,280,240,373.23285,334.75281,248.01674,299.35165,220.40116,194.05128,145.53836,184.45485,246.34787,249.79567,240.49997,,
588.24172,390,372,297,313,271,216,164,236,262,264,277,373.34524,335.8595,247.79626,298.98988,220.78543,194.9209,145.87896,185.53575,245.25076,250.34945,240.62133,,
588.4252,377,360,253,300,250,201,156,216,267,260,250,374.30141,337.81685,248.17239,301.02879,220.69918,196.12678,146.55992,186.47433,246.78382,251.05205,239.95547,,
588.60869,394,338,278,314,256,235,186,207,284,278,262,375.73499,337.72973,249.90804,302.92394,221.25321,197.15803,147.79866,186.68262,248.75136,251.87757,240.1694,,
588.7922,357,325,270,302,224,181,128,152,245,237,229,375.89771,338.3073,251.41725,303.58676,222.31305,198.11169,147.88577,187.02315,249.38309,252.13484,240.88235,,
588.97573,362,329,246,288,223,202,138,169,249,238,240,376.48783,339.24141,252.13926,305.28925,223.71465,199.90736,148.08111,188.82847,250.87633,253.18732,242.26947,,
589.15927,344,305,205,271,194,175,106,154,217,206,207,377.05112,340.11504,253.33908,306.49555,225.3423,201.54746,147.59931,190.32911,252.77139,254.05921,243.69845,,
589.34283,424,367,268,317,255,246,187,204,269,280,266,377.75877,340.34254,254.10734,308.06863,226.63068,203.35387,148.77451,191.308,253.21967,253.91875,244.4693,,
589.5264,370,296,233,264,202,188,153,172,214,224,226,376.79658,340.41822,254.13069,307.65458,227.19208,200.58681,149.47836,191.50164,254.00473,253.58776,245.02714,,
589.70998,405,354,280,323,258,210,171,216,272,288,268,376.11085,340.33985,254.06578,308.35201,226.92217,199.12453,148.27002,192.11982,253.47639,252.90684,243.86978,,
589.89358,366,335,252,300,213,185,143,193,239,240,239,375.42175,339.49636,253.60217,307.92417,226.63825,199.45963,146.58751,191.06512,252.61057,250.93536,242.96772,,
590.0772,372,342,252,324,226,187,145,186,271,239,238,376.20175,340.10791,253.63082,308.33398,227.16487,201.40683,146.44687,192.09056,253.39788,251.64613,242.88604,,
590.26083,367,324,234,284,226,191,117,174,239,272,226,376.54191,340.24166,253.60069,307.35074,227.86614,201.9503,146.33018,192.41052,252.01495,252.09121,243.43229,,
590.44448,357,364,236,278,224,175,118,191,217,230,241,376.18474,340.11053,252.5705,306.64581,227.55045,201.50767,146.00077,192.02861,253.24408,250.13907,242.59997,,
590.62814,359,349,232,309,221,198,127,189,268,237,239,375.47684,338.5801,251.28234,305.98281,225.59492,200.50941,144.80056,189.84589,252.96772,248.12786,241.12422,,
590.81182,381,349,286,320,237,208,149,207,257,254,238,376.32569,337.93574,252.71071,306.51469,227.16367,201.52223,145.79846,190.19421,252.77515,248.87884,242.81957,,
590.99551,360,318,257,288,229,173,114,184,224,223,244,376.76172,338.55634,252.24807,306.23631,228.88204,201.9048,144.9381,191.84319,252.93916,248.90075,243.73574,,
591.17921,435,407,317,388,302,267,225,246,332,332,318,376.5001,339.31992,251.29763,307.03502,229.67284,202.06582,145.46293,192.59179,253.14277,249.05076,243.7645,,
591.36293,374,328,238,316,205,188,143,188,248,239,244,376.71542,340.04075,252.1128,307.13998,229.33235,201.91973,145.06116,192.60808,253.47274,248.94772,243.06265,,
591.54667,400,345,249,308,225,233,175,179,243,259,239,376.23172,340.77993,252.55623,307.61967,228.73494,201.99907,145.46764,192.2832,253.10292,248.53156,242.8727,,
591.73042,353,331,236,288,204,181,140,175,230,225,222,374.63639,340.42092,251.81662,306.6717,227.82598,200.47607,143.72742,191.71243,252.01425,249.19248,241.59172,,
591.91419,364,342,255,303,213,189,127,196,245,240,218,375.04344,339.80545,251.25926,305.80183,227.48518,200.35903,142.56173,190.24995,251.63227,248.20537,240.70525,,
592.09797,403,336,234,298,220,230,150,189,245,244,239,374.99742,339.72878,249.98188,305.00689,226.90084,200.71186,142.58484,189.51319,251.07146,248.00494,240.31484,,
592.28177,368,313,249,325,219,193,123,197,239,258,225,374.25027,339.60858,249.49935,304.54273,227.18297,199.09201,142.94487,188.85809,250.36816,247.80758,239.55555,,
592.46558,372,352,239,312,226,197,146,193,244,266,244,373.56391,339.35421,248.7619,303.44085,225.45829,198.70253,142.7619,187.38578,249.25391,245.74344,239.20755,,
592.64941,381,347,253,335,226,196,143,189,284,256,244,373.67549,339.08698,248.20863,304.25482,223.66586,198.66233,142.89982,186.95751,249.12401,244.73732,239.47356,,
592.83325,357,320,239,326,224,196,137,175,282,226,244,373.73956,338.06211,247.07842,304.56565,222.55804,197.63603,141.84462,185.60452,248.24227,244.78446,238.58139,,
593.0171,370,303,265,302,241,202,137,176,260,241,271,374.65562,339.29321,248.23958,304.11572,223.78344,198.0923,142.59394,186.93282,247.64907,245.32239,239.4782,,
593.20098,345,358,233,255,233,176,117,200,221,228,244,374.90079,340.37598,247.42721,304.32053,223.94229,197.71854,143.25294,187.58185,248.10202,245.29031,239.80255,,
593.38486,380,333,245,305,239,206,145,217,260,254,240,375.5411,339.65404,247.37731,304.53453,223.48762,198.28809,144.34549,187.2663,248.6218,245.76794,239.65734,,
593.56876,367,335,270,286,210,196,143,175,254,224,213,375.71161,339.72181,248.1147,304.873,224.01697,198.20793,144.24363,186.59204,249.295,245.43584,239.78704,,
593.75268,360,339,223,289,199,188,163,174,239,230,223,375.95649,339.95377,249.03321,304.28193,224.1159,198.57057,144.11092,186.12401,249.50733,245.08354,240.26411,,
593.93661,356,328,226,288,202,175,124,170,226,228,222,374.12911,338.29029,247.35566,302.82165,222.6423,196.89094,141.43249,184.0284,247.9431,242.94442,238.7153,,
594.12056,402,345,255,305,212,235,131,188,239,250,225,375.7587,338.94328,247.66892,302.36771,222.86158,198.01814,142.37616,183.82634,248.45129,243.40893,239.38456,,
594.30452,398,348,250,296,233,230,175,173,258,242,246,375.85594,337.86025,247.13729,300.4722,221.92562,197.36576,143.13531,182.70278,247.12555,242.24565,238.41181,,
594.4885,405,347,260,303,229,206,156,194,271,282,257,376.95388,338.75836,248.45272,301.09074,223.1017,197.0501,143.01991,183.496,247.89585,243.01658,239.27976,,
594.67249,361,326,249,296,213,159,142,163,232,239,233,376.83467,339.00695,249.16854,300.4155,223.09982,196.82684,143.77494,183.24972,247.66889,242.25847,239.35281,,
594.8565,373,335,248,328,229,191,145,179,268,237,234,377.53707,339.08419,249.30519,300.11681,224.07448,197.12215,144.23464,183.84856,248.12118,241.82079,239.18456,,
595.04052,380,349,266,303,237,207,144,190,211,272,250,377.09266,337.75562,248.73832,296.90777,223.57064,197.24096,143.84797,182.77368,246.86093,242.19244,238.31813,,
595.22456,383,367,253,310,249,208,144,219,250,264,269,378.11291,339.50012,249.21629,296.24256,224.679,197.92811,143.9884,183.41881,246.0831,242.21867,239.11309,,
595.40861,367,363,220,290,222,180,118,177,252,222,216,377.58359,340.1755,247.99887,295.99631,223.74706,197.68681,143.57795,181.89936,246.58679,241.46615,238.0868,,
595.59268,380,360,271,312,212,194,169,170,243,239,240,378.48975,340.11885,249.70271,296.93024,223.65431,198.04893,143.60255,181.68464,247.0058,241.07314,237.70305,,
595.77676,384,328,277,285,236,192,128,166,240,230,243,378.31335,339.5756,250.67775,296.2278,223.61462,197.29221,142.31869,181.22796,246.1232,240.09239,237.74973,,
595.96086,351,320,229,276,207,174,138,173,221,211,233,380.88709,342.35992,252.53564,299.25015,227.12995,199.89669,145.06127,184.15194,248.56851,242.43263,241.72946,,
596.14497,367,324,222,280,216,193,132,176,250,232,222,382.45199,343.33541,253.39691,300.15516,227.45519,200.20238,145.81759,184.92317,248.78416,242.36402,242.87329,,
596.3291,414,340,252,303,236,209,180,191,249,253,256,383.88901,344.05552,254.43145,300.88607,228.10458,201.24195,147.08555,184.83017,248.73001,242.55949,242.86335,,
596.51324,384,353,264,317,240,212,175,194,256,265,261,382.55958,343.84883,254.55979,300.65306,227.62484,200.09511,146.88922,183.83773,247.8373,241.50561,242.56248,,
596.6974,380,323,253,300,223,185,138,175,239,206,240,382.12562,344.58196,255.65213,301.2806,227.20977,199.6657,146.02236,184.36463,247.70119,241.33355,241.81739,,
596.88157,393,337,242,297,210,229,123,165,245,238,247,383.49983,345.43462,256.06,301.39306,227.47888,201.15953,146.37333,184.33403,247.42221,240.61179,242.17391,,
597.06576,380,310,247,309,213,180,127,172,233,257,224,384.15932,345.08329,256.63027,302.56264,227.20039,201.92303,146.27271,185.16406,246.90378,240.75044,241.47256,,
597.24996,383,356,256,294,225,200,145,187,265,258,236,385.66212,345.81556,256.9361,302.43292,227.51245,202.51632,146.2191,184.76446,245.69465,241.96974,242.06412,,
597.43418,402,381,271,308,246,214,172,230,269,254,258,386.44536,346.66878,256.8701,304.799,227.66633,202.98856,146.56617,184.74405,246.8243,241.80339,242.30596,,
597.61841,372,335,248,322,211,192,132,173,271,225,239,385.78482,345.51682,256.76013,305.76788,226.39242,202.37471,145.98072,182.96736,247.47947,240.86876,241.03325,,
597.80266,383,332,278,288,232,207,127,182,245,241,235,386.40708,343.94781,257.66459,305.76192,227.1268,202.90686,145.58423,182.69544,247.92641,240.89187,243.21708,,
597.98692,390,376,286,301,269,215,146,213,266,246,268,385.88709,345.00836,256.81626,305.01264,228.27933,202.30053,144.23403,183.5233,247.49104,240.4162,243.47901,,
598.1712,369,338,260,284,209,185,130,170,224,234,228,387.05896,346.37758,257.54946,306.21253,228.23747,203.2724,144.61893,184.8853,248.08952,241.17282,243.66783,,
598.35549,366,333,230,298,220,187,137,172,240,232,223,386.0959,345.88663,258.33679,305.84457,227.37201,202.61521,143.81458,184.26075,248.3128,240.3883,242.63646,,
598.5398,416,371,272,306,242,229,191,208,266,256,255,385.68113,345.88561,258.15008,305.74747,226.84971,201.24014,143.98568,183.82131,247.77601,239.14148,242.13377,,
598.72412,384,358,268,318,249,211,155,195,248,242,239,382.96906,344.43842,256.65764,305.1114,225.9219,198.84079,141.95008,182.72382,246.54896,238.46737,241.52701,,
598.90846,387,346,264,314,239,220,132,196,254,242,257,383.27409,344.08258,256.59412,305.07049,225.23763,199.34714,140.94899,182.50173,244.84045,238.73642,241.0101,,
599.09281,392,333,250,285,225,236,186,176,239,242,239,382.07944,342.64448,254.79723,304.24535,224.74455,199.50638,140.62744,181.33251,244.8067,237.70733,240.17264,,
599.27718,399,335,244,306,221,212,134,191,239,250,239,381.34427,342.54968,254.91988,304.11257,224.74502,198.95139,140.92838,181.76246,246.34612,238.8887,240.62205,,
599.46157,377,347,264,321,196,194,145,153,248,237,246,379.72878,341.17244,254.26331,303.42588,223.70754,197.96032,140.793,181.14655,246.28961,238.0926,240.43675,,
599.64596,412,379,271,390,245,201,143,194,278,244,258,378.36182,339.96845,253.73719,304.06505,223.08075,197.10195,141.00371,180.46968,247.61755,237.65888,239.98251,,
599.83038,349,316,234,301,186,158,118,149,237,212,214,376.58783,339.91968,253.09513,303.09441,222.47843,196.19837,140.79354,179.01049,245.52153,237.48237,239.24075,,
600.01481,398,337,285,316,250,206,138,221,241,240,274,376.11484,340.22637,252.70162,302.5963,222.70704,196.09665,141.34157,180.11468,245.49195,238.7804,240.00646,,
600.19925,370,365,243,288,242,196,143,202,233,245,255,374.96856,340.39383,250.69911,302.58024,222.07343,195.13418,140.76079,180.39684,245.94011,238.8539,238.16236,,
600.38371,383,352,240,310,236,196,150,191,240,232,248,375.08014,340.95771,251.49494,303.62232,222.77524,195.55951,142.13898,180.10324,246.91293,239.7144,238.36012,,
600.56818,367,332,278,289,194,177,128,140,239,233,192,374.30411,340.53231,252.3239,304.05006,223.63945,195.31928,141.85096,179.56699,246.87954,239.74541,238.853,,
600.75267,340,316,239,296,206,177,117,154,237,228,215,373.05259,340.34057,251.09559,303.6782,223.27964,194.08784,142.25187,179.6428,246.90913,239.2514,239.2278,,
600.93717,367,338,240,294,210,197,131,170,239,239,248,372.08947,340.02609,250.48087,303.1258,223.16066,193.77417,141.3767,179.59249,247.53122,239.1171,239.61847,,
601.12169,416,356,255,305,224,223,148,195,252,248,240,372.50253,339.82863,249.53048,303.32071,222.50099,193.26576,142.69,179.90666,247.46373,239.67598,240.28259,,
601.30622,398,335,239,288,228,207,158,164,239,231,248,371.96675,339.55956,249.09642,303.11624,222.32757,192.39754,143.19733,180.57132,247.81232,240.32191,240.81898,,
601.49077,378,322,237,298,209,184,140,175,242,254,229,371.68339,338.69936,249.43539,303.01561,222.59542,191.38026,143.19251,180.64387,248.03189,239.38479,241.08089,,
601.67534,367,334,242,289,224,170,125,152,242,242,249,371.83662,338.07919,248.92897,302.87834,221.57489,191.56592,142.67657,179.67469,248.06218,238.72024,241.16637,,
601.85992,335,333,237,324,209,174,143,190,271,215,222,373.05898,337.52345,249.58912,303.85558,222.14718,192.16922,143.68615,180.79911,248.8349,240.18689,242.46864,,
602.04451,362,323,262,265,212,172,125,175,236,255,232,373.78545,338.0663,250.13298,303.25842,222.53188,192.52364,145.09767,181.26537,249.55802,241.63836,242.91164,,
602.22912,384,363,249,306,261,207,149,224,257,254,288,375.31326,339.99117,251.09658,303.40393,223.67789,193.80339,147.77857,183.39904,251.15867,242.18533,243.82593,,
602.41374,348,358,239,320,214,173,142,176,248,236,202,374.78935,339.60103,250.3774,304.50495,222.13787,193.46332,148.83963,182.61204,252.93565,242.09371,243.59023,,
602.59838,352,321,266,295,190,180,152,161,237,238,240,375.57055,338.80206,251.75454,304.83859,222.57363,194.08913,148.94666,182.52065,253.90296,243.25355,244.1417,,
602.78303,318,278,220,271,237,149,117,161,238,220,239,375.59197,339.50821,252.44268,304.42105,224.18333,194.6418,148.88201,183.71417,254.6361,243.31434,244.84842,,
602.9677,370,335,240,301,239,190,154,188,246,240,252,375.86362,340.03169,252.23686,304.10711,224.27432,194.9675,148.52314,184.36182,254.71877,243.69768,244.95678,,
603.15239,337,319,221,291,213,206,144,180,258,261,241,375.72538,339.80919,251.90713,304.27688,224.82054,194.08879,148.24329,184.2608,254.60169,243.81075,244.49127,,
603.33709,406,355,261,305,224,229,184,198,269,239,240,377.71906,341.42889,253.09053,304.6744,226.36033,195.29627,151.77671,185.70115,256.1422,245.22988,245.34563,,
603.5218,350,335,239,301,222,195,158,188,303,227,236,377.36298,341.81465,253.81508,305.46511,227.45405,195.01499,151.19176,186.50703,256.99148,245.3839,245.61947,,
603.70653,401,379,296,320,237,210,186,208,273,265,269,377.58398,342.18363,254.40671,305.55317,228.61727,195.86219,150.37059,187.31733,257.55471,246.64894,246.04675,,
603.89127,402,337,245,305,218,218,155,177,237,236,241,378.96177,342.90215,255.07404,305.32277,230.15137,198.25899,153.10587,188.52817,258.55018,248.88065,246.95155,,
604.07603,393,360,261,318,237,184,159,180,252,266,239,381.1487,343.96987,255.71709,305.90036,230.91803,200.27088,153.86423,190.00938,258.85816,249.54937,247.1509,,
604.26081,398,365,256,309,241,207,152,197,241,255,248,381.42959,344.01416,256.58699,306.7797,230.02487,200.59585,154.67225,189.43102,259.96,249.31865,246.69442,,
604.44559,425,342,282,346,254,229,168,242,303,290,278,382.54144,344.81284,257.33249,308.75569,231.34683,201.40986,154.26696,190.06775,260.35219,248.90713,247.29031,,
604.6304,390,352,266,346,246,209,144,195,276,242,254,382.07072,344.81497,256.33088,308.6712,230.85542,200.70962,153.60305,189.85094,259.85037,247.64966,246.87173,,
604.81522,399,360,289,314,255,212,154,185,266,242,296,383.62069,345.81923,257.45063,309.74124,231.43713,201.66898,153.86285,191.3529,260.27414,247.27493,247.71381,,
605.00005,369,350,246,300,198,176,138,197,239,229,254,384.4507,347.33022,257.83449,309.71299,232.77596,202.141,154.02503,193.27534,259.96652,247.06861,248.58932,,
605.1849,405,354,254,291,212,193,154,201,269,246,248,385.79268,348.64815,258.50472,310.73519,233.42302,202.69397,154.2133,194.38624,259.88602,246.76937,249.37414,,
605.36977,389,335,278,303,222,206,138,186,245,241,241,384.86208,348.54452,259.13443,310.18261,231.81216,200.93271,152.30664,193.56155,258.77177,244.93411,247.25228,,
605.55465,393,338,246,308,219,191,175,192,250,246,224,384.76949,348.50291,259.89873,311.29049,231.70282,201.08779,151.58996,193.25903,258.73873,244.44959,247.15504,,
605.73954,398,348,286,303,260,215,154,196,274,244,246,385.34694,348.82527,259.49951,311.78317,231.71358,201.6722,150.98548,193.50869,257.83044,244.055,247.63789,,
605.92445,408,367,287,334,256,238,187,190,271,258,260,386.95148,349.78976,260.18299,312.49555,232.38178,201.80552,150.90944,194.54246,257.82301,243.94215,247.61141,,
606.10937,400,360,253,318,228,222,176,192,260,254,252,388.68414,350.44264,260.38048,312.64289,232.86786,203.01749,151.18986,194.64679,257.25462,242.28214,248.33915,,
606.29431,403,367,270,317,260,232,181,218,273,277,268,389.84242,350.14712,260.20773,312.46024,232.52692,202.75116,150.46266,194.26778,256.29106,241.52538,247.6035,,
606.47927,354,335,232,290,207,170,130,150,233,226,200,391.09411,350.26449,260.66951,311.68026,232.86969,202.32723,149.85363,193.62146,255.1685,241.72896,247.80747,,
606.66424,370,340,240,328,221,193,128,182,265,227,233,391.28442,351.7289,261.67752,312.88167,232.95107,202.87028,149.97601,194.73705,255.56932,242.29235,247.89653,,
606.84922,361,320,239,319,216,174,108,171,242,256,238,391.60658,351.82115,260.9892,311.36737,231.31616,201.46696,147.96448,194.20134,253.78729,241.66088,245.68597,,
607.03422,402,354,274,303,276,206,117,218,239,250,260,392.96426,352.31994,261.07078,311.85834,231.80752,201.75965,147.0964,194.32114,253.39226,242.08052,246.00367,,
607.21924,369,366,234,293,234,188,137,207,239,220,228,392.74545,352.97737,261.52975,312.3179,231.94027,200.76278,146.61356,194.66568,252.83402,241.69363,244.59637,,
607.40427,404,365,270,330,237,200,160,200,269,262,257,393.67988,353.5011,262.26374,312.82702,232.94204,200.79812,146.96385,195.17599,252.58858,242.29729,245.10274,,
607.58931,376,337,282,309,232,176,154,177,249,240,239,391.36873,351.89848,261.28352,311.75395,232.84811,198.74774,144.65503,194.16628,251.12732,241.35262,244.28877,,
607.77437,384,356,257,303,225,216,157,202,269,245,250,391.76591,352.31514,261.54769,312.08496,233.46477,198.29097,144.71655,194.4018,250.41324,241.21446,244.43274,,
607.95945,362,333,246,301,212,190,79,188,239,223,236,389.58226,351.576,260.11486,311.44148,233.86267,196.79517,144.46015,194.20897,250.27135,241.32902,244.03201,,
608.14454,415,367,260,299,237,229,185,201,243,252,239,389.52404,351.52026,260.39888,311.49571,233.46798,196.87608,143.83191,194.79941,250.33815,241.27437,244.10521,,
608.32964,405,361,264,321,229,207,176,207,258,212,253,388.85667,351.18426,260.20313,311.1335,233.81485,197.04093,144.09814,195.27853,250.83277,240.11787,244.03699,,
608.51476,374,336,248,302,201,175,111,174,225,169,218,390.02512,352.37566,261.65746,311.75098,234.44112,198.18936,145.66532,196.23629,251.84591,241.42862,244.81775,,
608.6999,353,321,239,291,219,164,123,177,242,222,238,389.84482,351.42694,260.49972,310.12906,233.05937,197.94994,145.07649,195.20703,250.08684,240.93925,243.90441,,
608.88505,396,367,249,294,248,202,127,207,218,238,269,390.13235,352.51136,260.90249,310.39421,233.64398,197.8036,145.88505,195.19658,250.39319,240.98833,243.90636,,
609.07021,410,383,263,337,222,193,166,208,273,252,250,390.14648,351.5541,260.13937,309.92539,232.85193,197.42599,145.51627,193.90951,249.98516,240.68561,242.62135,,
609.25539,406,352,289,331,221,198,149,191,267,248,239,391.51471,350.41054,260.30556,310.03447,233.2921,197.82602,145.57553,194.79146,250.59915,241.73293,243.28827,,
609.44059,388,335,274,310,248,186,133,206,237,244,257,391.10736,350.33353,259.32866,310.98999,233.83057,197.40239,145.09966,195.06761,251.43976,241.44699,243.44069,,
609.6258,386,346,261,320,219,192,138,178,249,244,242,391.51496,351.31872,259.61143,311.51858,233.81128,198.00951,144.68294,195.46266,251.79442,241.8455,244.44778,,
609.81102,381,342,245,306,239,188,143,196,244,233,239,390.74618,351.58534,259.48903,311.16825,232.86004,197.27962,143.83254,195.06304,251.48221,241.57718,244.61462,,
609.99626,447,372,287,340,277,250,195,209,277,288,280,391.78018,352.40848,260.05762,311.38155,232.70029,197.07844,144.07613,195.67182,252.40352,241.89692,245.28503,,
610.18152,393,353,246,289,238,185,143,200,236,239,228,391.16159,351.96476,260.52216,311.02657,232.39919,196.3341,142.56257,195.11382,252.13593,241.7905,245.35865,,
610.36679,393,361,285,303,235,186,148,193,264,245,236,391.58257,351.13873,260.22116,310.49387,231.51591,195.3598,142.52737,194.56298,251.88616,241.79096,244.66876,,
610.55207,412,360,265,304,224,232,145,190,245,245,244,391.92845,350.73791,260.55578,309.86845,232.09941,195.70869,142.05789,193.43222,251.88962,241.68518,244.09221,,
610.73737,398,351,265,303,233,185,143,188,248,284,224,392.5302,351.36069,261.7696,310.62493,233.03121,196.10736,143.58996,193.27625,252.47915,242.07633,244.7696,,
610.92269,401,369,274,322,241,212,160,213,262,284,252,392.90543,351.32687,261.6893,309.71959,232.30771,196.98433,144.72403,192.58973,252.72439,241.87787,244.69911,,
611.10802,386,367,255,334,231,201,138,196,267,244,239,394.86915,353.00385,263.60833,311.16601,234.12705,199.71139,146.8838,194.24676,254.16238,243.47682,246.5122,,
611.29337,383,316,224,303,221,164,125,168,245,197,210,394.30225,351.99452,262.97126,310.60586,232.88677,199.31611,146.85098,191.83177,253.99724,243.63768,245.1367,,
611.47873,399,345,306,335,282,222,177,206,286,274,296,394.68149,352.44873,262.79542,310.56635,233.15919,199.38422,147.15031,191.09633,253.97228,244.38193,244.73832,,
611.6641,384,372,272,305,268,200,164,240,262,242,277,394.02193,352.02297,261.70459,311.14832,232.34078,198.8197,146.23973,189.84312,253.87506,245.09633,244.32504,,
611.84949,398,368,246,321,238,209,144,190,259,252,253,394.99728,352.18605,262.8566,311.63263,232.88285,199.77682,146.09119,189.58216,253.98113,246.1453,244.25412,,
612.0349,353,334,261,293,173,175,122,161,233,217,219,394.37847,352.22082,262.30796,310.54577,232.77447,199.52543,145.32014,189.30089,253.3892,245.05239,243.00032,,
612.22032,418,352,271,316,249,206,174,204,271,246,260,395.47025,352.85556,263.09776,311.25948,233.8874,200.20209,146.02994,189.25699,254.35978,245.96827,243.50395,,
612.40576,370,330,242,292,229,186,128,185,252,235,241,395.72455,353.60522,264.70459,312.01164,234.7838,199.71211,145.80788,188.87812,254.86661,246.60735,243.70876,,
612.59121,418,346,274,310,206,239,124,188,242,248,248,395.58543,354.17982,265.33727,311.7607,234.91939,199.94908,146.6782,188.33502,255.42037,247.01139,243.22481,,
612.77667,416,356,252,296,239,217,180,176,245,232,228,396.24091,354.25699,265.64257,311.54312,234.47392,200.45614,144.98367,188.22578,255.60955,246.77703,243.25838,,
612.96215,379,344,241,302,208,182,129,165,271,255,223,396.16906,354.70554,265.57387,310.3049,235.15837,200.45976,145.12114,188.01364,254.31024,247.0952,242.3661,,
613.14765,360,335,239,284,208,158,112,164,229,207,224,397.25058,355.22025,266.20376,310.51204,234.73739,201.3492,146.44479,188.14734,254.22868,245.95513,242.04068,,
613.33316,407,367,278,346,256,213,156,198,288,236,254,397.74081,355.61379,265.73628,310.50554,234.07366,201.0578,146.12741,187.22438,253.71397,243.87454,241.29548,,
613.51869,384,319,239,297,207,175,112,161,232,249,218,396.83501,354.58597,265.67494,309.08662,233.51417,200.24358,145.95798,186.76699,252.77112,243.02573,240.96793,,
613.70423,399,397,272,312,259,203,143,220,240,255,270,396.96933,355.36214,265.07438,307.74801,234.13531,200.02908,144.8896,185.91844,250.80933,242.09083,240.17828,,
613.88978,384,389,270,335,236,203,147,200,271,252,239,397.40939,357.05101,264.28886,307.75098,232.8009,199.89196,145.10616,184.96809,250.56556,241.69718,239.1133,,
614.07535,414,367,300,316,228,217,143,178,244,256,235,399.25271,358.03914,265.91791,309.77449,232.22805,200.73245,146.32098,185.04367,252.3545,241.7826,239.31061,,
614.26094,399,340,290,302,262,188,152,159,253,233,254,399.24843,358.46821,266.95379,308.90473,232.6703,199.77667,145.58004,185.16748,251.19858,240.77832,239.54676,,
614.44654,410,354,265,317,239,195,152,195,248,240,248,399.5876,358.28796,266.56805,309.16188,232.70948,199.29348,145.82278,184.68441,251.43913,240.53165,239.73277,,
614.63216,385,338,246,284,220,190,130,164,234,235,225,399.87902,358.5804,267.0711,309.82919,233.73309,199.30938,146.21622,185.42261,250.84269,240.2058,239.89363,,
614.81779,429,360,274,310,230,223,175,186,249,244,236,403.35693,360.33831,269.18555,311.63988,236.16367,201.43408,148.53505,187.02453,252.3324,242.00383,241.76647,,
615.00344,402,376,270,321,245,220,169,191,252,246,242,403.84865,361.00041,269.02562,311.00319,235.71494,200.08795,148.26873,187.34266,251.68058,241.484,241.29484,,
615.1891,413,374,293,320,239,202,171,218,271,249,260,404.7908,362.55981,270.31706,311.457,236.7035,199.80799,148.04152,187.84043,252.06743,241.28637,241.88278,,
615.37477,421,362,273,306,228,232,143,181,254,249,234,405.63338,363.20576,270.36787,311.15676,236.63075,201.27163,147.98183,187.73648,251.44893,241.12034,241.77531,,
615.56046,429,383,288,353,260,210,153,201,258,271,254,408.05434,364.02279,271.75309,311.2523,237.73574,201.00351,148.98052,188.04886,251.58158,242.72835,241.6672,,
615.74617,382,335,237,274,208,160,129,147,232,240,207,409.33484,364.95907,272.75712,310.83635,239.02836,201.54712,150.27835,188.79961,251.21029,244.18025,242.23058,,
615.93189,417,396,283,310,259,201,154,214,244,239,242,410.77137,366.87293,273.82518,312.41706,239.43582,202.25405,150.36945,189.134,252.09101,244.0448,242.18071,,
616.11763,397,352,273,332,219,206,138,186,272,214,236,411.75318,366.14757,272.84199,312.71383,238.50037,201.2222,150.2422,187.85327,252.19609,242.69426,240.37783,,
616.30338,420,357,303,306,248,207,154,189,254,241,239,413.62731,365.84015,274.80659,313.69191,240.50853,201.49079,151.90244,188.44429,252.70708,243.60926,242.13409,,
616.48915,406,369,264,291,269,185,130,204,241,224,251,414.59483,367.35942,275.12415,314.34653,242.56964,203.57831,152.85988,190.30762,253.07604,243.87073,243.68414,,
616.67493,429,391,281,332,259,207,168,200,262,266,262,416.20055,369.15151,275.09081,317.23634,243.03635,203.77771,153.64615,190.43702,253.55772,244.67712,243.61827,,
616.86073,408,377,271,310,222,186,143,188,239,242,232,416.59034,370.05878,276.45745,317.78937,242.63553,203.29824,153.65909,190.16533,253.54826,244.77497,243.46805,,
617.04654,409,345,257,287,222,198,173,174,233,230,222,418.81984,371.2116,278.39437,318.59569,244.25627,203.54502,155.00492,191.31983,254.6344,245.28637,244.30424,,
617.23236,431,368,265,312,239,214,143,204,251,242,256,418.39509,371.45016,278.74756,318.03592,244.75424,201.83832,153.96813,191.30427,254.41131,244.66706,244.40875,,
617.41821,378,361,262,307,244,179,146,176,232,240,224,420.48588,372.22487,280.07665,318.27588,244.68556,202.90931,153.29378,191.91533,253.87968,244.9892,245.49523,,
617.60406,457,384,288,340,229,239,191,192,286,250,257,421.91746,372.80928,279.54418,317.55424,245.04793,203.13787,154.19246,191.62658,253.30223,244.52119,244.93114,,
617.78994,417,382,270,316,260,194,153,189,264,260,255,422.80212,373.91372,280.11998,318.06088,245.19962,202.48638,155.21624,191.99506,253.46986,245.78002,245.12422,,
617.97582,406,362,292,304,239,200,143,192,244,240,233,422.4162,373.83533,280.18965,317.29233,244.34834,201.59979,154.59632,191.33466,252.84077,244.2422,244.36882,,
618.16172,428,393,267,340,250,201,143,175,273,241,234,422.99259,374.25842,280.51967,318.27471,245.14009,201.33555,154.80584,191.22064,253.80853,243.65404,244.30766,,
618.34764,436,380,293,342,240,217,175,220,284,258,286,423.97286,373.04788,280.32979,318.43895,244.67578,201.10528,154.20773,190.36114,253.62695,244.73546,244.22666,,
618.53357,447,371,318,346,285,207,175,235,285,256,288,425.04564,374.84269,280.9814,317.75764,246.03703,201.29817,154.06532,191.34619,253.13889,246.13056,245.71093,,
618.71952,400,367,268,275,262,176,126,189,212,237,238,424.78842,376.62846,280.68371,318.13076,245.75757,201.20324,153.87891,192.43281,254.24275,246.24272,245.08233,,
618.90548,447,367,276,354,258,223,175,205,280,272,256,426.57657,378.013,282.37589,319.12748,246.18177,202.59077,154.77778,191.81553,255.55032,247.89073,244.80568,,
619.09146,437,399,316,332,244,214,146,200,244,249,245,427.17525,378.28146,283.23688,319.18483,247.27686,202.194,154.75626,191.56461,256.03071,247.4813,245.57963,,
619.27745,435,381,271,305,228,191,143,175,266,239,242,428.9263,379.24447,283.84987,319.97649,248.80609,202.51596,155.57426,192.64883,256.72332,248.64203,247.10197,,
619.46346,396,362,256,300,219,182,131,156,228,222,226,428.33247,378.04929,283.07087,318.77945,248.08551,201.28569,153.34325,191.90867,255.92215,248.05556,246.47691,,
619.64948,449,382,292,333,284,240,171,190,258,254,255,430.93878,379.70058,284.52056,319.68885,249.32481,203.11862,155.04605,191.99413,256.46273,248.99592,246.77841,,
619.83552,438,360,284,308,236,206,179,177,250,250,224,432.24524,381.17618,285.45317,320.55553,250.67956,203.71938,156.70726,192.75198,257.24549,249.70584,247.46384,,
620.02157,468,392,312,334,261,194,175,194,266,250,254,433.02521,382.61403,287.45713,321.46694,251.41344,203.27364,157.14456,193.79938,257.55865,250.42646,248.74523,,
620.20764,405,380,269,320,229,207,137,177,242,232,232,434.99495,383.42388,288.19307,321.74772,251.19647,204.26757,157.37016,193.22028,257.7508,250.01581,248.80856,,
620.39372,448,398,292,361,228,207,142,188,274,244,234,437.96559,385.52207,290.23427,323.75888,252.56934,205.07703,158.13708,194.1523,258.13661,251.41011,249.26345,,
620.57982,430,367,271,312,247,191,161,188,239,264,241,438.7908,385.85531,290.1752,322.74076,252.11459,204.27083,158.02806,192.86351,257.3066,252.0778,249.29704,,
620.76593,442,405,306,326,285,209,153,216,241,257,270,441.2914,387.73225,291.38134,322.54853,252.88985,204.94829,158.04974,195.05235,256.98299,251.20202,248.89393,,
620.95206,428,422,291,339,254,224,144,193,271,258,239,441.85472,388.43199,291.43138,323.48151,252.48728,205.36522,157.79268,193.50341,257.63766,250.44683,248.06016,,
621.1382,444,393,322,324,247,138,159,191,258,253,234,444.46318,389.15081,293.24306,324.36717,253.56171,206.55041,158.48361,192.58536,257.58305,249.97785,247.64466,,
621.32436,437,384,313,259,278,206,146,207,253,246,271,446.37573,390.56758,294.84147,324.26603,255.66393,206.94224,157.9665,193.11463,257.8927,250.18207,248.59512,,
621.51053,429,379,280,302,239,193,146,191,241,232,241,449.33462,393.49643,295.77836,326.13081,257.23912,208.33423,159.52062,194.39849,258.83223,251.18598,249.95567,,
621.69672,428,386,268,313,240,196,152,184,239,243,248,450.0207,395.65336,296.4076,325.97773,257.71635,208.10025,158.91676,193.75891,258.28698,250.36347,249.43172,,
621.88292,472,393,289,335,259,245,191,207,266,272,257,452.30424,397.1179,297.63193,326.2335,258.4507,209.05069,160.35106,193.93058,258.42445,250.37731,249.44429,,
622.06914,437,388,286,326,253,211,176,190,268,256,231,453.15432,397.8713,297.53725,325.37376,258.34008,208.86978,158.58803,193.59791,257.64069,249.48638,248.93606,,
622.25537,463,405,330,346,271,226,184,209,274,269,267,453.77574,399.35586,299.0118,325.47761,259.66357,209.095,158.34485,193.89531,257.56226,249.43118,248.57444,,
622.44162,447,374,280,309,246,225,130,172,280,234,234,456.68763,401.50078,300.89708,327.38964,259.99035,210.92109,160.00136,194.59521,258.8057,249.43333,248.98038,,
622.62788,468,401,288,330,276,205,161,200,268,280,264,459.28325,404.46067,302.03139,328.1571,261.64373,212.32415,160.75626,195.04338,259.46185,249.67444,249.45711,,
622.81416,485,418,318,335,271,239,176,217,277,278,274,461.24256,406.30146,304.92881,328.14567,262.82808,213.7016,160.92904,195.76582,259.53168,250.09339,249.78541,,
623.00045,451,428,297,316,266,201,158,207,264,235,239,463.95363,409.46515,306.69345,329.7175,264.47886,214.5098,161.52687,195.93372,260.82808,250.06652,249.59358,,
623.18676,462,408,299,361,256,212,170,206,282,228,236,466.94922,411.28263,308.61573,332.58568,264.97853,215.71216,163.06249,196.89189,262.94335,250.75021,250.69694,,
623.37309,495,409,333,357,294,224,177,187,262,270,281,470.70953,412.68858,312.03921,334.01672,267.70115,216.36565,164.84469,199.56563,263.64276,251.53048,252.77599,,
623.55942,459,406,302,322,265,189,134,225,226,223,269,472.40624,414.57197,313.14039,334.08256,270.28624,216.67247,164.74717,200.69417,263.35235,251.38798,253.38977,,
623.74578,488,418,328,340,280,220,172,192,259,269,255,476.22637,416.80733,314.79159,336.46613,271.73789,218.45097,166.36646,202.01187,265.18594,252.39147,254.47976,,
623.93215,463,408,317,331,245,201,143,178,245,220,223,478.30263,418.84099,317.38748,337.73202,272.81205,219.27249,166.14415,202.8539,264.57542,251.72763,254.22245,,
624.11853,522,469,348,367,303,250,227,206,280,272,271,480.58871,420.52459,319.2926,338.24141,273.60026,219.33491,166.0697,202.94376,265.08845,251.52185,254.21341,,
624.30493,463,397,302,321,246,181,143,198,248,228,250,481.33663,421.6016,319.95171,338.57354,273.43466,218.38982,164.9086,202.20365,264.67367,250.41981,253.77007,,
624.49134,483,420,316,333,254,222,138,178,239,234,241,484.56737,423.8429,321.98052,340.05273,275.69254,220.7435,166.06387,202.9091,265.00288,250.98197,254.61136,,
624.67777,518,424,305,332,269,246,185,196,275,234,238,487.5637,425.26938,324.08605,340.98412,276.14843,221.78613,167.64452,203.10113,264.95495,251.0926,254.68271,,
624.86421,494,438,332,340,292,236,168,218,266,274,253,491.47235,427.90974,326.46228,342.48762,278.01411,221.91646,169.93418,203.9026,265.9853,251.66624,255.24741,,
625.05067,473,420,306,332,274,228,159,188,265,239,261,493.41512,429.57213,327.56096,343.32039,278.01724,222.80296,170.35593,204.06757,266.19271,249.733,254.95316,,
625.23714,500,433,325,358,285,233,162,206,281,232,224,497.38098,432.94876,329.80303,346.28259,279.6214,224.64008,171.32547,205.11042,267.92947,249.71241,255.16748,,
625.42363,478,446,328,367,297,222,182,149,276,284,269,499.9,433.43858,330.50717,346.4389,279.75537,224.47464,171.42626,204.90315,266.87554,249.8298,254.42483,,
625.61014,527,449,364,357,302,239,177,250,274,255,281,503.70482,436.28372,333.12127,347.66885,282.30134,225.37412,172.39634,206.68754,266.33453,250.91848,255.09232,,
625.79665,484,457,344,335,283,217,160,240,285,271,273,505.98337,439.82996,333.70634,349.67197,282.4558,226.89307,172.13285,207.37546,267.19015,251.01099,254.07348,,
625.98319,494,450,316,351,273,221,175,212,260,228,239,509.97064,442.68905,337.3112,352.57535,283.75988,226.59039,173.95624,208.04763,268.8511,252.83991,253.33559,,
626.16974,482,425,358,324,286,207,140,184,258,239,235,511.17532,443.52309,339.6361,352.14218,285.49469,226.19778,173.27113,208.45872,268.4919,251.99823,253.3239,,
626.3563,543,441,366,373,288,241,188,240,286,280,269,514.0827,445.46298,341.12659,353.16449,286.87096,226.30943,173.63533,209.94731,268.38714,251.50583,253.74196,,
626.54288,493,432,334,335,276,212,150,200,254,239,237,516.56658,447.71748,342.85687,354.11142,288.10623,225.9332,173.34909,210.49337,268.69256,251.51965,254.22247,,
626.72947,571,481,390,399,323,271,234,251,303,281,289,520.47682,449.66738,344.3365,355.65249,289.40581,227.19477,174.9916,211.74978,269.43693,252.13094,253.24787,,
626.91608,533,454,337,367,283,226,192,206,260,252,254,522.04906,450.7274,344.95748,356.23896,289.90016,227.00181,176.42662,211.5486,269.69084,252.05957,251.30356,,
627.10271,540,458,350,341,302,234,178,207,269,260,260,524.71089,453.40372,348.01581,357.58275,292.79257,227.55131,176.63152,212.55374,270.55775,252.75503,252.02138,,
627.28934,518,431,361,358,290,205,175,213,271,265,258,527.2989,455.01733,349.50409,358.04412,293.40952,228.93739,176.35722,211.77374,271.78831,251.84242,251.91794,,
627.476,529,448,324,374,286,207,185,207,271,239,239,531.84824,458.1232,351.6038,359.91039,295.80912,230.81547,177.89261,213.30549,273.26415,254.1919,253.44893,,
627.66267,527,434,335,360,280,225,169,207,258,252,253,535.66477,460.59711,353.59841,360.10245,296.46787,232.2128,178.80271,214.0376,274.0663,255.5543,254.35428,,
627.84935,529,470,356,320,310,229,169,228,242,244,264,538.99024,464.0653,355.14317,361.12612,297.98269,232.99753,180.06372,215.33792,274.75483,255.86349,254.37917,,
628.03605,518,480,335,377,284,241,163,192,297,238,240,541.60808,465.7093,356.16003,363.10202,297.97642,233.47335,180.5021,215.20983,275.78899,255.87372,253.37188,,
628.22276,542,462,367,353,268,220,176,200,258,248,240,546.0349,468.42372,359.50556,365.49612,300.47018,234.1825,181.47102,215.18771,276.11785,257.39523,254.90763,,
628.40949,517,448,357,352,304,214,165,210,249,244,239,549.23917,471.19971,361.31471,366.85517,302.22639,234.3897,181.88088,217.42871,276.02437,257.60248,256.6527,,
628.59624,572,490,370,374,306,240,201,225,298,282,275,553.50164,474.86299,364.2157,368.86926,304.02349,234.94584,183.62762,218.91991,276.76942,259.52703,256.99132,,
628.783,572,492,352,376,299,245,195,228,286,259,266,555.95001,477.63458,366.77003,369.6546,304.34497,235.23919,184.01273,218.88,276.47317,259.07038,256.75741,,
628.96977,591,498,377,377,320,272,222,236,280,271,264,561.10714,481.55428,370.24501,372.36356,306.95266,237.25817,186.69284,219.64504,277.37629,260.55118,257.51945,,
629.15656,565,481,367,373,306,222,187,220,284,245,248,563.44882,483.75492,371.87889,373.51442,307.12548,235.21692,185.50506,219.37645,276.54164,259.98301,257.04766,,
629.34336,568,487,357,368,324,235,185,224,291,256,239,567.45106,487.7999,374.64001,374.90684,308.11561,236.31362,184.99857,219.90591,276.54749,260.46855,257.72106,,
629.53018,575,478,379,376,303,255,159,220,272,239,248,572.58205,491.08863,376.41269,375.46277,308.64461,237.61147,185.82527,220.06437,276.61186,259.8371,257.45926,,
629.71702,584,502,383,389,336,244,182,224,275,308,253,577.1342,495.28533,379.10143,377.20875,310.87223,238.22191,186.7783,221.42785,276.59489,260.76935,257.60459,,
629.90387,559,463,367,363,276,210,163,202,253,258,232,580.20494,498.53125,380.78942,377.26612,311.68692,238.99851,186.78346,221.23867,276.49242,259.75057,257.93835,,
630.09073,593,532,399,416,342,260,211,244,314,276,268,584.18614,502.66808,383.37016,379.25196,313.80865,239.85606,187.14893,222.27563,277.07706,258.90401,257.44078,,
630.27761,563,495,371,400,303,243,175,207,301,238,251,588.08342,506.34327,385.73311,382.39292,315.84647,240.51689,188.27319,220.86324,277.83968,260.98804,258.08922,,
630.46451,602,494,431,393,360,239,207,222,286,274,280,593.33835,510.84874,389.40635,382.75902,318.83427,242.12757,189.05398,222.5787,278.13289,261.66131,259.55521,,
630.65142,560,492,366,348,318,206,148,220,244,208,266,596.76287,515.31847,391.44101,384.39947,321.09205,242.64346,189.22315,224.6939,279.22925,263.01934,260.90247,,
630.83834,652,557,406,388,338,269,218,248,306,290,282,600.51854,519.60701,393.3984,386.64923,322.46377,243.87726,190.18764,224.86863,279.66038,262.88926,260.20082,,
631.02528,591,520,406,373,313,239,182,196,286,266,239,603.07309,522.53079,396.09955,387.14777,324.38449,243.35496,189.21765,224.60946,279.53399,262.37172,259.76471,,
631.21223,602,517,383,382,314,256,209,216,265,258,239,608.51963,526.95488,401.27346,390.27928,327.34424,244.90025,190.89667,226.55156,281.20186,264.34889,261.41487,,
631.3992,599,537,410,383,329,253,186,213,273,269,300,611.2037,530.36859,404.11769,391.0323,329.42855,244.71272,189.88045,227.29713,281.25885,263.78745,260.73001,,
631.58619,649,569,440,409,353,275,181,247,293,282,315,617.60898,536.14952,409.25833,394.50749,333.40964,247.40572,192.77694,229.34855,283.03402,265.36479,262.42463,,
631.77319,646,538,408,409,289,271,238,228,281,275,266,622.10822,540.17554,411.62753,396.81248,335.28633,248.32073,193.74724,229.4353,282.6708,265.13198,262.32121,,
631.9602,639,545,414,405,338,246,205,253,277,300,261,626.9272,544.83635,415.79266,398.74656,338.4678,249.18259,194.403,230.29283,283.33731,266.21375,263.61215,,
632.14723,594,520,398,376,306,205,170,200,256,238,232,630.93538,548.82831,420.08401,401.27797,341.48977,250.21421,195.50219,231.41297,284.3707,266.84188,264.54212,,
632.33428,639,562,433,441,363,253,206,245,288,274,264,636.40069,553.14048,423.79263,404.26893,344.3302,251.10949,197.48361,232.49562,285.70708,267.36538,265.216,,
632.52134,625,546,432,397,333,236,176,219,281,270,260,640.92818,556.7672,427.27903,406.16766,346.6161,252.41652,198.64269,233.44447,286.07991,268.79028,266.168,,
632.70841,662,597,456,412,378,255,216,271,290,271,292,646.01472,561.64101,431.67768,407.16535,350.021,253.61523,199.45249,235.15602,285.85769,269.2068,267.32735,,
632.8955,640,570,416,400,337,261,210,254,298,262,254,649.8578,566.13776,432.70269,409.97719,351.55856,255.03846,199.89635,234.42823,287.2355,269.28171,266.91637,,
633.08261,649,569,440,401,335,241,184,217,273,258,236,654.9545,569.70294,437.48255,412.01332,352.37161,255.67884,200.08924,233.96016,287.77585,269.25751,266.55652,,
633.26973,644,553,432,395,350,257,170,207,271,242,270,658.79676,573.27441,441.9084,413.76602,355.4078,256.50653,200.61533,234.46665,287.56862,269.24132,267.17876,,
633.45686,685,575,436,429,367,245,181,240,289,271,255,664.37342,578.40769,446.38327,416.25464,358.56506,258.4452,202.10499,236.43242,289.05246,270.60405,268.63052,,
633.64401,660,608,441,404,351,234,188,240,283,256,268,669.25104,582.98775,449.75025,418.22657,360.21803,258.75841,202.89234,238.22666,289.43772,270.5221,268.5119,,
633.83118,705,606,463,412,381,305,242,271,312,282,294,675.29061,588.05524,454.0525,419.84745,362.63691,260.92727,205.47299,240.08757,290.20759,271.21681,269.17989,,
634.01836,673,568,440,414,361,239,214,223,271,248,246,680.50092,592.5623,457.82269,422.03148,365.00283,260.66167,206.77954,240.72448,290.78077,270.68199,269.4367,,
634.20555,675,600,463,443,394,257,217,250,303,282,271,685.77605,597.53766,461.94439,424.33097,368.55161,261.56758,207.88412,242.06295,291.95739,270.87889,269.31459,,
634.39276,676,588,462,412,365,276,198,232,300,271,272,690.25138,601.36293,465.69345,425.60574,370.57782,262.38651,207.8773,242.36556,291.78122,269.1451,268.45897,,
634.57999,708,606,473,464,401,267,221,255,304,307,276,696.71553,606.21523,470.54402,428.51596,374.62864,264.56857,209.64729,243.4828,292.80391,270.94688,268.24888,,
634.76723,709,591,463,430,373,273,212,230,300,297,266,701.21147,609.72083,474.73696,429.7272,376.39537,265.07769,210.86457,243.85202,292.20666,271.56891,267.98901,,
634.95449,692,625,476,402,394,272,207,250,292,251,271,707.40071,615.28818,480.84944,433.95495,379.98879,267.01409,213.50282,245.33774,294.21038,271.95896,268.49281,,
635.14176,697,607,474,494,374,259,216,244,309,271,259,712.46388,618.87535,484.91776,437.59082,381.69261,268.6028,214.8645,245.27176,296.2311,271.98183,267.67163,,
635.32904,720,623,521,436,384,276,221,226,297,265,258,718.34723,622.43353,490.10492,440.49516,386.23095,269.2362,216.49598,245.5098,296.47827,272.44601,267.90045,,
635.51634,720,630,504,431,408,255,209,268,296,271,296,723.0152,625.61784,493.70776,442.06306,389.25611,268.70031,217.12598,246.30902,296.26703,271.52203,268.68321,,
635.70366,751,658,530,464,408,301,239,256,313,293,284,730.84833,632.20043,498.8325,445.37799,392.92432,271.19439,220.13473,248.45944,298.51437,274.10299,269.2993,,
635.89099,719,627,463,425,378,268,196,238,281,250,246,735.96897,636.41251,503.21665,447.35956,395.17233,272.14059,220.67462,248.02195,299.24807,274.85581,268.43806,,
636.07833,769,655,514,470,396,301,250,239,303,296,293,742.05182,641.57492,508.34397,450.17697,398.11466,274.32848,223.03502,248.84471,300.91232,275.70058,268.14075,,
636.26569,729,629,501,448,382,268,207,248,296,268,268,746.87554,646.1673,512.84602,452.42085,400.41942,275.28331,223.27095,249.29292,300.43888,276.00881,269.55564,,
636.45307,766,669,554,464,419,289,239,276,331,305,300,754.17355,652.68314,518.76604,456.38212,404.66991,277.23289,224.59983,251.29763,302.56538,277.26664,271.67734,,
636.64046,772,658,514,453,398,304,242,253,308,271,261,761.17966,658.4509,523.32916,459.49211,405.93687,280.0554,227.77673,252.02462,303.43482,278.00757,272.605,,
636.82787,786,655,527,449,393,270,227,250,298,294,271,767.8472,663.35613,528.38277,462.87173,409.16535,281.5146,230.5201,253.75175,304.57582,281.59344,273.11475,,
637.01529,751,660,512,451,394,271,207,244,286,272,258,772.39691,666.69028,531.70643,463.26603,409.28166,282.207,230.70273,252.83331,303.83707,279.59424,271.83812,,
637.20272,783,668,529,478,405,271,217,246,303,249,258,778.98954,672.37854,537.29274,468.27566,413.66242,284.80559,233.3406,254.85137,304.74339,280.15375,272.75234,,
637.39017,768,661,520,468,397,277,227,240,303,270,260,784.25534,675.86355,542.06508,471.42323,415.6045,286.29319,234.09767,254.52151,304.90926,280.8274,272.92394,,
637.57764,800,688,622,462,437,282,232,288,303,271,289,791.08455,682.32442,547.98439,474.57408,420.03667,288.66434,236.62833,256.81619,305.6452,282.31287,274.94564,,
637.76512,783,708,536,465,448,288,255,290,292,281,287,796.45018,687.59311,551.4697,477.30904,421.51301,290.73571,238.62649,258.5324,306.87764,282.38529,274.07137,,
637.95262,800,696,540,472,409,272,234,269,303,274,248,803.23874,693.24623,557.10954,480.92052,423.41639,293.18163,240.77073,259.32547,308.22304,283.21409,273.80817,,
638.14013,798,686,554,469,406,255,239,233,293,264,251,808.55544,697.7464,561.74255,483.53435,425.99379,295.86731,241.16188,259.61598,308.96711,282.99024,274.68801,,
638.32766,830,712,578,492,452,317,264,239,322,292,298,815.85945,703.88398,566.92573,487.57299,430.45396,298.07291,242.42284,261.44712,310.69988,284.25831,275.7626,,
638.5152,820,708,577,512,454,289,239,244,306,280,273,821.96346,710.05581,571.71938,491.20028,433.05817,299.38329,242.48132,263.12351,312.15955,284.58205,276.62269,,
638.70275,830,714,592,495,448,328,254,271,319,297,270,829.77191,717.14521,577.22218,495.17013,437.35548,303.15454,246.53709,266.02104,314.73293,286.05574,278.50164,,
638.89032,836,705,573,488,429,305,264,252,309,283,270,835.94793,721.97991,581.45713,498.51754,440.63539,304.22784,248.80996,267.05031,315.72516,286.29951,278.61123,,
639.07791,879,736,612,536,463,335,280,285,340,334,303,841.83972,728.18123,586.69243,502.85481,444.71752,306.02317,250.80425,269.57111,317.2822,287.42248,279.60862,,
639.26551,828,728,585,501,431,283,244,264,304,291,288,847.77941,733.65283,591.17794,505.61351,448.34336,308.0133,252.13858,270.69848,318.69469,287.268,280.50012,,
639.45313,873,734,593,538,447,303,241,266,336,286,265,854.78883,739.39199,596.66355,510.76688,452.96038,310.81413,254.80027,273.35917,320.02415,289.86337,281.65612,,
639.64076,854,734,559,495,451,305,240,271,312,316,271,860.90405,743.87218,601.25833,513.62971,456.41022,312.97982,256.71621,274.76473,320.59997,291.39061,281.69087,,
639.82841,864,770,599,505,481,303,248,290,303,293,300,867.23631,750.40896,606.17808,516.52389,460.81316,316.12569,259.38472,276.97862,322.14261,291.54919,282.98736,,
640.01607,878,774,628,529,447,335,274,298,354,316,298,873.03787,755.93583,610.13328,522.20012,464.19117,318.86242,261.83769,278.47285,324.04372,292.99035,283.40366,,
640.20374,879,788,624,532,460,345,249,280,330,296,268,880.17871,761.83227,616.07124,527.00365,467.17167,321.76917,264.35466,279.05769,325.99139,293.44966,283.39817,,
640.39144,867,742,614,512,460,308,235,264,308,253,292,886.5498,767.78158,621.83717,530.75759,472.04023,324.09846,266.52096,281.46379,327.25484,294.06147,285.23187,,
640.57914,905,791,645,544,486,335,286,301,344,290,302,893.8805,775.04385,627.53972,535.36902,476.68273,327.99422,269.87008,284.2945,329.05568,295.86136,287.1718,,
640.76686,885,757,597,526,463,313,255,277,290,277,280,899.94075,780.88367,631.78672,539.01173,481.13092,331.07837,272.00233,286.26125,330.56887,296.67023,287.94043,,
640.9546,927,798,644,548,501,358,310,285,370,306,284,908.17328,787.82129,637.7226,543.86392,485.51043,335.08288,276.15964,288.10089,332.67981,298.48821,289.86958,,
641.14235,899,771,632,518,463,358,272,266,305,290,284,914.35641,793.01051,641.90532,547.17006,489.30587,336.5527,276.643,289.30363,333.3774,298.83542,290.76955,,
641.33012,913,767,651,551,499,335,271,292,336,304,281,921.63519,799.70835,648.49448,551.56828,494.42746,339.5736,278.60871,291.84262,336.01099,301.03611,292.85499,,
641.5179,924,804,642,543,479,364,258,287,323,232,291,929.51238,805.65886,653.42132,554.7997,498.73578,343.30089,281.23267,293.50762,337.48921,301.93943,293.44551,,
641.7057,954,836,687,623,556,351,312,328,366,361,324,938.3174,811.75839,659.05053,558.14802,502.34137,345.72645,282.89209,295.1579,338.36053,303.3637,294.29588,,
641.89351,931,801,648,541,472,333,267,275,345,317,282,944.97846,817.02131,663.44255,561.09325,505.50055,347.68948,284.18571,296.34542,338.69558,304.47666,294.96251,,
642.08134,965,866,678,565,527,355,302,332,368,314,304,952.82706,823.08585,668.72296,565.67981,509.42325,350.0489,286.27978,298.41129,339.97742,304.47211,295.26306,,
642.26918,954,826,669,585,492,346,285,303,364,289,276,960.08483,828.78489,673.04163,569.87363,512.85153,352.27067,288.50821,299.49562,342.29863,305.90002,295.18127,,
642.45703,988,848,718,594,558,367,303,315,362,330,342,967.97332,835.07785,680.55827,573.0858,518.0176,354.82641,290.8108,303.30911,343.19756,307.13762,297.25301,,
642.64491,951,839,672,568,548,336,273,314,335,302,306,974.80679,841.70135,685.21856,576.42862,523.56679,356.92643,293.14075,306.59988,344.32612,307.92881,299.03536,,
642.83279,997,865,699,597,545,342,316,321,351,320,301,982.44803,848.51002,689.67163,580.15724,527.70101,358.37772,296.29423,309.26839,345.77868,308.83651,299.14936,,
643.0207,975,832,684,587,500,345,296,302,334,297,278,988.98768,853.47226,693.99837,582.91905,530.46348,358.06433,296.74767,310.45324,345.89248,308.63349,298.7563,,
643.20861,994,868,701,578,548,362,346,309,335,313,296,997.47707,860.32205,700.65748,587.34023,536.20186,361.14736,300.53034,312.21867,348.02088,310.43876,300.63804,,
643.39655,985,841,700,572,524,353,269,303,325,300,290,1004.29428,865.82815,706.08693,591.57614,541.59952,362.6944,302.18614,314.47215,349.19828,310.84974,301.28567,,
643.58449,1013,881,721,594,541,384,304,322,335,306,303,1012.33301,871.95667,712.73678,595.78883,546.79993,366.07774,304.90138,316.66142,350.76717,312.41369,302.45897,,
643.77245,1028,868,710,592,552,380,321,299,346,309,297,1020.63349,877.76403,718.38619,599.92777,551.23523,368.91298,308.04442,319.23486,352.08992,313.98756,303.43818,,
643.96043,1030,882,736,618,543,399,329,330,350,346,303,1029.30997,884.36877,724.74428,605.30673,556.52015,370.2548,312.33872,322.29373,354.24424,316.45238,305.32929,,
644.14842,1029,893,714,593,549,368,310,303,360,294,300,1037.40968,891.24392,731.03026,609.38166,560.82598,372.27154,314.64321,324.27874,355.16496,316.70212,306.64468,,
644.33643,1068,925,733,644,566,400,330,321,388,326,332,1046.68511,897.60035,737.28044,614.83726,565.20241,375.01957,317.11946,326.45741,357.10315,317.31613,307.1261,,
644.52445,1049,893,734,617,559,370,300,314,351,330,297,1054.7341,903.63039,742.11928,618.3835,569.91669,377.35493,319.48316,328.09855,357.57387,319.44529,307.88999,,
644.71249,1074,911,766,619,578,370,315,335,357,305,315,1064.11171,911.42189,748.77764,622.71447,575.61487,380.07355,322.53976,331.19298,358.55478,321.81177,310.01805,,
644.90054,1054,916,751,595,608,381,319,351,344,332,330,1071.31237,917.75728,753.78926,626.84745,578.71603,382.54323,325.43292,333.45775,360.87889,323.83053,311.2586,,
645.08861,1083,924,744,623,576,379,319,336,366,335,310,1079.5151,925.18166,760.06893,632.28329,582.71059,385.99588,327.6732,335.27566,363.84183,325.899,311.81782,,
645.27669,1088,911,778,629,591,372,309,313,368,320,298,1084.35885,928.97533,764.49306,635.34948,586.07722,387.67549,328.79961,337.08967,364.77198,326.47245,313.62507,,
645.46479,1105,930,762,623,570,366,304,323,345,309,297,1090.8752,935.13325,769.64941,639.60001,590.96312,390.14569,331.56941,340.09919,366.64269,327.64278,315.4688,,
645.6529,1086,921,751,626,590,366,284,326,342,319,303,1096.19436,939.227,772.85606,642.63829,593.45965,390.97925,332.06195,341.04297,365.91569,327.19575,315.18809,,
645.84103,1120,955,798,660,597,422,367,358,383,344,315,1102.86795,944.45136,777.11556,646.34153,597.1694,393.41885,334.96351,342.46807,367.97739,328.02018,315.94829,,
646.02917,1125,946,774,642,591,394,355,347,356,322,310,1108.60445,949.22854,781.73293,649.71275,600.17316,395.81157,337.72892,343.61272,368.42751,329.07058,317.82015,,
646.21733,1117,964,794,674,600,388,342,360,376,335,325,1114.26406,953.32259,786.76455,654.01327,603.63644,397.68131,338.70765,344.66377,369.17871,330.28578,318.92627,,
646.40551,1103,957,783,669,620,399,365,362,390,344,328,1120.21928,958.2651,791.37942,657.62966,606.17176,401.11232,339.6486,345.19371,369.15078,328.56556,319.9253,,
646.59369,1142,992,809,687,639,415,360,376,399,336,322,1128.52436,964.98643,797.42597,664.63141,611.91757,404.93266,343.78011,348.8079,371.74529,332.48305,325.22268,,
646.7819,1135,975,794,661,627,400,341,350,386,350,334,1135.91866,970.5437,802.85474,668.42873,615.74507,407.61675,346.03291,350.39,372.92836,335.31738,326.17699,,
646.97011,1140,979,815,665,637,408,344,378,349,319,351,1144.28798,978.15894,808.94319,673.46074,620.67408,411.67433,349.24404,354.04349,376.01667,337.15975,328.64624,,
647.15835,1151,985,815,693,620,399,345,336,396,322,309,1151.32649,983.80602,814.12775,678.63818,623.80031,414.06229,350.58667,355.22773,377.89461,337.3974,328.34626,,
647.34659,1172,997,834,693,622,419,370,361,377,346,318,1159.55007,990.76396,820.99556,684.74321,629.43881,417.65385,353.77839,356.99932,379.9062,339.76169,331.3456,,
647.53486,1162,980,846,687,632,424,321,367,374,335,335,1164.96267,996.08385,825.36923,688.89964,634.41258,419.43534,354.79057,359.30651,380.91019,340.40993,332.67533,,
647.72314,1199,1033,868,718,676,466,420,383,409,362,354,1172.10612,1002.68541,830.38384,693.8679,638.17957,421.24515,356.9169,361.85918,382.62642,341.33117,332.87411,,
647.91143,1167,996,815,686,623,414,338,367,370,321,326,1177.60579,1007.15235,834.59089,698.25219,640.48006,422.4645,358.42434,363.27244,383.56155,341.79904,332.82138,,
648.09974,1217,1039,857,716,638,439,387,350,385,356,346,1183.72939,1012.82092,839.59009,702.10036,644.01504,424.13196,360.92414,364.6349,383.91039,342.40927,333.13522,,
648.28806,1188,1026,833,704,640,417,369,377,384,335,325,1188.73046,1017.33675,843.60176,705.46175,647.16931,424.63782,361.02054,365.70296,383.89588,342.94935,333.39004,,
648.4764,1183,1026,847,698,645,412,367,342,381,318,329,1195.03468,1022.86505,848.81569,709.71583,650.46112,427.27989,362.13513,367.97649,384.54887,343.32218,333.80378,,
648.66475,1216,1028,864,705,649,500,346,354,384,340,332,1201.25303,1027.85531,853.00886,713.65664,653.56463,429.88437,364.45668,369.02313,385.24191,343.82672,333.91601,,
648.85312,1184,1007,840,717,648,431,378,368,390,380,340,1207.99257,1033.1253,858.56751,718.46687,656.51487,433.23328,367.73669,371.01386,386.47947,345.95563,334.25389,,
649.0415,1182,1024,844,709,657,420,367,360,387,368,346,1213.83873,1038.1077,863.01488,721.67467,659.79007,435.7296,370.12177,372.67775,387.92075,345.60531,334.35385,,
649.2299,1199,1029,849,732,645,431,365,381,415,351,341,1221.02467,1044.38137,867.14918,726.62507,662.92607,438.30232,372.08548,373.86224,389.82869,345.76654,335.19153,,
649.41832,1152,998,814,712,637,409,342,349,387,320,323,1227.49032,1049.48051,871.94079,731.47349,666.25867,441.05232,373.48499,374.87542,390.62969,347.24037,335.5302,,
649.60674,1231,1048,895,742,689,446,369,386,392,355,354,1234.74199,1055.47752,877.61562,735.74831,670.04621,442.91409,375.34984,376.74631,391.10988,348.12,336.49519,,
649.79519,1192,1024,848,700,669,424,363,386,344,335,349,1241.80061,1061.60081,882.90879,739.06023,675.29237,445.98054,377.86387,379.90799,392.10929,349.65277,338.96976,,
649.98365,1290,1100,898,758,687,445,380,367,383,336,329,1249.53317,1067.93902,887.53406,743.76294,678.66973,449.13538,380.52925,381.95132,394.30547,351.2736,339.7479,,
650.17212,1275,1070,907,752,658,443,372,359,384,346,338,1257.9193,1073.76323,893.68126,748.15996,683.31536,451.51612,382.63664,383.8441,395.54103,352.06286,340.52712,,
650.36061,1299,1107,927,779,714,477,420,405,416,388,393,1266.31534,1079.65091,899.79626,752.31693,686.88219,453.21987,384.0243,385.49877,396.04174,352.47134,340.43054,,
650.54911,1300,1113,941,784,714,472,399,398,403,378,367,1273.50164,1084.70357,904.10895,755.91787,690.65333,454.46934,383.61809,386.76441,395.95884,352.43417,340.36515,,
650.73763,1308,1103,920,767,700,482,367,386,393,356,328,1282.07993,1091.51163,910.67662,760.74398,695.05504,457.5871,386.86534,389.09953,397.4473,354.27172,341.15176,,
650.92616,1327,1119,925,767,719,483,426,414,411,364,347,1289.97264,1097.23808,915.23482,764.48108,698.7963,459.71263,389.69709,391.14696,397.94938,354.92079,341.58139,,
651.11471,1332,1127,930,783,732,463,416,431,426,388,360,1297.62008,1103.86922,920.85076,769.4873,703.12696,461.89352,392.53528,393.91966,399.67616,356.65028,342.82215,,
651.30328,1283,1101,928,753,704,437,360,370,381,323,240,1303.79936,1108.94281,925.35987,773.90851,707.22762,464.00045,395.58015,396.59863,401.33226,357.91791,343.70647,,
651.49185,1285,1103,908,783,682,453,373,382,409,314,335,1311.21538,1114.8366,930.37561,778.38615,711.25486,466.69358,398.08571,399.11772,402.46348,358.24768,343.97896,,
651.68045,1278,1096,909,762,691,422,369,364,367,340,299,1317.60706,1120.32673,934.20848,781.62606,714.63127,468.24093,400.61612,400.80217,403.86011,359.56973,346.87764,,
651.86906,1306,1123,926,776,712,465,414,420,405,367,360,1325.12553,1125.9274,940.0851,786.23239,719.06458,471.19738,404.02691,404.30581,405.52436,361.37353,348.38551,,
652.05768,1295,1097,916,753,689,443,367,416,402,334,314,1331.57313,1131.12664,945.1947,790.21554,722.91076,472.71608,406.1586,405.85957,405.6081,361.64964,348.04512,,
652.24632,1350,1141,954,791,701,470,406,399,410,363,335,1339.42456,1137.34438,950.33681,794.38123,727.46551,474.89986,409.52565,408.91042,406.87667,363.38651,348.89578,,
652.43497,1336,1123,959,793,741,471,411,398,401,373,370,1346.87259,1142.39641,956.14086,798.41353,731.18684,477.49383,411.2601,411.8937,407.87563,364.3348,349.54839,,
652.62364,1370,1161,972,805,746,492,414,418,409,366,356,1355.46406,1148.97277,962.5888,803.20644,736.43206,481.4375,416.05253,415.01767,410.12718,366.47827,351.1588,,
652.81233,1368,1156,961,815,752,495,437,428,429,377,360,1362.09151,1153.90423,967.25149,806.9446,739.66951,483.48085,418.18116,417.06317,411.36889,366.99354,351.84403,,
653.00103,1398,1167,994,825,741,530,448,434,431,366,355,1370.93069,1160.22773,973.10551,811.37414,743.38515,486.62282,421.45652,419.36988,412.47179,368.42907,352.87483,,
653.18974,1383,1172,976,816,751,494,451,413,416,376,362,1378.58393,1166.03289,978.02118,815.64491,747.24114,488.72301,424.56914,421.42844,413.54758,368.27142,353.29235,,
653.37847,1404,1178,1001,824,770,495,432,431,424,374,367,1386.24653,1172.20159,983.95724,819.50445,751.33294,491.20551,428.10204,423.82022,415.02394,368.71542,354.01583,,
653.56721,1391,1182,982,821,768,493,410,431,408,357,366,1395.52651,1178.55043,990.20408,823.28952,755.63465,495.5616,430.50878,425.52588,416.03157,370.39444,354.95078,,
653.75597,1422,1205,997,852,762,493,421,414,409,390,372,1403.42603,1183.91019,995.80928,827.37197,759.44334,498.33672,433.75123,426.93277,417.83535,371.74998,355.88002,,
653.94475,1421,1199,1028,849,785,527,459,447,424,408,384,1410.30719,1188.8605,1000.62907,831.35822,762.93454,500.18005,436.65709,427.39217,419.69229,373.18834,355.79821,,
654.13354,1432,1211,1009,829,773,495,453,448,428,372,370,1417.14433,1193.88199,1005.70756,835.80819,767.07457,503.14195,439.93019,429.34236,421.64787,375.0116,357.31038,,
654.32234,1435,1199,1013,850,777,525,454,442,447,365,367,1420.92707,1196.96342,1007.71811,838.62495,770.18057,504.78117,441.43695,430.00718,422.92331,375.37235,357.8202,,
654.51116,1423,1199,1013,857,760,495,437,416,416,367,330,1426.8915,1201.61832,1012.47041,842.61068,773.17368,507.03746,443.75922,431.92885,423.98877,376.20707,358.01119,,
654.7,1428,1198,1028,833,794,486,430,440,392,367,366,1430.25097,1203.85612,1015.06154,844.02075,775.74004,507.36429,444.42653,432.282,422.96285,375.26739,358.06181,,
654.88885,1409,1198,1010,845,766,500,435,419,424,380,351,1437.36997,1208.42767,1019.94165,848.05801,779.16872,509.31328,446.57983,433.02877,423.83089,376.3273,358.55159,,
655.07771,1423,1210,991,842,778,512,450,431,424,380,376,1443.27471,1212.14601,1024.2485,851.17328,781.3425,509.97882,447.53251,432.71771,424.08689,378.23989,359.01386,,
655.26659,1443,1226,1035,858,788,523,488,444,437,405,380,1449.57895,1216.1436,1028.31788,854.63052,784.64255,511.65317,449.26227,433.42891,424.87975,378.6259,360.17729,,
655.45548,1427,1196,1002,847,771,516,449,440,424,368,362,1457.2109,1221.76228,1033.89531,858.90029,788.65114,515.22195,453.234,435.28762,426.23837,380.70439,362.51752,,
655.64439,1455,1219,1044,863,783,524,456,440,430,386,367,1464.87497,1226.81472,1039.15561,863.19081,792.7881,518.10664,456.37226,436.92371,427.62774,382.42617,364.02285,,
655.83332,1455,1201,1026,849,766,514,444,428,405,360,352,1472.2714,1232.19801,1043.89642,867.33568,796.73986,521.17364,459.8711,439.23178,428.89017,383.0374,365.35783,,
656.02226,1489,1243,1050,862,790,525,462,433,420,384,366,1480.2536,1237.05989,1047.79338,871.20508,800.7257,523.02231,462.7703,441.00242,429.96736,384.00924,366.60266,,
656.21121,1487,1252,1059,879,815,521,482,456,452,412,382,1485.85352,1240.3271,1051.33516,873.89544,803.19024,523.37,463.25663,439.88455,428.80917,382.79952,363.24757,,
656.40018,1519,1251,1087,897,832,546,466,463,436,398,300,1492.21595,1244.13584,1054.3032,877.49815,805.60568,525.24544,464.73438,440.85282,429.13905,382.55582,363.20533,,
656.58917,1487,1250,1038,850,811,504,436,431,384,348,360,1497.17629,1247.5813,1056.59589,880.15239,807.8166,525.85427,465.47695,441.20413,428.11475,381.99006,361.66853,,
656.77817,1536,1269,1061,896,815,540,478,454,484,397,382,1503.21837,1251.43772,1060.08553,883.48533,810.40144,527.3261,467.5177,442.3813,428.96573,383.03977,361.99221,,
656.96718,1514,1245,1080,892,789,537,463,424,431,370,347,1508.09334,1254.20019,1062.86027,885.18816,812.46101,528.03108,467.98847,443.58321,429.44819,382.38076,361.14644,,
657.15621,1519,1263,1073,890,824,528,467,428,436,384,368,1514.63702,1257.56819,1066.54244,888.15939,815.04156,529.50146,470.2304,445.03472,430.19794,382.97628,361.35734,,
657.34526,1519,1263,1078,896,820,527,464,438,430,370,356,1519.99921,1260.06711,1069.3688,890.63086,817.61868,531.07907,470.87966,445.83975,430.68516,383.25663,361.93024,,
657.53432,1557,1282,1087,900,838,542,476,460,425,382,359,1526.59426,1264.51057,1073.02503,893.76192,819.25604,533.13826,472.79986,447.51904,431.59557,383.52914,362.56472,,
657.72339,1536,1278,1088,906,836,529,488,431,443,384,367,1532.42137,1267.56427,1075.59197,896.86038,821.42656,533.97595,475.16481,449.03151,432.49695,383.78835,362.96274,,
657.91248,1550,1284,1096,899,832,541,480,464,444,420,367,1538.99402,1271.48062,1079.33117,900.82641,824.78935,536.64504,477.40248,451.01851,433.87898,384.57041,363.88686,,
658.10159,1542,1269,1071,903,826,517,463,412,426,381,358,1544.41113,1274.303,1082.01832,903.80135,826.98632,538.09221,478.98969,451.64597,433.79411,383.87026,364.26012,,
658.29071,1514,1258,1072,908,818,543,476,436,443,353,350,1551.35462,1277.97391,1085.1709,907.59598,830.8568,540.54744,481.43442,453.19917,435.31287,384.95422,365.90956,,
658.47984,1518,1259,1061,906,828,532,477,455,420,404,355,1556.87384,1281.02528,1087.5919,910.07665,833.87322,542.13568,482.27278,454.66334,434.88004,385.11602,367.01769,,
658.66899,1536,1278,1080,895,844,549,476,478,410,396,398,1563.00136,1284.84364,1090.38916,912.9315,835.65999,543.80532,482.76439,455.42218,434.79898,384.78672,367.89998,,
658.85816,1541,1270,1064,895,802,516,456,447,433,366,340,1569.57252,1289.44427,1094.36472,916.62987,838.89789,546.42801,484.97488,456.81132,436.07654,386.87182,369.22367,,
659.04734,1583,1291,1120,925,815,529,485,453,428,378,350,1575.78138,1293.00476,1098.01801,920.20003,841.70722,548.2242,487.20041,458.56658,436.92342,388.10435,370.39376,,
659.23653,1577,1274,1101,911,866,538,478,441,438,393,392,1582.29937,1297.02913,1101.78502,923.93887,845.30318,551.16741,489.26997,460.88718,438.90593,388.75098,371.93348,,
659.42574,1620,1322,1122,952,862,580,527,495,457,436,399,1587.83155,1300.95728,1104.58595,927.61997,847.74194,552.85769,490.65689,462.72294,439.58595,389.40538,372.70221,,
659.61497,1588,1316,1086,917,849,544,494,463,425,367,366,1592.20512,1303.46366,1107.40255,929.80856,850.64577,553.17942,490.72144,463.94709,438.2798,389.04186,372.92317,,
659.80421,1617,1314,1109,941,858,585,527,487,442,337,374,1596.57793,1306.60164,1110.49274,932.78043,853.12505,554.46828,492.50959,464.97665,438.80758,389.94645,373.90478,,
659.99347,1633,1342,1138,960,875,591,558,501,457,431,414,1600.48128,1309.89132,1112.36026,935.4734,856.06487,556.50069,494.01413,467.58497,439.6611,391.0188,375.6479,,
660.18274,1592,1294,1103,943,854,524,466,458,426,370,358,1604.83295,1313.31713,1115.36399,938.64232,859.36039,559.34288,496.83495,470.14442,441.45822,393.56232,378.14492,,
660.37202,1597,1298,1088,925,832,556,451,449,409,356,344,1608.11196,1314.82455,1117.45333,940.64001,861.45571,561.7366,498.28972,472.3394,442.51224,394.18308,379.79259,,
660.56132,1627,1297,1103,925,853,553,491,450,426,399,364,1612.43034,1316.54717,1119.85775,943.20406,863.78967,564.26565,500.74638,474.46447,443.81184,395.60477,381.60486,,
660.75064,1616,1320,1133,948,866,576,504,489,449,417,382,1614.99531,1317.4579,1121.21074,943.99597,865.09776,565.49204,501.39249,475.16508,442.64654,395.5293,381.96183,,
660.93997,1647,1347,1142,956,892,602,529,533,484,431,414,1618.85189,1319.82061,1123.73911,946.52774,866.57908,568.11613,503.82715,478.12306,443.65356,395.80881,383.34268,,
661.12932,1615,1326,1137,952,868,564,502,474,465,383,390,1622.66461,1321.94756,1126.35491,949.73032,868.73381,569.97907,506.69553,479.67082,445.11796,397.94385,385.11017,,
661.31868,1644,1322,1154,960,876,568,515,469,469,413,402,1626.96752,1324.25212,1129.78086,952.80869,871.74493,572.5252,508.2842,482.46366,445.64466,399.62221,384.95576,,
661.50805,1624,1326,1122,945,879,575,512,494,440,383,400,1629.92473,1326.42549,1131.2482,954.05246,874.10145,573.15042,508.9313,484.63367,445.03114,399.18798,386.9161,,
661.69744,1640,1327,1124,970,866,574,513,493,447,404,394,1633.87771,1329.25357,1132.71243,956.25169,875.80099,574.73651,511.53999,486.85594,447.65288,400.6416,388.28975,,
661.88685,1628,1342,1120,959,847,569,482,466,444,386,374,1636.65592,1330.0971,1134.72459,958.15468,877.02086,576.0559,512.99248,487.5491,447.91957,401.1396,388.61693,,
662.07627,1646,1348,1148,975,879,561,537,482,441,406,397,1639.62776,1331.91051,1136.97373,960.10012,879.40035,577.26415,514.26415,488.71728,448.92978,402.18535,389.95214,,
662.26571,1630,1312,1128,962,918,561,494,469,430,400,384,1641.21199,1333.22252,1138.61659,961.95744,880.86514,577.74162,514.74914,489.4203,449.06141,401.64688,390.28719,,
662.45516,1647,1348,1148,971,911,607,497,484,449,413,398,1645.2331,1335.35783,1141.29799,964.55951,883.41962,579.7072,516.54529,491.48733,450.16875,401.87753,391.33763,,
662.64462,1647,1324,1137,949,857,587,512,475,436,384,376,1648.12175,1336.62776,1143.02222,966.30857,885.02569,580.64817,518.36834,491.47202,450.43573,403.7064,391.77103,,
662.8341,1668,1362,1151,970,902,598,542,501,473,447,403,1650.83984,1338.05402,1145.13094,967.98627,886.69123,581.75685,520.26626,493.04485,451.31573,404.96172,392.71032,,
663.0236,1631,1336,1158,945,862,564,495,489,427,388,366,1653.83997,1339.07393,1146.12007,969.47251,888.46483,581.54144,521.09685,493.10542,451.6676,404.68799,393.42615,,
663.21311,1658,1357,1162,982,886,589,522,494,477,399,383,1654.73395,1339.54873,1146.82473,971.13269,889.89164,582.25899,521.34538,492.90446,452.0263,403.47741,392.57143,,
663.40264,1663,1353,1161,1003,923,585,542,502,468,453,400,1656.2955,1339.70174,1147.90682,972.67089,891.42298,583.12,522.64063,493.90172,452.0807,404.95429,392.57673,,
663.59218,1641,1316,1151,975,900,588,523,518,436,398,404,1657.384,1340.56966,1148.72951,973.32458,893.29228,584.38839,523.77064,495.40443,451.12648,406.13781,393.78339,,
663.78174,1657,1359,1140,955,904,585,518,515,454,392,402,1658.52246,1340.97141,1147.94419,973.81338,893.51039,583.9311,523.90888,496.02057,450.97044,405.83918,392.1788,,
663.97131,1642,1327,1133,964,879,575,525,495,436,402,390,1660.28374,1341.53295,1149.22241,975.56196,893.39183,583.80516,524.65068,496.01142,451.11629,405.24551,390.72842,,
664.16089,1653,1320,1160,970,896,586,531,484,449,401,376,1661.81343,1341.2242,1150.00129,976.69105,895.08134,583.53372,525.10234,495.26041,451.088,405.55054,391.2692,,
664.35049,1689,1359,1173,994,913,622,570,530,492,436,431,1664.81839,1342.91674,1151.69662,979.36803,897.05649,585.12247,527.27976,497.181,452.34467,407.27557,392.78575,,
664.54011,1659,1329,1141,975,898,603,515,520,463,408,394,1665.95744,1343.51516,1151.58928,980.14281,897.97357,584.73587,527.1408,497.23593,451.65376,406.41731,391.84931,,
664.72974,1674,1324,1152,975,888,588,536,476,452,402,394,1668.61279,1344.73218,1152.57231,982.10179,899.9005,586.5997,529.47702,498.92109,452.29967,405.41036,392.24105,,
664.91939,1666,1325,1148,968,879,568,532,487,431,376,374,1670.99234,1346.35706,1154.25668,984.23233,901.82129,587.76249,532.79979,500.73651,452.85483,406.52957,393.10859,,
665.10905,1672,1350,1135,991,895,571,542,494,440,402,384,1671.64092,1346.12551,1154.33894,985.92691,902.2969,586.68242,532.22227,500.37774,452.24931,405.12716,392.05984,,
665.29873,1648,1357,1156,983,891,569,512,495,434,390,382,1673.39138,1346.19448,1154.35557,986.82917,902.96251,587.43387,531.84623,500.37557,451.2714,403.33767,391.41,,
665.48842,1694,1358,1168,1027,900,600,559,532,492,412,417,1675.86577,1346.14863,1154.65299,987.94793,904.09454,587.83236,533.52103,500.88903,451.25326,403.57698,391.38526,,
665.67813,1675,1342,1145,977,911,559,514,456,431,424,398,1677.33357,1346.17923,1155.19654,988.82172,905.11126,588.0868,534.32889,501.54608,450.66128,404.4404,391.0829,,
665.86785,1664,1354,1144,963,911,574,516,524,445,392,404,1679.37342,1347.604,1156.00843,989.69863,906.87214,589.48855,537.04997,503.70373,451.40189,404.72989,391.73578,,
666.05758,1670,1342,1140,980,899,572,543,492,463,395,382,1680.65562,1347.98489,1156.80135,991.05373,907.27468,589.99554,538.39093,503.82761,452.10798,404.99708,391.18279,,
666.24734,1674,1338,1151,989,898,591,542,477,445,414,358,1682.21976,1347.30239,1157.44017,992.17072,908.17339,590.07762,538.40164,503.46015,451.97764,405.19375,391.06598,,
666.4371,1681,1327,1167,997,922,591,512,493,432,396,397,1682.6532,1347.31029,1157.43355,992.37555,909.08261,589.92661,538.10485,503.95074,451.23801,404.11264,391.0282,,
666.62688,1694,1364,1165,1002,908,597,532,512,462,399,397,1683.73845,1347.91146,1156.9041,993.64905,909.38216,590.21948,538.47623,505.09312,452.11185,404.44721,391.56221,,
666.81668,1685,1343,1146,996,897,590,539,494,441,390,380,1684.40087,1347.52767,1156.22592,993.80838,908.6498,589.88996,537.73567,504.3169,451.39152,403.39446,390.81463,,
667.00649,1727,1354,1167,1002,921,612,562,515,464,428,399,1685.24272,1348.18173,1156.75943,994.35271,908.89048,589.60101,539.8932,504.47544,451.25095,403.1061,391.00621,,
667.19632,1679,1340,1136,976,900,574,528,488,422,414,373,1685.74482,1347.2388,1156.42724,995.05701,910.4678,588.30898,538.46855,503.44959,449.81075,402.38918,391.02147,,
667.38616,1690,1362,1165,1007,930,591,537,527,466,356,398,1685.6657,1347.08546,1155.92836,995.26583,911.03946,588.12032,535.82763,501.52042,449.10918,401.63467,390.89135,,
667.57602,1704,1361,1158,1000,925,594,524,505,448,409,378,1686.40236,1346.42483,1155.30558,994.98143,910.60545,588.35215,535.19914,499.97993,447.94695,400.3492,390.54058,,
667.76589,1679,1356,1167,1007,913,612,538,498,446,426,370,1688.53023,1347.58418,1155.69043,996.0034,911.96007,589.67184,536.18354,501.14779,448.95121,402.19835,391.25779,,
667.95578,1711,1356,1172,1003,911,604,569,523,462,429,410,1687.8098,1347.36504,1156.19853,994.90195,911.55566,588.67127,534.76418,500.56502,447.63564,400.46098,390.15257,,
668.14568,1677,1359,1138,1001,911,584,533,497,448,386,381,1688.35949,1348.23131,1156.91474,995.33992,911.91805,589.38252,534.11538,500.55208,448.91411,400.07615,389.97064,,
668.3356,1695,1345,1154,1015,911,581,532,500,468,385,380,1688.66661,1348.14247,1157.20207,996.37718,912.45949,588.73379,533.35122,499.13654,448.68563,401.27407,388.48787,,
668.52553,1684,1343,1185,1015,918,600,538,495,462,400,416,1688.62581,1347.5556,1157.37774,996.51061,913.54912,589.5409,533.66296,499.84863,448.22929,402.07998,389.06825,,
668.71548,1694,1350,1168,997,934,594,540,517,444,418,418,1688.3864,1347.75245,1157.15735,996.17862,914.31444,589.52712,533.00686,500.3271,448.10528,401.87021,388.74029,,
668.90544,1688,1355,1164,998,921,602,538,527,457,401,392,1687.89055,1347.5857,1156.39165,996.10132,913.7476,589.19194,532.5428,499.93714,447.97792,401.82887,387.71587,,
669.09542,1674,1328,1150,981,906,578,526,488,431,398,365,1687.08956,1346.6684,1156.60898,995.87744,913.82527,589.12755,531.68405,499.23101,447.32775,401.89112,386.90722,,
669.28541,1700,1356,1170,1006,926,607,574,518,463,418,414,1687.37999,1346.53131,1157.73395,996.50409,914.38735,590.61132,532.68869,500.05767,448.805,403.14007,387.97792,,
669.47542,1671,1329,1149,984,896,569,525,484,431,383,374,1686.7047,1345.61759,1157.43598,996.69057,914.63263,591.35783,531.38583,500.2343,448.40744,403.59793,388.15926,,
669.66544,1693,1340,1150,994,909,600,526,492,447,399,398,1686.719,1344.84688,1157.85612,997.11758,914.2369,592.06036,531.5679,499.71909,449.10716,404.33926,388.39534,,
669.85548,1708,1352,1166,989,936,608,568,522,454,425,409,1686.63349,1342.81658,1157.72736,996.33129,913.49079,591.49195,531.32284,497.68396,448.15611,403.0991,387.57648,,
670.04553,1666,1338,1144,991,901,570,538,495,443,420,374,1686.20497,1342.27498,1157.27434,996.88736,913.27563,591.1429,532.37629,498.54556,448.8573,403.60201,387.46694,,
670.2356,1660,1331,1137,973,895,570,495,466,417,389,361,1684.45052,1341.71521,1156.86632,996.75372,912.94799,590.63707,531.81152,497.9549,448.06297,402.04025,386.68509,,
670.42568,1674,1344,1151,996,904,593,528,491,454,383,381,1684.48198,1341.28449,1157.27437,997.84978,912.64341,591.02754,533.06177,499.40329,449.37034,402.71311,387.22266,,
670.61578,1680,1320,1148,1001,901,581,481,485,447,420,380,1683.84654,1339.69707,1156.30537,997.25294,912.80138,590.00186,532.67583,498.02788,447.74443,403.2495,386.94267,,
670.80589,1667,1330,1140,976,921,571,490,495,432,372,399,1682.69388,1338.85331,1155.81091,996.63807,913.15192,589.96349,532.77327,498.94473,448.22675,403.66953,387.90845,,
670.99602,1679,1359,1161,986,909,584,542,502,468,400,399,1681.56259,1338.5551,1155.0906,996.79261,913.05278,589.37736,533.4784,498.83927,448.8094,404.40189,387.43795,,
671.18616,1693,1337,1149,997,908,597,550,495,464,413,398,1680.25104,1336.63786,1154.40692,997.05953,913.08725,589.50615,534.14048,497.18449,449.9783,405.83861,386.40169,,
671.37632,1682,1311,1164,981,911,579,527,468,413,383,373,1679.46214,1334.73651,1154.75916,997.18476,913.78835,589.15611,533.97696,496.64078,450.01796,406.50334,386.97898,,
671.56649,1678,1356,1161,1005,920,592,527,500,461,409,394,1678.67247,1334.49211,1154.09309,997.40753,914.82915,588.98149,534.10553,497.56171,450.69288,407.40166,387.81778,,
671.75668,1684,1327,1144,1008,913,578,474,478,437,402,384,1677.48384,1333.23074,1153.51768,997.58651,914.85735,589.56167,534.33047,497.95767,450.92654,407.70803,388.18222,,
671.94688,1673,1341,1149,988,906,608,546,499,468,411,375,1677.8012,1332.05712,1153.43838,997.26345,915.05477,590.64278,535.33142,498.32186,451.3049,408.92299,389.59499,,
672.1371,1705,1348,1173,1012,938,621,591,545,463,429,393,1675.97701,1329.98686,1152.02646,996.65191,914.50207,589.04023,535.25711,497.65109,449.73406,409.40402,388.74933,,
672.32733,1674,1340,1167,1005,918,592,539,526,467,421,377,1675.0169,1328.82589,1152.11058,997.25518,915.29708,589.25228,535.45519,498.89583,450.9347,409.23908,389.3283,,
672.51758,1640,1313,1145,976,897,565,512,456,431,379,364,1674.11622,1327.23955,1150.77796,996.84256,915.09676,588.77254,534.66926,497.9414,449.97669,408.05237,388.19756,,
672.70784,1692,1331,1146,1018,911,608,543,498,463,446,385,1673.44302,1325.50302,1149.68178,996.15767,914.47775,588.19679,534.50225,497.45503,449.23582,408.94362,386.95826,,
672.89812,1670,1312,1142,1001,902,573,541,480,424,414,365,1673.11373,1323.98285,1149.3406,995.43838,913.79345,588.35305,535.55073,498.04741,448.70409,410.27414,386.81932,,
673.08842,1679,1340,1156,1004,934,616,569,537,470,421,428,1671.62303,1323.09821,1147.74249,995.47428,913.81726,588.44608,536.70076,498.31591,449.00926,409.93576,387.19178,,
673.27872,1662,1316,1150,1009,894,570,515,485,448,383,366,1670.85275,1321.74172,1146.12388,996.1658,913.46794,588.4372,536.55213,497.7079,449.89742,409.18752,385.86047,,
673.46905,1677,1328,1150,1002,906,593,539,491,454,408,396,1669.64649,1319.74901,1145.8019,996.34424,913.31681,588.70901,536.80269,496.98202,449.49016,409.06827,386.74887,,
673.65939,1663,1304,1158,997,924,593,538,501,434,412,412,1668.27704,1318.27964,1144.59234,995.90702,913.65954,588.55374,536.78122,497.00607,449.08773,408.72432,387.2415,,
673.84974,1676,1313,1150,1004,917,594,559,499,463,408,392,1666.91993,1317.43962,1143.31101,996.02761,913.19572,589.00415,536.89221,498.52495,448.9132,408.53659,386.77753,,
674.04011,1672,1321,1132,998,918,580,541,494,438,406,386,1664.51886,1315.0643,1142.06931,995.32447,912.30349,588.87352,537.0386,497.85008,448.26732,408.16311,386.04075,,
674.23049,1672,1314,1146,992,914,590,570,512,480,409,383,1663.03477,1313.46939,1141.8768,995.17452,912.08021,589.49054,538.3451,498.72937,448.65537,408.8523,386.40481,,
674.42089,1658,1295,1128,978,924,577,543,492,435,393,381,1660.7303,1311.07536,1140.16859,994.03404,910.9041,588.067,537.42708,498.09203,447.89975,408.31679,385.98643,,
674.6113,1646,1331,1138,1007,924,598,556,556,469,433,396,1659.02471,1309.281,1138.70994,993.45435,910.45448,588.81703,537.77019,497.95907,447.71884,408.95905,386.56298,,
674.80173,1656,1301,1130,981,919,591,523,465,418,399,380,1658.4883,1307.9622,1137.45809,992.56737,910.69515,589.22037,538.65705,498.21196,447.50407,409.4784,387.10104,,
674.99218,1670,1305,1145,993,916,591,546,512,458,460,400,1656.13758,1306.03144,1135.59109,992.19658,909.71653,588.21672,539.99008,498.25998,447.15649,410.27486,387.51627,,
675.18263,1650,1299,1128,997,922,591,532,482,448,411,394,1653.86974,1303.77993,1134.04322,990.4719,908.87474,588.06668,539.8159,496.85982,446.2434,409.73864,387.01986,,
675.37311,1649,1320,1150,1007,917,597,543,499,493,433,409,1651.9651,1301.93619,1132.60187,989.80314,907.67664,588.19495,539.96969,496.30377,446.09699,409.04308,387.06231,,
675.5636,1648,1305,1129,989,910,573,524,486,436,408,376,1649.70321,1298.8118,1130.23613,988.91859,906.40916,587.32467,538.12752,493.94,444.89676,408.84027,386.2015,,
675.7541,1645,1268,1126,972,911,584,527,488,450,397,404,1646.41645,1296.46309,1127.5257,986.6353,905.69666,586.06437,536.3774,493.00512,443.19749,407.73524,386.19276,,
675.94462,1648,1312,1130,970,901,575,527,524,409,389,398,1643.63456,1295.30454,1125.96213,984.87644,904.50932,585.73621,536.60864,492.54885,443.2661,406.9646,386.45566,,
676.13515,1630,1295,1106,978,899,590,521,502,426,394,380,1640.99601,1293.23649,1123.77234,983.4526,903.12607,585.21491,537.09307,490.89563,443.24605,407.0357,386.19851,,
676.3257,1637,1269,1136,977,868,591,526,469,430,384,370,1638.30825,1289.05028,1122.02181,981.00279,902.25339,583.5599,536.00374,488.37007,441.0938,405.35693,385.8677,,
676.51627,1637,1276,1110,969,882,556,528,463,420,389,365,1634.86278,1286.81243,1120.13826,979.30241,901.13074,582.66146,534.64357,487.18356,440.4126,404.24365,386.11873,,
676.70684,1626,1278,1108,990,895,557,526,481,435,394,342,1632.12745,1284.35761,1117.56509,978.06979,900.2398,581.35247,531.57485,485.20601,439.29323,402.93961,385.79653,,
676.89744,1650,1290,1116,970,896,610,529,487,458,407,388,1628.80217,1282.60543,1115.08979,975.98387,898.54785,581.23156,530.81297,483.90392,439.3558,402.53519,385.32377,,
677.08805,1628,1278,1086,953,876,564,527,458,404,363,362,1626.93846,1280.96886,1113.34234,974.61768,897.75578,581.62022,531.43172,483.76153,439.19244,402.50219,385.2719,,
677.27867,1638,1291,1122,977,904,589,547,512,458,446,399,1623.40323,1279.04822,1111.67191,973.30021,897.27199,580.40123,530.20302,483.60289,439.12435,401.954,384.22809,,
677.46931,1600,1292,1122,994,907,616,541,491,450,398,394,1619.42203,1276.11853,1110.01977,971.24646,895.53827,578.80511,529.08979,481.24254,438.19729,400.05663,383.03939,,
677.65996,1614,1285,1100,994,907,590,535,480,462,388,399,1617.25206,1274.97982,1108.05801,970.87366,895.37709,579.16922,529.37799,481.22626,438.78987,401.57788,383.0665,,
677.85063,1615,1265,1103,966,880,572,495,463,420,400,352,1614.54964,1272.27419,1106.03391,969.24848,893.79481,577.76024,528.20569,479.52567,436.79757,401.25989,381.70806,,
678.04132,1602,1263,1114,955,888,568,534,493,417,409,406,1610.94591,1270.40434,1103.79814,967.39398,892.87119,576.57372,528.14714,479.08471,436.53016,400.2244,381.49938,,
678.23202,1599,1279,1100,972,885,575,526,492,457,400,369,1607.5399,1268.16274,1101.15498,966.19353,890.25369,574.74006,526.11534,476.91372,436.07445,398.37043,379.52857,,
678.42273,1609,1266,1114,975,883,584,538,490,441,428,389,1604.8332,1266.50798,1100.15189,965.75035,888.8626,574.40429,525.41344,475.78106,436.00392,398.74813,379.39387,,
678.61346,1598,1246,1113,954,898,572,533,450,447,409,401,1601.95721,1264.31045,1099.12005,964.92466,888.67816,574.0913,524.88971,475.10057,434.96281,398.22057,380.39654,,
678.8042,1614,1266,1095,959,897,565,518,483,436,412,383,1598.48674,1261.61376,1097.1311,963.47079,887.8918,573.0427,524.42282,474.3213,434.91141,397.05219,380.99819,,
678.99496,1606,1265,1074,961,894,566,528,458,431,396,396,1595.18775,1258.87762,1094.36739,961.60183,885.98478,571.2685,523.38173,472.78199,433.44472,396.13722,380.08045,,
679.18574,1601,1263,1100,970,895,597,560,472,436,400,385,1592.01277,1256.70409,1092.96838,960.42039,884.67893,570.46171,523.81961,472.7602,434.35394,395.81268,380.06043,,
679.37653,1598,1249,1088,957,879,552,518,457,429,369,374,1589.12986,1254.27693,1091.00238,959.10582,883.79873,568.87171,523.66874,472.55107,434.57335,395.4331,380.00872,,
679.56733,1570,1241,1094,958,881,571,544,472,436,396,389,1584.59113,1252.11355,1088.14857,957.38021,882.23314,567.59181,522.06331,473.09901,434.16322,394.95905,379.15065,,
679.75815,1583,1244,1090,936,886,580,501,450,428,382,357,1581.51174,1249.76373,1085.2577,955.56051,881.17348,566.49063,520.57827,471.17674,432.39899,393.74881,377.86956,,
679.94899,1563,1243,1064,956,869,544,500,462,414,393,367,1578.5936,1247.43509,1083.11805,954.37774,879.88817,566.25693,520.7857,471.2456,432.17803,394.99538,378.17355,,
680.13984,1552,1238,1065,936,884,550,513,450,418,386,362,1574.78135,1243.99971,1080.05173,952.07049,878.00027,564.18927,518.99452,469.28488,430.20324,394.22078,376.85628,,
680.3307,1560,1254,1088,943,879,568,526,503,446,404,389,1570.90396,1242.49777,1078.42492,951.76045,876.75898,561.9913,518.61462,468.68604,431.55048,393.96095,377.44305,,
680.52158,1574,1233,1088,961,877,567,521,464,448,383,380,1567.25871,1239.88249,1076.16059,950.15017,875.26748,560.27616,517.8243,466.74443,431.33459,393.49881,375.57662,,
680.71248,1562,1218,1066,948,879,542,498,451,424,393,372,1563.56953,1236.395,1073.6686,948.21498,874.52765,559.81608,516.70745,465.56375,431.07101,393.04813,375.79556,,
680.90338,1567,1224,1071,943,882,557,493,483,424,374,391,1560.43451,1234.83837,1071.20211,946.34447,873.85669,559.04625,515.64633,465.90075,430.03101,391.54081,376.27878,,
681.09431,1554,1268,1068,958,864,576,520,484,443,399,368,1556.25081,1232.41915,1067.30784,944.36896,871.91977,558.09776,513.70464,464.85735,428.71718,391.66396,374.74937,,
681.28525,1572,1250,1068,955,879,562,527,468,440,404,366,1552.72647,1228.94437,1065.89379,942.804,869.52071,557.5734,512.31699,463.09699,427.91458,389.75671,373.87581,,
681.4762,1551,1230,1072,942,862,559,525,470,431,404,374,1549.2931,1226.32581,1063.89501,941.12582,867.68409,555.66219,511.35992,461.70425,426.813,389.06612,373.35006,,
681.66717,1556,1218,1071,949,879,546,512,465,421,381,367,1545.70908,1223.21572,1061.42705,939.87694,865.95094,553.91504,509.24694,460.56137,426.40723,387.75132,371.88346,,
681.85816,1536,1221,1071,948,882,542,514,476,425,386,368,1541.99153,1219.75737,1058.55204,937.5985,863.94625,552.92523,506.6303,459.08612,425.50311,386.63585,371.07264,,
682.04916,1561,1224,1065,940,852,569,530,465,428,398,385,1538.54221,1216.68233,1054.69997,935.22222,861.70113,551.85327,505.15719,457.73805,423.86765,384.50364,370.13654,,
682.24017,1536,1231,1040,932,869,552,495,468,420,401,374,1534.97499,1213.47353,1051.72867,933.09278,859.73044,549.61947,504.76027,457.17199,423.20777,384.48413,369.62892,,
682.4312,1519,1184,1046,912,822,523,469,422,396,349,348,1531.27908,1211.17697,1049.72548,931.85019,858.72516,550.37888,504.33944,456.64726,422.71286,383.75612,369.72516,,
682.62225,1509,1213,1039,936,853,543,512,454,442,378,369,1526.83633,1208.32241,1046.5261,930.35931,856.96953,549.3172,503.2311,455.48629,422.47992,382.03013,369.65718,,
682.81331,1545,1212,1058,948,861,580,504,470,431,412,396,1523.44209,1205.11513,1043.98063,928.76437,855.17334,548.69519,501.28891,454.23654,420.98186,381.24877,367.97157,,
683.00438,1519,1200,1068,933,879,559,517,482,417,404,400,1519.42558,1201.66047,1041.52801,926.16666,853.48934,546.76631,500.01189,454.22605,419.068,381.20456,367.56672,,
683.19548,1505,1189,1010,898,846,527,492,452,408,348,368,1515.58495,1199.04032,1038.30576,924.66013,851.09325,545.55691,498.26494,454.24839,418.91259,380.51666,366.03293,,
683.38658,1490,1178,1013,900,817,521,480,444,418,378,345,1512.71839,1196.95848,1036.9236,923.8132,849.64758,545.59397,498.25702,454.14598,419.55437,381.72298,365.40121,,
683.5777,1519,1199,1035,926,824,544,497,443,412,396,335,1508.46248,1193.17133,1035.13323,921.43095,848.03456,544.49328,497.19611,453.16954,419.18424,381.78681,365.61111,,
683.76884,1509,1209,1042,936,861,554,499,463,436,386,378,1505.40076,1190.70273,1032.66341,920.00847,847.89155,544.06813,496.31901,453.63048,418.81234,382.82765,365.74024,,
683.95999,1504,1183,1006,906,836,529,478,429,399,367,342,1501.31079,1187.29251,1029.10025,917.34375,846.0398,541.90149,493.98607,452.32451,417.28304,381.90113,365.08675,,
684.15115,1476,1167,1000,890,829,539,469,410,373,346,334,1497.08811,1183.77848,1026.05592,914.86358,843.70615,540.4772,493.31416,450.77449,416.17953,381.24506,364.19876,,
684.34233,1516,1192,1036,931,853,549,534,450,426,387,374,1493.3926,1180.78294,1023.22551,912.28109,841.38864,537.64801,492.33514,449.24843,414.65084,379.90552,363.69496,,
684.53353,1473,1168,1029,909,832,537,501,446,422,380,374,1488.14437,1177.08041,1020.68498,910.22506,839.03934,535.90088,491.07925,448.37303,413.67295,379.5676,363.21699,,
684.72474,1478,1167,1018,896,836,504,463,422,408,360,339,1485.075,1174.00116,1018.72167,907.40606,837.95628,535.80801,490.20157,446.66196,412.9638,378.19224,361.98156,,
684.91596,1487,1198,1033,940,866,566,516,461,463,384,390,1481.07497,1171.48891,1015.11473,905.21987,835.74215,534.25937,488.24818,445.74396,411.23047,377.91782,360.54611,,
685.1072,1487,1154,1007,885,844,585,480,432,404,394,344,1476.56334,1168.37516,1012.32241,902.35695,834.31462,532.66368,487.15353,444.55865,408.97633,377.28662,359.02766,,
685.29846,1477,1177,1007,911,848,550,471,466,402,381,397,1472.88389,1165.78235,1009.75168,899.84521,832.84677,531.68677,486.39201,445.24777,408.72702,377.15362,359.20057,,
685.48973,1474,1167,1010,904,824,516,480,444,417,369,358,1469.74296,1162.7047,1008.53084,898.48753,831.61406,531.09785,486.11271,444.61261,409.01028,376.83517,358.64094,,
685.68102,1456,1141,1013,896,808,512,474,431,399,396,344,1465.4363,1158.39011,1005.77646,896.90677,829.51283,529.05565,484.33516,443.5339,406.86983,376.55267,357.51365,,
685.87232,1471,1151,1039,905,847,530,495,462,420,342,397,1461.72165,1155.49428,1004.41913,894.78423,829.18225,528.33523,482.61374,443.52957,407.71811,375.8216,358.16825,,
686.06363,1453,1157,985,888,829,516,479,457,404,397,367,1458.36948,1154.60287,1001.8077,893.82885,827.78643,527.64015,481.86888,444.18682,407.13901,376.46429,357.83162,,
686.25496,1447,1128,974,879,817,524,462,436,399,358,346,1456.34463,1153.63417,1000.62155,892.71911,827.04677,526.91848,481.40178,444.02843,406.68509,377.04673,356.97785,,
686.44631,1437,1140,981,882,822,512,497,443,384,381,346,1452.92831,1151.66058,999.14594,891.29138,825.67168,526.06204,480.5259,443.98548,406.60873,377.07842,356.67016,,
686.63767,1466,1163,1000,896,831,539,521,463,424,389,365,1450.08494,1149.14388,997.62948,889.59517,824.99699,524.57464,479.0337,444.01699,405.53743,376.76396,356.06691,,
686.82905,1437,1138,1001,878,816,495,483,429,393,378,340,1446.76745,1146.7385,995.80604,887.95594,824.13792,522.70905,477.3418,444.10888,404.42443,376.63419,355.75091,,
687.02044,1452,1156,1007,890,833,559,466,458,411,392,360,1442.17538,1142.65875,992.58529,885.2567,821.32395,521.26841,476.3039,443.28728,402.97916,376.45047,355.33946,,
687.21184,1416,1128,976,878,804,489,460,442,400,374,335,1437.9318,1139.77916,989.38886,882.72092,819.79105,519.99916,474.92249,443.23711,402.03244,376.93135,355.45763,,
687.40326,1452,1141,994,890,831,527,477,456,406,399,345,1430.99724,1134.51054,985.40119,878.73705,815.84609,517.01939,471.78194,441.30338,400.12385,374.94134,354.44681,,
687.5947,1417,1133,973,866,805,493,461,443,408,381,350,1424.30019,1129.92061,981.1535,875.85551,812.35049,514.80453,470.33532,440.05823,400.03395,374.43774,354.18333,,
687.78615,1422,1138,980,886,805,531,473,431,417,366,360,1418.31704,1124.26293,976.52996,873.21824,808.08236,512.38234,467.52808,437.64763,397.91567,373.80054,352.62445,,
687.97762,1409,1126,994,864,825,514,482,431,398,380,364,1412.06132,1119.10664,973.13792,869.93341,805.52146,510.30753,465.60436,436.9412,396.00809,374.14161,353.22646,,
688.1691,1380,1092,945,841,788,478,433,436,352,345,354,1405.95882,1114.55116,968.21452,865.9807,802.01119,508.20277,463.12945,436.02684,394.46137,372.34621,352.50509,,
688.3606,1412,1125,956,868,806,501,461,424,388,366,339,1400.01624,1110.14698,964.03318,862.58681,797.88738,506.11391,461.48035,434.83451,393.93434,371.98202,351.61084,,
688.55211,1386,1097,960,835,751,465,436,403,375,335,322,1395.04689,1106.6739,960.42613,860.05182,794.43949,503.52832,459.81374,433.52268,393.54866,372.02424,350.76647,,
688.74363,1414,1128,974,876,802,521,495,435,408,386,362,1389.87966,1103.15289,957.6397,857.53147,792.1878,502.12061,458.08295,432.6963,393.30349,371.62595,350.8163,,
688.93517,1418,1134,984,882,823,533,479,459,400,385,364,1384.05887,1099.00442,953.2921,854.37315,789.09962,499.10716,455.25643,430.67182,392.63736,370.75388,349.3018,,
689.12673,1401,1104,968,876,810,543,451,446,409,378,341,1378.5074,1094.7327,948.91325,850.32143,785.82194,498.92027,452.86197,427.885,390.48094,369.16841,348.06222,,
689.3183,1429,1119,966,860,815,530,490,440,399,370,356,1374.55906,1091.22698,945.57763,848.22213,783.27799,496.9462,452.50325,426.04349,390.12372,368.91268,347.26037,,
689.50989,1368,1100,943,862,777,485,435,447,381,393,350,1368.99271,1087.06367,942.51935,845.6161,780.60287,494.55893,451.37016,424.60715,389.44488,368.79852,347.47,,
689.70149,1375,1076,972,859,796,495,465,431,399,368,366,1364.52665,1083.66867,939.53537,843.24909,778.18098,491.42939,449.55206,422.36424,388.82881,367.26277,346.40223,,
689.89311,1376,1087,943,861,783,498,446,425,421,373,365,1360.09072,1081.39874,937.45183,842.39627,776.76097,490.86054,449.7508,421.56966,390.08628,367.60613,347.42381,,
690.08474,1349,1084,958,854,778,493,446,414,383,376,335,1355.94496,1077.66985,934.90283,839.89003,775.22327,490.74081,448.61816,419.52056,389.24673,368.1632,346.64334,,
690.27638,1338,1078,912,831,765,477,422,421,367,362,352,1351.75356,1075.03635,932.04503,837.8053,773.68828,490.21495,447.39065,419.36712,388.9585,368.36615,347.69583,,
690.46805,1362,1103,939,822,796,498,445,420,428,370,366,1347.51879,1072.76554,928.12152,835.8498,770.17917,487.21332,445.32834,417.80457,388.23128,367.09504,346.24112,,
690.65972,1345,1057,891,831,737,463,432,414,323,365,326,1342.90256,1068.75771,924.43308,834.22288,767.17957,485.62547,444.55478,415.20191,388.15781,367.96394,345.10132,,
690.85142,1314,1028,925,802,748,478,420,392,385,340,335,1338.79614,1065.30884,923.28551,832.28198,765.65859,484.53036,442.7231,413.97411,387.67981,365.77184,345.33428,,
691.04312,1277,1007,870,799,734,463,414,401,380,345,349,1334.03504,1061.13525,919.58391,829.38277,763.37847,481.75673,440.0786,411.42128,386.72783,365.19878,345.38005,,
691.23484,1293,1012,874,790,731,460,424,396,357,365,338,1329.91352,1057.56112,916.70525,827.07615,761.26639,480.41949,437.75793,409.83837,385.91701,364.06093,344.578,,
691.42658,1268,1008,866,800,716,463,431,384,378,354,340,1325.80545,1054.66527,914.41548,825.43611,759.44107,479.29299,437.24433,408.86931,385.60269,363.60896,344.79605,,
691.61833,1250,996,869,793,719,466,440,389,383,350,329,1322.66919,1052.35432,912.4635,823.99522,758.03022,477.39138,437.86097,408.18875,385.92777,362.78779,344.89866,,
691.8101,1311,1051,908,819,751,477,437,408,400,364,350,1318.443,1049.72643,910.44357,821.94487,756.23251,474.96113,436.40311,407.02396,385.30021,362.0444,344.68305,,
692.00188,1271,1017,879,804,720,453,413,383,377,346,322,1315.97755,1047.73173,909.41609,820.67848,754.99058,475.27249,435.5934,406.71241,385.33265,362.04571,344.78973,,
692.19368,1343,1048,908,831,748,477,441,394,383,376,330,1312.96879,1044.55981,906.93921,819.14188,752.75347,473.94063,434.69367,406.24635,384.95773,361.68658,344.1846,,
692.38549,1327,1054,910,818,760,467,424,396,366,351,321,1310.17647,1042.3748,905.41208,817.65308,751.86869,473.56839,433.88478,406.2239,384.15502,362.47446,343.97096,,
692.57732,1345,1098,948,826,800,517,466,456,431,394,399,1306.3967,1039.09366,902.83526,814.59745,749.82722,471.2757,432.30889,404.98501,383.97819,361.17688,342.74806,,
692.76916,1338,1080,928,840,770,495,457,420,420,361,342,1303.37996,1036.81393,901.39806,813.60858,747.54119,470.67012,431.41562,403.66622,384.40005,360.57113,341.91189,,
692.96102,1324,1054,928,831,776,465,457,400,404,378,361,1299.74724,1034.66022,901.38345,812.30268,746.38535,470.11502,431.13581,402.8053,384.26379,361.05053,342.58549,,
693.15289,1304,1038,905,812,769,452,416,399,381,357,345,1296.71947,1032.38019,898.90496,810.48189,745.46255,468.60966,429.6845,402.70695,382.9489,359.86165,342.62083,,
693.34478,1301,1027,908,808,750,490,431,399,369,362,328,1293.8007,1030.94566,895.95379,809.06016,744.69705,467.1588,428.38631,402.04594,382.24993,359.57313,341.40628,,
693.53668,1302,1043,890,822,746,463,437,402,390,370,338,1291.21894,1028.93092,893.88953,807.57908,743.12741,465.45342,426.86946,400.6038,381.32277,358.01443,340.24555,,
693.7286,1326,1044,908,818,751,495,456,408,368,368,356,1289.24841,1027.86842,892.69657,806.53646,741.6532,464.45969,426.77372,400.11846,381.13565,358.01753,340.11699,,
693.92053,1293,1034,902,834,750,405,432,410,387,368,335,1286.92022,1026.47786,891.03694,805.17699,740.77669,463.3307,425.50044,399.43763,380.67478,357.52937,340.06231,,
694.11248,1281,1036,905,813,751,472,431,416,377,362,360,1284.80482,1024.45104,889.81508,804.19147,739.83322,463.55861,423.72119,399.50153,380.4165,357.39342,339.23989,,
694.30444,1297,1039,894,813,736,478,431,399,387,350,329,1283.84869,1023.4276,888.04406,802.66006,738.94883,464.01123,424.30581,399.523,380.50012,357.04883,339.05789,,
694.49642,1265,1013,883,792,730,470,415,399,372,377,335,1280.38551,1021.7199,886.15538,801.497,737.54885,462.45553,423.49458,400.18211,379.91771,357.4244,339.12023,,
694.68841,1274,1008,869,786,728,445,397,386,367,335,313,1277.29618,1018.72443,884.32003,798.89905,736.63956,461.23989,422.32567,399.11713,379.19045,355.79997,338.04313,,
694.88042,1268,1016,858,788,712,456,405,398,384,335,326,1274.08034,1016.27409,881.96419,797.6406,734.87148,460.58545,420.96729,398.9648,379.64871,355.16929,337.82625,,
695.07244,1263,1003,866,800,716,441,394,365,362,331,316,1270.90036,1013.3109,880.45183,796.72711,732.97721,460.00385,420.36526,397.80181,378.72006,355.47374,336.91481,,
695.26448,1265,981,909,792,763,495,429,389,393,367,367,1267.77599,1011.10983,877.58049,794.89612,731.68257,459.62316,419.23115,398.29124,377.58719,356.30046,337.50694,,
695.45653,1263,1013,914,773,732,444,376,411,353,320,345,1265.00888,1010.1126,875.16471,793.30857,730.50708,458.57979,417.6652,397.94181,378.32936,355.97927,337.58332,,
695.6486,1265,1005,863,794,722,443,432,398,388,366,357,1261.9704,1007.1697,871.67478,791.70604,726.94505,456.63961,416.00963,396.41892,376.06535,355.7973,335.68156,,
695.84068,1276,1042,902,815,734,489,451,447,393,367,341,1257.63725,1003.79062,869.7431,789.229,724.59175,455.6676,413.90498,395.27323,375.91021,354.57032,334.57002,,
696.03278,1253,997,864,789,718,452,427,400,386,348,351,1252.85705,999.56588,866.34925,786.14372,722.10374,454.62792,411.64112,394.46882,375.34307,353.37634,334.14379,,
696.22489,1244,984,847,768,713,431,402,386,351,345,314,1247.84679,995.576,862.69159,782.87207,718.5606,453.25858,408.36723,393.24959,373.89404,352.56291,333.11325,,
696.41702,1244,989,853,775,709,488,392,399,367,368,335,1242.14313,990.88752,856.83175,779.77155,715.07343,451.80824,406.36773,391.31246,373.02365,351.96389,332.42042,,
696.60916,1259,977,859,779,708,468,431,383,369,358,319,1235.86838,986.11568,851.64758,776.47358,711.12682,450.27518,405.02057,390.91622,372.07343,350.3736,330.87533,,
696.80132,1219,975,834,765,708,443,394,383,364,349,325,1230.9949,981.8462,848.76554,773.19819,707.92104,448.52389,402.58352,389.21799,371.2523,349.29926,330.15346,,
696.99349,1200,990,853,762,715,429,387,373,367,344,321,1224.03658,977.1571,845.00143,769.83132,703.8886,446.89397,400.05731,386.80194,370.13819,347.07078,328.2446,,
697.18568,1230,972,840,774,698,431,399,372,390,330,312,1219.97064,973.47822,842.02972,766.75238,700.72364,445.50823,399.24481,384.91375,369.76249,346.93832,327.12333,,
697.37788,1235,1007,857,809,714,463,410,404,375,388,350,1215.44452,969.68103,838.85191,763.14614,697.66577,443.58013,396.96115,382.5163,367.1579,345.86636,325.12039,,
697.5701,1218,986,826,764,726,447,400,399,367,354,351,1211.86654,967.22395,837.00421,760.02596,695.53086,442.77413,396.04913,382.18281,367.94777,344.74208,325.36409,,
697.76233,1230,975,789,753,714,431,390,385,369,330,305,1207.5023,964.6891,834.54413,757.32909,691.87959,441.15482,394.6206,379.88007,367.66368,341.90176,323.449,,
697.95458,1178,943,818,742,669,423,377,363,358,348,314,1202.60026,961.21765,832.60579,755.51154,689.13142,439.74217,393.62853,377.48864,367.34814,341.83673,322.64414,,
698.14684,1203,943,842,751,677,440,395,367,367,334,340,1196.95232,958.10698,830.2135,752.69535,687.05237,437.72074,391.31419,375.85542,367.07756,341.32128,322.66624,,
698.33912,1163,931,815,713,639,406,373,367,358,340,317,1192.95583,954.84081,827.11133,749.84754,684.76382,436.43679,389.30164,374.20691,365.54099,340.81569,321.64692,,
698.53142,1166,926,797,732,677,433,382,362,364,334,318,1189.04804,952.36033,824.1629,747.48207,682.05296,434.58028,387.99298,372.49072,365.43079,340.63673,321.31201,,
698.72372,1185,946,825,751,680,457,413,397,367,352,318,1186.52937,949.95234,822.15169,745.54443,679.67594,434.24259,387.72221,371.31842,364.58404,340.63807,321.07038,,
698.91605,1164,941,797,736,673,431,408,365,372,335,320,1182.51516,947.17029,820.41172,744.43233,677.33738,430.69981,386.303,370.35838,364.40096,340.55064,320.52509,,
699.10839,1156,923,815,740,680,417,370,362,352,333,311,1178.81383,944.96759,818.34635,742.77234,675.4478,429.49127,385.21319,370.16961,363.78869,340.42635,320.70323,,
699.30074,1184,928,796,730,660,443,360,348,354,332,293,1175.89701,942.53473,815.9017,740.55865,673.08668,427.90761,384.23156,368.69442,363.17744,339.48998,319.5539,,
699.49311,1181,948,826,781,660,444,401,394,377,380,349,1172.08376,939.65152,813.06927,737.86663,670.42121,426.73653,382.90444,366.87189,361.93452,339.85787,318.48567,,
699.68549,1192,942,821,745,677,431,392,360,364,357,325,1169.08571,937.10009,810.61895,734.98772,668.29557,424.92045,381.44468,365.91948,360.69352,339.40239,317.53673,,
699.87789,1167,961,812,729,678,425,365,384,377,330,319,1165.38248,934.72393,807.41935,733.04802,665.72876,423.76353,379.8412,364.81979,360.37976,338.2246,316.67823,,
700.0703,1151,933,814,737,642,399,352,333,367,293,280,1161.91126,931.73836,804.23536,730.4649,663.41004,421.45865,377.93112,362.67757,359.29874,336.6536,315.78108,,
700.26273,1162,920,828,716,668,442,385,357,367,335,309,1158.89218,929.31376,802.75189,728.79349,662.33102,421.56506,377.23249,362.08261,359.3779,336.66384,315.65227,,
700.45518,1156,943,818,721,692,440,374,393,362,324,337,1155.31593,925.90362,800.99257,725.20089,660.01214,419.21171,373.86734,360.70982,357.30655,334.4242,314.96376,,
700.64764,1168,926,797,716,659,421,373,358,344,330,318,1152.3213,922.64978,798.61952,722.64357,657.61066,417.24044,372.52515,358.76987,356.61881,334.03393,314.52887,,
700.84011,1138,925,785,726,642,404,366,350,349,328,307,1149.39423,921.18893,796.94328,720.91166,655.97413,415.95393,371.16571,358.70137,356.14879,333.35976,314.00122,,
701.0326,1151,911,786,715,667,405,408,354,350,332,315,1146.49745,918.70212,795.41577,719.21919,654.52765,414.94824,370.45727,358.20596,355.98877,333.18472,314.2087,,
701.2251,1139,920,847,710,641,404,372,361,345,310,303,1143.98935,916.26476,792.84344,716.65444,652.8306,413.64717,369.37838,357.85202,355.31231,332.66067,313.10535,,
701.41762,1124,898,825,700,648,404,356,303,349,335,318,1140.98204,913.90124,790.15391,714.69075,650.84579,412.89381,368.06752,356.94996,354.55594,332.25119,312.8409,,
701.61015,1125,929,782,719,648,420,390,358,362,330,310,1139.34671,911.55141,788.69209,712.60497,649.55424,413.04068,368.31135,355.97758,354.37869,332.1301,312.94768,,
701.8027,1149,906,776,703,638,387,368,354,349,351,321,1135.84779,908.74842,785.77164,710.10127,647.89916,411.98138,366.67041,354.96256,353.33765,331.54567,312.86969,,
701.99527,1120,897,771,718,628,396,332,341,325,309,298,1132.21822,906.5175,783.91957,708.44823,646.37534,411.1535,366.02535,354.16259,352.45702,331.55578,313.33099,,
702.18785,1121,906,777,725,632,401,360,356,381,312,314,1128.58033,903.42712,781.38748,706.16311,644.10098,409.39657,364.77127,352.72921,351.56169,330.54538,312.29373,,
702.38044,1109,911,772,719,644,416,356,349,334,360,320,1125.96247,902.19935,779.1277,705.60785,641.91107,409.04492,364.24585,353.06417,351.04786,330.9933,311.62735,,
702.57305,1135,906,778,724,675,431,370,389,367,398,346,1122.79809,900.04621,776.81046,704.27659,640.74344,408.26288,363.80342,352.62835,351.3582,330.88666,311.45752,,
702.76567,1149,920,764,689,660,397,361,379,360,329,335,1120.7284,898.03019,773.68579,702.66146,640.41942,407.48205,363.03318,352.6139,351.60251,330.408,311.19812,,
702.95831,1165,896,757,704,637,401,367,354,337,324,294,1116.397,894.82736,770.15228,700.4642,638.79687,405.79257,361.75544,352.01053,350.43856,330.2237,309.73261,,
703.15097,1112,890,786,701,627,415,373,354,367,328,310,1112.5281,890.9773,767.68951,698.05649,636.42085,404.02193,359.57326,350.15017,349.20277,328.76502,307.24617,,
703.34364,1112,879,765,700,638,411,358,360,340,326,294,1107.69136,887.21335,764.66223,694.82249,633.22984,402.28773,357.89873,349.18431,348.1268,328.28304,307.8291,,
703.53632,1093,879,751,683,634,394,345,349,341,319,309,1102.86421,882.97812,760.75263,692.01296,631.33439,399.82015,356.51911,347.85266,347.35351,327.20202,308.07017,,
703.72902,1116,884,735,672,635,410,364,345,335,323,299,1097.50144,878.66072,757.27412,689.22109,628.43118,397.9067,354.90344,347.21733,345.80564,325.88362,307.86788,,
703.92173,1096,868,749,670,624,393,355,325,338,319,300,1092.97764,875.48237,753.73107,686.91816,626.75585,396.97305,354.82511,346.35892,345.39532,324.18372,308.35666,,
704.11446,1087,882,753,690,627,415,354,352,348,335,316,1087.60973,871.31317,749.9824,683.90833,624.05715,395.23629,353.07269,345.00811,343.62493,322.604,308.64131,,
704.30721,1086,874,757,687,633,397,351,367,356,320,321,1083.48943,867.29047,745.34877,680.52882,620.43845,393.32544,350.28551,342.51915,341.16546,321.38932,305.68237,,
704.49997,1065,856,728,687,613,393,334,324,351,304,293,1078.5992,863.56787,742.0863,678.96335,616.94679,392.69277,349.0762,342.30861,340.44529,320.51195,306.47686,,
704.69274,1082,856,737,654,609,378,342,338,336,323,298,1074.43525,860.0186,738.9125,677.23629,614.02326,391.96344,348.10005,340.14286,339.81334,320.80183,306.69118,,
704.88553,1069,863,741,687,600,399,337,337,338,329,284,1070.20859,857.03044,736.09787,676.1391,611.59064,391.45489,346.18499,339.38737,338.98566,320.24773,307.60087,,
705.07834,1054,815,728,648,606,372,328,301,328,310,309,1065.03205,853.23196,732.55489,673.55215,607.85322,389.1193,343.69501,337.09914,337.96978,317.41095,306.04202,,
705.27116,1071,877,751,693,623,407,364,348,361,338,312,1060.77268,850.07982,729.67345,671.33883,605.37355,388.90378,342.1292,336.28474,337.91096,317.36529,305.86872,,
705.46399,1055,869,726,682,620,393,353,360,351,321,322,1056.57467,847.25405,727.60284,669.13051,603.73864,388.50599,340.597,336.5975,337.64276,317.00516,306.34746,,
705.65684,1068,852,746,682,610,422,384,356,354,336,316,1051.99035,844.45052,724.84326,667.15604,601.87814,388.50087,339.7144,335.82036,337.09201,316.78,306.63997,,
705.8497,1048,847,707,660,589,382,349,332,341,301,306,1046.75288,841.4283,721.12936,664.85649,598.67927,386.68921,337.26454,334.17663,336.188,316.22155,305.92854,,
706.04258,1024,831,723,669,591,367,339,312,321,306,316,1041.72432,838.32159,717.4331,662.74242,596.64076,385.68348,336.29323,333.255,335.48493,317.74307,305.74516,,
706.23548,1039,831,733,655,596,408,335,344,335,326,310,1037.0113,835.07925,716.14084,659.70785,593.2962,384.543,335.54361,331.84077,334.53,315.294,304.31557,,
706.42839,1007,815,697,664,569,364,321,333,314,309,280,1032.46286,832.47183,714.93427,657.92763,591.13731,384.33165,334.90722,329.61761,334.30422,314.97959,304.75574,,
706.62131,1028,824,719,666,578,380,350,335,335,316,288,1028.45732,830.75474,712.45276,656.27022,589.16958,384.10292,334.32189,328.54128,334.55088,313.97429,305.17923,,
706.81425,1007,818,700,632,580,354,306,316,331,288,260,1024.12012,828.04362,709.48647,653.96541,585.62928,382.42576,332.78826,326.60228,333.31389,312.55698,304.79069,,
707.00721,1034,829,709,665,589,383,335,334,358,303,296,1019.53519,824.67986,706.47387,652.54001,582.05674,381.06353,330.37752,324.02032,331.66613,310.85664,302.87547,,
707.20018,1006,802,719,648,606,368,322,306,335,313,325,1015.07708,821.97305,704.21393,651.41562,579.30424,380.13162,327.18952,323.46078,331.52785,309.74507,303.33018,,
707.39316,1007,815,690,633,591,368,308,330,296,302,319,1010.48773,819.60457,701.48472,650.09577,576.86765,378.90865,326.91748,322.27486,331.03599,310.0533,303.93764,,
707.58616,980,800,670,629,554,349,305,303,293,287,277,1006.28481,817.2991,698.79449,648.60058,574.89925,378.40877,325.64312,321.46635,331.39953,311.56226,304.44225,,
707.77918,1000,805,704,634,548,367,303,296,325,290,325,1003.3239,816.00915,696.67757,646.68518,573.70219,377.54844,324.44565,321.55347,331.54121,311.29806,305.24141,,
707.97221,1006,824,691,649,576,387,351,340,336,318,399,1001.44619,814.24161,694.73546,645.49847,571.8882,377.3924,323.77372,320.23219,331.64758,311.62928,305.09001,,
708.16525,995,806,681,636,559,349,312,309,321,289,281,997.96818,813.1436,693.98482,644.77322,570.30084,377.09636,323.16261,320.44526,332.34859,311.79465,305.09183,,
708.35831,990,812,687,635,544,399,306,313,314,300,290,994.87587,810.51881,691.68511,643.16123,567.98066,376.10268,321.61838,320.09026,332.05155,311.13513,304.50796,,
708.55139,1026,835,698,654,579,414,348,326,344,328,304,991.0402,807.77039,689.20433,640.45725,565.47811,375.05957,319.9952,319.18569,331.28338,310.00428,303.56583,,
708.74448,975,792,669,623,527,361,296,303,312,329,281,988.55464,806.35684,686.73934,639.0632,564.70002,374.67739,320.23443,319.51573,331.59714,310.65188,303.58803,,
708.93759,989,804,690,651,565,373,313,314,338,326,274,985.56914,803.89658,684.71882,636.261,562.25278,373.25758,319.03617,317.86509,330.38089,309.37738,302.5483,,
709.13071,971,801,701,657,577,410,336,338,367,314,367,982.59195,802.29063,683.09253,634.55005,560.4878,373.8376,318.63433,317.90072,329.82697,310.10852,302.89236,,
709.32384,995,812,686,655,573,376,326,309,337,360,303,979.54463,799.87873,680.94745,632.02795,558.64443,372.70532,317.67372,317.76557,329.12573,309.9747,302.76969,,
709.51699,986,804,681,633,573,370,313,346,324,309,303,975.89585,797.73311,678.22442,629.69963,556.09031,371.53485,316.34748,316.94147,328.48443,308.7481,302.19969,,
709.71016,965,810,660,594,561,357,318,328,348,313,272,973.31455,796.51435,675.48597,627.4452,553.51353,370.31459,315.4818,317.122,328.3206,308.45999,301.02723,,
709.90334,980,817,688,653,570,393,322,331,352,354,312,970.2374,794.15088,672.8101,625.67055,549.50157,368.54783,313.61872,315.40721,328.13348,307.39394,298.74423,,
710.09653,959,784,686,622,553,367,324,302,324,301,290,966.92818,790.78459,671.0321,623.33228,547.48875,367.16508,312.21174,314.06872,327.52674,306.7414,298.00068,,
710.28974,949,798,653,626,552,377,314,300,328,298,296,964.0034,789.02297,668.57489,621.78536,546.34855,365.61095,311.41403,313.20424,327.12816,306.57435,297.49929,,
710.48297,976,784,655,612,528,347,289,303,319,296,284,961.24669,787.48504,666.66683,620.3748,545.74955,364.85116,310.39528,313.56903,327.04804,306.45607,297.44348,,
710.67621,972,793,675,634,554,392,335,324,335,303,306,958.62459,786.21149,665.35876,619.2473,545.51086,364.98299,310.69458,313.79078,327.83721,306.81909,297.8462,,
710.86947,982,784,677,619,540,367,335,303,330,228,296,955.95846,784.45478,663.26424,617.70135,543.41736,363.26753,310.66153,313.53825,327.47867,305.74514,297.85069,,
711.06274,964,801,664,648,560,370,297,328,334,334,328,953.24062,781.97529,660.79934,616.05794,541.92419,360.49521,309.30275,312.48873,326.33727,304.89841,297.45267,,
711.25602,943,758,649,595,526,335,272,293,312,286,280,950.20401,779.35444,658.65947,613.58119,539.97089,359.54423,308.34809,312.24911,325.28431,304.19597,297.08449,,
711.44932,921,757,653,607,516,348,302,302,307,303,268,947.57578,777.0359,656.66319,612.72656,538.67567,359.05205,308.43086,312.55893,324.81053,304.37389,296.45124,,
711.64264,957,769,665,613,559,362,316,329,346,344,305,945.21908,774.85472,655.63732,611.64201,537.23765,359.01923,309.25665,313.4931,324.77671,305.2774,296.45256,,
711.83597,940,784,664,598,552,357,309,342,337,317,338,942.50995,772.24358,653.62878,609.11083,536.40273,357.69263,308.40703,313.0154,324.75236,304.04614,295.18225,,
712.02932,937,774,646,596,527,344,367,289,346,297,274,940.15618,769.24478,651.38714,608.2372,534.06129,356.25781,307.44126,312.41518,325.71331,303.15221,293.6385,,
712.22268,929,772,659,599,527,369,266,301,314,297,271,937.18263,765.55351,649.88174,606.27054,533.23178,354.7708,307.08897,310.59933,324.56629,303.06426,293.88643,,
712.41605,945,770,669,615,548,365,312,334,317,304,303,934.25944,763.09731,646.36495,603.68031,531.98779,352.51349,305.70536,310.32646,322.90355,301.67639,293.5095,,
712.60944,925,755,639,597,514,345,303,303,320,303,288,930.72011,760.74038,643.05669,601.39358,529.94804,350.82258,305.113,310.46753,321.85986,301.06541,291.94018,,
712.80285,914,751,624,586,513,320,292,332,296,276,278,927.71777,757.79193,641.23948,598.87458,527.78226,348.51754,303.69265,308.83254,321.21792,300.78391,291.8568,,
712.99627,923,721,611,565,492,335,298,282,303,282,285,924.31931,754.81929,639.05248,596.62613,525.94793,345.851,303.4845,307.84924,320.04011,299.67159,293.43041,,
713.18971,914,761,645,593,527,356,319,308,309,308,286,920.84835,752.40005,636.45265,594.22816,524.34642,342.6271,301.73112,306.81182,319.07572,298.72104,292.25926,,
713.38316,924,769,640,616,534,341,312,320,325,320,313,917.93812,750.25912,634.35659,592.26569,522.2297,341.57569,299.9332,306.44526,317.94822,297.89757,291.69048,,
713.57663,906,731,622,558,477,333,267,274,278,262,269,916.22021,748.46973,632.53,590.76693,520.94124,341.71109,299.85372,305.79216,317.41274,297.84806,291.10995,,
713.77011,908,751,618,599,522,351,307,319,329,322,303,912.35808,745.39749,629.33919,588.15223,517.5606,339.00535,298.51247,304.30707,316.03427,297.14632,289.87841,,
713.9636,902,738,607,582,504,303,280,289,318,271,271,909.15579,742.50771,626.69152,585.22191,515.10089,336.83551,297.23061,302.60815,314.86913,295.69204,287.62402,,
714.15711,907,762,630,610,516,341,296,314,335,283,292,905.70199,740.24433,624.4213,583.97823,513.46554,337.08494,296.8209,302.26721,315.65834,294.5794,289.10188,,
714.35064,910,738,622,610,525,338,291,297,334,302,278,903.17892,737.76475,621.9217,583.57424,511.94109,335.05837,295.65653,300.13758,314.50832,295.50531,288.55836,,
714.54418,894,703,632,575,526,321,281,273,304,288,301,900.81211,736.39292,620.10372,581.88802,511.45519,334.10177,295.32128,300.52278,313.57575,296.64244,289.5334,,
714.73774,902,748,638,591,574,360,310,338,304,324,326,897.08476,734.34284,616.05076,578.4167,508.83291,331.85227,293.64128,299.82641,313.19237,295.5471,287.9865,,
714.93131,898,733,595,570,520,319,285,289,305,294,301,894.23221,732.81343,614.22961,577.73241,507.40341,331.6377,293.19362,298.9735,313.83474,297.25708,287.57637,,
715.1249,907,741,644,588,512,360,302,319,333,308,298,891.32492,730.81508,612.51233,575.72731,505.74321,330.30993,292.5669,298.28263,313.38859,297.11522,287.07857,,
715.3185,891,732,605,577,495,322,305,295,318,293,296,887.88217,729.03287,609.94775,573.84072,504.09377,331.7585,291.70547,297.3984,312.84102,296.99796,287.04519,,
715.51212,906,708,606,570,473,322,300,301,293,294,276,885.18395,727.58604,607.26059,572.1289,501.61279,329.50074,289.6086,296.93026,312.21276,297.32528,286.22585,,
715.70575,895,719,593,562,515,348,283,296,320,310,278,883.36057,726.27244,605.83168,571.74255,500.56062,329.84102,289.69062,297.15169,312.89286,298.00136,286.76303,,
715.89939,874,728,621,574,498,372,323,302,328,308,303,881.14909,723.83051,603.27022,569.59931,497.86194,328.37376,288.92319,295.06224,311.72699,294.62932,285.49899,,
716.09306,902,734,626,591,522,358,312,308,342,328,300,878.0424,722.92992,601.77082,569.4739,496.98435,327.38703,287.25953,295.34375,311.9785,295.95069,286.56683,,
716.28673,856,706,586,545,472,298,262,280,301,284,277,875.25776,720.29353,599.06213,567.15545,494.44348,325.85091,284.37355,293.49847,311.02582,294.31183,285.80729,,
716.48042,864,706,570,553,480,289,262,257,303,262,255,872.07971,718.5047,597.05971,565.51947,492.43301,325.46588,283.82058,292.39281,310.45997,294.66656,285.33783,,
716.67413,852,712,580,566,456,297,271,281,296,302,258,869.94956,716.15255,595.14809,563.24136,491.14229,324.49945,282.71755,291.68156,309.7149,295.67741,285.4232,,
716.86785,866,738,595,540,516,324,303,303,288,304,296,866.87266,714.22266,592.49127,560.21031,489.349,323.44035,280.88591,291.39858,309.27659,294.6765,285.58858,,
717.06159,860,738,581,559,488,308,270,319,340,286,264,863.35491,712.24825,589.30839,557.95973,486.43507,321.40531,281.10154,288.85558,309.16091,293.80622,283.07221,,
717.25534,858,709,623,564,492,331,288,292,319,320,280,860.18313,709.89463,587.40986,556.80788,484.28381,321.13135,279.0885,287.4857,308.12727,293.4984,281.49421,,
717.44911,848,686,596,546,482,286,252,245,286,276,276,858.07332,708.82998,587.40035,556.18752,483.68219,321.13273,278.58502,288.24329,308.08557,294.49553,281.81318,,
717.64289,845,706,577,555,475,317,270,289,296,258,271,855.31906,706.66688,584.81789,554.47978,482.26773,320.50755,277.71299,288.08469,307.68776,294.78788,282.11452,,
717.83669,865,728,575,561,490,352,276,312,325,311,301,851.87388,704.6185,582.54099,553.02757,480.06165,318.89547,275.68842,287.65732,306.35296,293.77712,281.05246,,
718.0305,859,693,576,554,464,336,292,285,303,275,286,849.19126,701.76439,579.94593,550.91055,477.78258,317.86138,274.92353,286.64656,306.18884,293.20159,280.56189,,
718.22433,834,687,561,536,460,313,287,261,297,275,271,846.08838,699.90663,578.35469,549.49834,476.68679,316.77159,274.72244,286.45161,305.98405,293.29292,280.22531,,
718.41817,830,700,560,538,463,291,272,280,305,274,284,842.30864,697.66559,575.75225,547.65209,475.04514,314.81436,273.01336,285.78727,305.04539,293.40959,279.71105,,
718.61203,854,703,575,544,479,337,261,283,300,300,282,839.72228,694.85676,573.33777,544.88867,471.82063,313.72316,271.05173,284.11622,303.1005,291.27543,278.92326,,
718.8059,847,710,577,587,484,334,271,300,318,331,308,836.74969,692.64081,570.6949,542.55981,470.05047,313.41817,270.25631,284.37847,302.947,291.49283,278.9077,,
718.99979,838,687,579,544,471,293,264,280,284,316,281,833.57261,690.16687,568.01556,539.72181,467.71453,311.51648,268.66255,283.14012,301.79694,290.25654,277.81689,,
719.19369,831,708,576,516,466,342,282,315,324,302,294,830.68484,688.56287,565.84115,538.18059,465.61856,310.2114,266.73839,282.52975,301.57705,288.66067,276.83341,,
719.38761,818,664,548,538,430,303,239,270,306,246,241,828.22193,685.75553,563.51729,537.53097,463.13192,309.67447,265.6079,280.80853,302.23568,288.13595,275.2345,,
719.58154,844,694,604,559,492,335,288,292,314,326,291,825.32535,682.88521,561.78896,535.19871,462.08299,308.60203,264.0658,279.31874,301.27138,288.0328,275.68815,,
719.77549,832,689,560,524,466,306,251,306,287,280,294,822.46896,680.75116,559.23713,533.65392,462.25944,307.89162,262.99232,279.37595,300.00566,288.06748,276.03751,,
719.96945,813,674,557,540,459,322,258,273,296,294,277,819.68285,679.026,556.2781,531.77648,460.39981,306.90761,261.54237,278.61689,299.57571,287.42816,275.5698,,
720.16343,818,681,552,542,458,234,255,273,303,290,265,818.15362,677.03912,555.45609,531.11853,459.42522,307.33407,260.56941,279.1509,299.77714,287.42683,276.25973,,
720.35742,820,655,555,522,461,325,269,256,296,270,277,815.7284,675.6112,554.55095,530.90342,458.61976,307.12673,260.17271,279.4196,300.41718,287.49059,277.40939,,
720.55143,787,657,530,496,436,284,239,248,264,260,250,813.22811,672.68996,552.57215,529.60074,456.00786,305.32456,258.66502,278.47158,299.2767,286.19156,276.99837,,
720.74545,812,688,573,541,479,325,271,305,322,315,302,811.2345,670.6035,551.14102,528.64776,455.43131,306.1492,257.48361,278.55548,300.13595,286.52819,277.77886,,
720.93949,831,656,526,505,440,318,266,250,280,257,259,809.69979,668.75734,549.75032,527.92652,454.23602,307.75866,258.17697,279.12351,300.21679,286.73979,278.62244,,
721.13354,802,672,550,527,463,303,280,285,297,310,273,808.34402,666.99773,549.3851,527.37672,454.23337,308.17708,259.41926,279.45695,301.50894,287.66015,279.39729,,
721.32761,789,637,528,514,431,272,225,266,274,257,244,805.76287,664.60409,548.3724,525.79202,452.59854,307.61258,258.50361,279.13556,301.57557,286.83162,279.66554,,
721.52169,786,664,536,544,448,304,254,280,320,276,256,803.00036,661.98788,545.57489,523.67637,450.58851,305.95277,256.86333,277.05615,300.64282,284.84283,278.78543,,
721.71579,802,667,565,561,464,305,274,285,308,326,292,800.36239,659.3169,543.66874,522.34714,448.15534,304.91848,255.79802,275.216,299.05309,285.20972,277.64022,,
721.9099,817,662,572,537,484,329,272,315,313,309,329,798.15905,658.11642,542.31197,519.92394,448.05862,305.07051,256.20782,275.37704,297.87069,285.98424,278.16456,,
722.10403,800,677,547,502,463,299,250,290,318,292,298,795.84901,656.94075,539.73936,518.48565,445.56398,303.82806,255.2642,275.49879,298.52389,285.23572,276.01345,,
722.29817,781,633,494,498,434,289,240,252,288,252,266,793.39213,654.63958,538.74461,517.51691,443.86301,303.51861,254.49063,274.5457,298.99146,285.55718,274.524,,
722.49233,783,654,552,517,426,291,242,250,303,271,249,790.54844,652.43589,538.05325,515.83662,442.7934,301.9279,252.86765,272.65995,297.90913,284.95058,273.87871,,
722.6865,795,645,527,495,449,297,270,290,311,285,282,788.4522,650.87227,536.54832,514.95724,441.52674,301.13022,252.17556,272.55498,297.59881,283.83533,273.77839,,
722.88069,778,637,520,489,426,289,232,261,274,271,268,787.19398,650.34241,535.62001,514.23249,440.66187,301.62819,251.46465,273.37262,298.33478,284.0205,274.57406,,
723.07489,783,639,517,486,415,314,232,255,275,271,261,785.23206,647.8356,533.00075,512.25323,437.83773,300.69553,250.87547,272.4975,297.34508,282.46506,273.56683,,
723.26911,821,664,550,526,441,336,281,285,316,284,297,782.73338,645.4524,530.63809,510.47886,435.47457,298.94084,251.04417,270.99119,296.52307,281.25317,272.93058,,
723.46335,766,648,529,500,436,303,246,274,303,303,264,780.1032,644.24952,529.25269,508.93438,432.46617,297.53913,250.12687,270.6493,297.08691,280.33432,273.32334,,
723.65759,780,648,533,526,428,296,244,251,291,284,270,778.76174,642.78117,528.18222,507.35729,432.19634,298.06668,250.13078,269.52074,296.27677,279.48574,273.41235,,
723.85186,782,645,522,532,428,301,243,271,317,282,274,777.55895,641.71805,527.19917,507.85732,431.4117,298.86416,250.10836,269.89787,296.34506,280.46486,274.83467,,
724.04614,779,642,528,523,431,319,271,276,308,304,292,776.31217,640.40191,527.07178,506.15688,430.8272,298.4526,250.07556,269.22401,295.29104,281.72282,275.18501,,
724.24043,770,664,528,500,458,293,241,302,281,288,303,774.59503,638.95468,524.60251,502.84781,429.57763,298.48848,249.64219,268.96566,294.67666,280.22272,275.31926,,
724.43474,770,630,521,527,415,293,243,271,307,257,258,772.75449,635.92519,522.84063,501.51215,427.03479,298.21169,248.0918,267.8221,294.9699,278.9863,273.78715,,
724.62906,779,649,564,522,429,324,258,287,319,288,292,771.89164,634.72933,523.20093,501.43,428.81705,298.62726,248.69827,267.59938,295.04104,280.269,274.59736,,
724.8234,777,622,543,517,456,297,249,271,292,284,305,770.27027,633.83816,522.17257,500.09613,426.85076,298.78371,247.87427,267.97112,294.7607,279.9692,275.41072,,
725.01775,746,640,525,496,424,292,252,258,300,277,268,768.96299,633.30395,520.18218,499.49516,426.47328,299.4712,247.97067,268.67055,295.29819,280.67703,276.71809,,
725.21212,762,613,491,469,400,276,239,242,271,258,250,767.15425,632.3586,518.50672,498.50293,424.7341,296.76172,247.1152,267.7452,295.39589,280.57324,276.38295,,
725.40651,786,638,528,497,436,331,278,290,304,305,282,765.62864,630.1526,517.5247,497.19301,423.15912,296.7987,247.11547,267.02256,295.63326,280.34404,276.61175,,
725.6009,766,619,496,475,409,271,256,252,260,268,240,762.4975,628.96041,514.96177,494.55175,420.44107,294.46207,244.62767,265.24324,293.93898,278.89789,275.51738,,
725.79532,730,619,524,476,414,271,237,239,294,271,260,760.64543,628.18311,514.63596,493.73313,420.27713,294.53849,244.6274,266.72717,295.09595,280.32517,278.56423,,
725.98975,753,624,500,489,399,305,211,252,270,270,261,759.05228,625.93101,511.92482,491.40766,418.14356,294.06104,243.74459,264.58903,293.679,278.85905,278.01504,,
726.18419,751,618,481,478,403,280,232,244,269,288,254,757.17199,624.63118,510.52314,490.30041,417.16866,294.10573,244.24965,264.57365,293.31183,279.20193,277.22456,,
726.37865,766,624,522,502,421,303,254,276,303,305,266,755.09411,622.33222,508.14542,487.80824,415.09642,292.58588,243.00684,263.64525,291.80498,276.74817,275.06161,,
726.57312,751,633,500,490,408,285,243,292,321,264,273,752.84591,621.15237,506.60731,487.48273,413.84371,293.03196,242.45958,263.41133,292.58436,275.85495,273.98768,,
726.76761,751,613,495,502,386,267,226,248,300,250,252,750.79125,619.09606,505.39269,487.6361,412.10811,292.29158,242.28291,262.243,292.17457,276.99687,272.61795,,
726.96212,751,618,524,488,444,296,240,269,292,282,313,749.23595,617.43435,504.98272,486.79861,411.7392,293.20066,242.73941,263.28442,291.70835,277.87062,273.55883,,
727.15663,757,633,520,478,428,288,255,285,281,283,313,747.35851,616.55408,502.92559,484.79671,410.88242,291.52556,241.75612,263.06709,291.52058,277.49648,273.20306,,
727.35117,764,607,489,484,399,284,250,269,300,272,285,744.59308,614.19758,499.74473,483.04496,408.95153,290.31865,241.17047,261.48452,291.18655,276.35339,271.83395,,
727.54572,737,603,498,464,397,284,235,248,281,265,260,742.65286,612.60699,498.72568,482.17242,407.6286,288.99674,240.34893,260.23588,291.3278,276.15178,270.10489,,
727.74028,729,591,474,463,398,277,242,239,273,271,258,740.90077,610.90584,497.24075,480.69288,407.3174,288.3921,240.79764,260.92926,292.059,276.9065,270.43124,,
727.93486,751,626,534,501,442,317,259,271,312,296,309,738.20768,608.70269,495.06786,479.09266,405.80043,286.16116,239.01719,260.23948,291.23742,276.68613,269.2576,,
728.12946,748,618,515,478,426,331,234,268,303,284,286,736.77168,607.70713,493.92147,478.06585,404.90301,287.16385,238.76176,260.73204,291.30839,277.39,269.32485,,
728.32406,750,591,479,470,456,300,260,244,262,270,264,736.19185,605.9829,492.60205,476.95223,403.66253,287.68955,238.63175,259.88016,291.01348,276.69388,268.66511,,
728.51869,733,604,480,476,382,281,218,273,302,294,272,732.59197,603.80165,490.24116,474.87567,402.27833,286.04206,238.06739,259.39453,290.80715,276.57637,267.21138,,
728.71333,724,601,478,451,405,271,226,240,293,269,254,729.32562,601.10963,487.70763,473.15731,400.05391,284.52434,236.02392,257.45736,289.18777,274.87698,265.05601,,
728.90798,717,588,448,487,386,268,217,255,298,248,264,727.06027,599.67238,485.71145,472.76955,398.53693,284.35568,235.49285,256.78178,289.55732,275.1309,263.89366,,
729.10265,726,617,527,518,403,303,250,281,328,335,287,724.56169,596.68088,483.49648,470.84985,396.90672,284.19369,235.09246,255.48572,288.72443,275.93266,262.58778,,
729.29734,716,633,478,476,409,278,247,272,285,273,292,722.30651,595.68643,481.62631,469.0287,396.91776,283.95438,234.45154,256.36522,287.49249,276.42687,262.94034,,
729.49204,708,605,462,456,317,288,223,265,303,266,261,719.96802,594.47192,479.02342,469.59843,395.04791,283.99345,234.21389,256.61229,288.16626,277.27385,261.50454,,
729.68675,724,593,466,463,416,269,235,264,289,276,265,718.2283,592.73952,478.55637,469.93334,393.61453,284.89524,233.82058,256.80634,289.58799,277.91961,261.8053,,
729.88148,693,564,496,452,354,265,207,219,266,254,228,715.33989,590.20623,477.02516,469.56178,393.07509,284.46112,233.14293,256.48545,289.08102,277.82507,262.56814,,
730.07622,712,582,482,468,396,285,233,271,285,277,266,711.73066,588.19701,474.75907,468.47081,392.39165,283.7293,232.68722,256.0788,288.67091,277.57503,262.40336,,
730.27098,704,598,460,459,395,277,217,245,271,259,256,708.67186,585.78296,472.10172,466.41378,390.7404,282.47303,230.94351,254.44635,287.46015,276.46468,261.53933,,
730.46576,724,561,486,475,410,319,273,268,300,286,270,706.96453,584.59,471.10501,465.52658,390.0161,283.10775,231.7006,254.81458,288.13314,277.15212,261.88163,,
730.66055,704,575,452,457,367,281,223,211,258,242,172,704.77701,583.27511,469.72174,465.16453,389.48164,281.38646,232.75972,254.78484,287.40563,276.20981,261.50764,,
730.85535,717,594,485,472,395,297,251,277,302,280,240,700.43983,580.81279,467.51118,462.92609,387.55707,279.02451,230.68357,252.56051,286.55014,275.60583,260.23876,,
731.05017,700,578,463,451,379,265,222,239,282,272,257,697.84149,578.77499,465.376,461.6486,385.79861,279.42073,228.71637,252.31874,285.14632,274.74969,259.07959,,
731.24501,690,574,472,486,383,282,224,249,295,318,271,694.95889,576.22981,462.46028,460.22614,383.91925,278.60198,227.57397,250.56291,283.81696,274.66298,257.89225,,
731.43986,687,558,447,445,369,240,225,237,261,286,239,692.37849,573.87098,460.64937,458.56434,382.63591,278.02168,226.67789,250.08585,282.65782,275.62042,256.88629,,
731.63472,693,591,464,450,404,277,234,276,290,271,284,689.69046,572.14027,457.76568,457.34771,381.06059,276.80058,225.91182,249.63365,283.13903,275.19978,256.04716,,
731.8296,692,575,447,466,386,244,213,237,301,269,250,686.69182,570.16107,455.69709,458.6982,378.08632,275.60119,224.43147,248.26972,283.98023,274.62855,254.86849,,
732.0245,687,565,482,474,389,303,241,260,303,300,270,684.52438,567.50787,454.34909,457.40198,377.87615,274.93116,223.70122,247.06369,282.92867,275.09264,255.82401,,
732.21941,697,570,466,461,401,278,216,271,280,288,276,682.32952,566.09029,452.88412,455.58937,376.89461,273.79282,223.43122,247.26689,283.08868,275.24016,257.24229,,
732.41433,667,562,447,449,372,282,222,256,277,272,270,679.50493,563.77395,449.12997,453.06523,373.96034,271.55535,221.85157,246.41996,282.07803,273.85909,256.46696,,
732.60927,668,554,435,445,358,261,205,228,264,250,229,675.82908,560.73691,446.63123,449.70914,371.01823,268.9369,219.30218,244.55838,280.46386,272.15042,255.39229,,
732.80423,680,559,446,437,374,308,242,244,276,265,263,672.10981,557.25151,443.54746,446.93882,367.81302,266.19971,218.11439,242.22358,279.42898,271.0311,254.48497,,
732.9992,636,512,399,404,335,221,184,189,237,226,207,668.70486,555.60368,442.12657,445.17833,366.40816,264.40193,216.69696,241.32157,279.54325,271.07608,255.09547,,
733.19418,640,557,431,441,367,257,226,260,286,282,264,666.56312,554.23559,441.20506,443.33097,365.55557,264.33629,215.40567,241.28193,280.01792,271.27011,256.09536,,
733.38918,687,558,445,448,367,303,207,239,272,286,260,664.63716,552.2531,438.91069,441.1051,365.58337,263.97243,215.43113,239.90935,278.62097,271.04385,256.10791,,
733.5842,691,578,456,465,389,297,256,265,310,330,292,662.46461,550.27631,436.86906,439.90041,364.18882,263.02125,214.93101,240.22854,278.9675,271.50542,257.20096,,
733.77923,660,533,426,431,366,257,204,242,272,267,266,659.59881,548.19264,434.30592,436.58305,363.115,262.02605,213.56364,238.74412,278.62076,270.21545,257.00358,,
733.97427,664,584,437,481,373,276,228,271,309,272,295,656.2331,545.02836,430.42076,434.56978,361.06727,260.35056,211.35792,237.15645,277.98498,267.72826,256.58676,,
734.16933,644,543,424,462,346,253,207,228,300,269,258,653.88419,542.44762,429.12967,434.54565,359.19144,260.02621,210.60848,236.14949,278.02317,268.96756,256.71961,,
734.36441,642,514,441,409,367,238,190,218,261,219,277,651.09559,541.7785,427.53163,432.75519,358.97024,259.66223,210.74502,236.5254,277.43636,269.13484,258.45573,,
734.5595,626,548,414,411,366,236,207,235,246,248,254,648.31853,540.88185,424.60479,430.39036,355.35428,259.34214,209.24737,236.81986,277.97511,268.59861,259.51625,,
734.7546,662,549,434,431,367,253,207,238,284,268,256,645.87094,538.47618,421.70398,428.5081,354.26778,257.95232,208.81087,235.96944,279.00616,268.23654,259.74726,,
734.94972,655,550,446,436,342,256,201,226,291,266,253,642.49836,535.42402,420.38293,427.14999,352.21507,256.40757,207.42984,234.79868,278.11069,267.24157,259.4358,,
735.14486,650,536,425,440,346,254,232,248,290,274,256,639.22458,532.4775,418.4264,424.94244,350.87957,255.42338,205.88752,234.81096,277.76534,266.62627,260.13794,,
735.34001,628,516,402,426,348,244,188,228,257,260,245,635.5464,529.72806,415.32458,422.04761,348.35638,253.08725,202.87318,233.54101,276.59967,264.83644,259.42139,,
735.53518,623,495,376,379,310,264,152,200,254,280,221,632.6561,526.40877,412.53981,419.42733,346.33267,252.00297,202.25249,232.58935,275.70335,263.74552,259.24037,,
735.73036,657,528,428,436,357,284,237,256,288,271,265,630.23729,523.31412,409.55526,417.18601,343.0841,251.13647,201.23543,230.36746,274.11604,261.96471,256.66346,,
735.92555,617,516,401,414,333,222,206,196,282,278,262,627.37034,520.72552,408.1747,415.55573,341.70201,250.0535,200.80113,230.74767,274.97875,261.61412,256.06743,,
736.12076,620,525,402,403,335,232,193,232,274,271,254,624.52726,517.87372,406.01925,413.20102,339.62414,248.95379,199.86922,229.68654,274.80561,260.06655,255.83567,,
736.31599,623,524,402,434,329,243,205,218,303,255,258,621.64649,514.35659,403.91015,411.44742,337.14501,247.72937,198.61723,228.61668,274.28191,260.12256,255.86666,,
736.51123,610,512,417,408,322,245,189,236,271,260,260,618.73601,511.01943,401.7231,408.39539,334.94729,245.95832,197.90666,227.53267,272.69517,260.19067,255.07271,,
736.70649,618,498,381,324,342,219,192,224,237,244,249,615.83205,508.32318,398.96516,405.30474,333.96922,244.99771,197.2507,227.68869,272.09187,259.00473,255.32549,,
736.90176,586,524,382,390,303,222,175,239,292,233,238,612.95644,506.09303,395.58228,403.66905,331.51419,243.02942,195.92079,225.93325,272.09078,258.19083,254.27301,,
737.09704,588,498,382,393,312,225,170,209,237,240,227,609.56762,502.24442,393.97631,402.66957,329.53693,242.98075,195.14186,224.86303,272.09117,258.17994,253.2974,,
737.29234,617,501,431,422,349,256,210,230,294,280,280,606.87057,500.13892,392.88197,400.9207,328.73211,242.35156,194.269,225.21914,271.95459,258.90802,253.67179,,
737.48766,622,520,400,432,348,271,233,245,300,286,271,603.36132,497.68253,390.42909,399.98865,327.87997,242.26309,194.20066,225.74237,271.86996,259.2299,254.36796,,
737.68299,616,523,394,410,360,271,197,253,272,273,265,599.59854,494.18281,387.08322,397.4926,325.28488,239.97742,191.81778,223.96974,270.74278,257.59759,252.0511,,
737.87834,631,496,400,415,350,287,227,239,272,260,271,596.58581,491.8279,385.39793,395.95221,324.2427,240.92007,192.22352,223.8322,269.95563,257.32841,251.65213,,
738.0737,589,478,369,397,322,254,203,208,252,243,242,592.54334,488.56563,383.12625,393.61304,322.6727,238.64464,191.57134,222.32861,268.85886,256.55664,250.41731,,
738.26907,584,466,378,400,329,239,186,227,271,239,255,587.5862,485.77193,380.09239,391.61469,320.51906,237.1371,190.35808,222.44454,268.2801,256.28642,250.07409,,
738.46446,574,472,366,367,305,240,158,196,248,236,225,584.82394,483.05459,378.10698,389.33326,317.86394,237.75603,189.00249,221.55043,266.93071,256.39197,249.24904,,
738.65987,586,468,378,409,313,228,189,221,261,270,248,583.58753,481.357,377.41532,388.9699,318.20845,239.27611,190.3186,222.15665,267.98231,258.0075,249.93463,,
738.85529,595,488,389,401,326,244,207,239,277,290,266,580.73823,478.26053,375.19031,386.24184,317.42465,238.77938,189.19751,221.48726,266.64377,257.61834,249.20993,,
739.05073,568,499,382,368,339,233,192,252,292,256,277,578.4083,477.43718,373.39815,386.26608,317.50282,239.4591,190.66223,222.96876,267.37851,257.29586,250.32846,,
739.24618,570,454,345,388,290,207,159,201,277,233,234,574.99354,474.2058,370.95517,385.53242,315.43682,238.97821,190.18193,221.15457,267.8932,256.84611,249.25178,,
739.44165,557,431,369,386,303,210,188,195,258,245,225,571.95619,471.05749,369.98335,383.63673,314.04734,238.28712,188.8342,220.61619,266.51646,256.04136,250.33391,,
739.63713,558,466,369,373,309,223,161,234,224,246,256,568.51972,469.01778,367.21226,382.1972,314.3986,237.72151,187.94781,220.60035,265.41455,254.9643,250.60624,,
739.83262,554,454,344,336,274,219,158,197,260,241,234,565.83014,467.50905,364.81078,381.19509,313.89732,237.37124,187.34119,221.00754,265.28035,254.94587,250.00095,,
740.02814,566,463,351,374,282,216,185,204,257,247,232,563.65904,466.29353,364.85624,381.17715,313.65802,237.71913,187.00917,221.30445,265.41863,255.00317,250.57961,,
740.22366,572,473,367,388,321,255,222,222,269,268,271,560.16505,463.38474,363.38409,380.07769,312.85259,236.81467,185.80631,221.15436,264.59344,254.48864,250.65225,,
740.4192,568,454,386,398,325,264,206,238,292,274,272,555.83094,460.42746,360.4888,378.98448,311.58939,234.66747,183.13221,220.65741,263.24685,253.97042,249.83583,,
740.61476,532,456,362,369,328,226,175,225,276,253,250,551.98963,457.24195,357.23108,376.76203,308.61782,234.23532,180.24639,219.00908,261.63247,255.49963,248.66233,,
740.81033,560,458,340,362,293,254,185,201,234,238,239,549.57129,454.61918,355.67619,376.02587,307.87053,234.99959,179.81048,219.24467,260.84702,254.85259,248.36393,,
741.00592,544,452,344,364,300,226,175,212,246,271,239,545.03366,452.14322,353.34282,374.05851,306.03049,232.66484,179.01728,216.96541,260.55983,254.57705,248.01882,,
741.20152,533,472,352,381,319,249,188,222,271,270,243,541.74174,450.55686,351.28066,372.43985,305.41786,232.40098,178.15674,217.1663,260.16915,254.29432,248.32175,,
741.39714,527,450,328,389,296,225,171,210,274,244,236,538.99336,448.83336,349.35917,371.96226,304.52452,231.67945,178.23346,216.66411,260.78443,254.01923,248.87089,,
741.59277,530,463,364,399,290,232,179,208,270,274,244,535.34198,446.1056,348.24544,370.86647,302.48735,231.28494,177.23181,215.41645,259.23353,254.07848,249.03592,,
741.78842,527,434,373,370,328,232,182,238,264,262,256,532.41706,444.21826,346.06682,366.21794,301.72147,230.10784,176.71895,215.82412,258.22961,254.7737,249.98784,,
741.98408,540,482,354,360,323,227,195,244,271,271,277,527.64457,442.43691,342.49299,364.69598,298.33181,228.24811,174.72584,215.43539,257.83705,253.61734,248.61204,,
742.17975,529,431,325,377,303,226,177,214,255,239,242,524.4987,440.82228,340.87556,363.89588,296.51338,227.46461,174.14184,215.00693,257.91223,253.69703,248.32904,,
742.37545,527,434,354,338,278,213,154,196,248,236,225,520.80928,438.73272,340.59854,362.5804,295.65401,226.99146,173.50121,214.88711,257.93382,253.93742,248.98616,,
742.57115,536,463,377,388,324,271,217,248,268,280,286,517.25706,437.11858,338.38286,361.52606,294.57419,226.50502,173.39387,214.77544,258.03923,254.44964,249.76563,,
742.76688,524,431,335,349,290,216,164,211,268,249,257,513.78738,435.65866,336.4917,360.18521,294.23251,226.17124,171.6578,214.92152,257.62724,254.21076,249.7799,,
742.96261,512,408,301,336,264,239,137,196,233,219,223,511.72566,434.65161,335.44046,359.46726,293.92333,227.21579,172.42984,215.2254,258.24417,254.55342,251.48488,,
743.15836,543,431,353,356,313,248,195,207,258,252,242,507.96496,432.48656,333.97246,358.67444,293.24238,227.21758,172.60912,215.58699,258.27314,254.56391,252.3782,,
743.35413,518,431,334,376,338,228,185,223,271,246,255,503.96673,429.61911,332.84444,357.55927,291.79481,225.99552,171.26671,215.50459,258.2984,253.65118,252.38286,,
743.54991,472,420,302,332,264,197,146,201,228,246,239,499.72258,427.27154,329.95726,355.00068,289.57218,225.90167,169.42941,213.65587,257.39335,251.51591,251.72702,,
743.74571,494,424,323,382,280,227,179,225,272,258,266,496.46613,424.55684,327.77859,353.82829,287.69694,225.08508,168.74375,213.09898,256.48601,251.24596,250.78568,,
743.94152,478,399,319,346,257,207,112,184,241,264,238,493.27611,422.38531,326.32157,351.50311,285.9462,224.75492,167.94677,212.77617,255.21967,252.10981,250.38064,,
744.13735,492,445,329,362,303,224,152,258,242,270,282,489.67675,420.50454,324.80269,348.64346,285.14426,223.9554,167.33663,212.95968,255.99255,251.17035,251.1203,,
744.33319,473,414,296,352,306,214,161,207,268,228,232,485.82179,416.81843,321.45876,346.64312,281.35265,221.80919,165.40082,210.91375,255.96829,249.56105,249.37111,,
744.52905,463,409,330,335,248,202,160,204,239,259,236,481.61123,412.62654,318.78312,345.51392,278.76246,219.80346,164.17378,208.56848,254.69601,248.97178,247.76976,,
744.72492,469,393,342,338,278,207,149,191,239,242,269,477.89268,410.81583,317.35734,343.92693,277.09713,218.28753,163.04691,208.64475,253.00274,248.19695,247.27896,,
744.92081,442,384,274,308,242,182,129,178,236,236,226,473.1808,407.93386,313.32003,340.61202,273.58146,215.8549,160.93304,207.41238,251.60038,246.58957,246.31403,,
745.11671,481,431,304,350,260,220,192,214,271,265,244,469.81012,405.28229,310.96589,339.12832,270.46667,213.50046,159.93218,206.34587,251.51054,246.14152,245.32069,,
745.31263,490,417,331,340,277,256,207,208,258,254,264,466.3504,403.4107,309.25532,337.65981,269.10702,213.21074,160.36748,205.84213,251.69911,246.34189,245.4681,,
745.50856,468,402,316,328,297,223,178,217,262,202,250,462.94691,400.71852,307.75549,336.04396,266.80672,211.89776,159.56765,205.51387,252.37045,246.3521,245.66108,,
745.70451,454,416,310,332,269,207,182,210,270,267,264,456.50207,395.85991,304.42264,332.52051,263.34669,208.20671,156.28571,202.9503,250.51757,244.28913,243.57064,,
745.90047,489,402,312,356,284,254,170,238,251,268,268,452.7529,393.51963,300.48434,329.79368,260.52796,207.25176,155.26932,201.39152,249.15855,242.65918,242.34719,,
746.09645,450,381,304,335,242,191,160,188,247,268,240,449.45111,390.72969,298.12625,327.5724,257.99778,206.18134,154.54855,200.77922,247.98736,242.80074,241.69383,,
746.29244,431,385,299,329,239,213,138,194,244,255,234,445.43673,388.49591,295.55517,325.25819,255.98129,205.77155,154.35231,200.02082,247.55202,242.45446,240.70387,,
746.48845,445,410,287,326,266,202,156,239,292,249,249,440.71662,385.74563,292.54112,323.40495,253.12066,203.96963,152.92503,199.06902,246.88292,240.64443,239.42782,,
746.68447,425,367,285,357,240,197,139,171,239,206,208,436.53048,382.88061,290.75861,322.82068,249.77701,202.31222,152.23532,197.07228,246.57272,240.94598,237.39969,,
746.88051,452,389,333,308,288,217,169,211,273,250,273,431.90503,378.833,287.75836,319.73814,247.14467,200.36982,150.55048,196.09133,244.73141,240.22637,235.75263,,
747.07656,390,357,265,277,239,176,108,180,198,207,221,427.82251,377.18748,284.7894,317.744,245.43258,198.48493,149.34062,195.76613,243.84888,240.07629,235.39978,,
747.27263,431,373,266,319,239,190,143,185,251,237,239,423.66396,374.75884,281.40778,316.36481,242.52563,196.95715,148.1311,194.25507,243.36431,238.98337,233.68074,,
747.46872,434,378,305,325,246,207,152,200,261,237,228,419.83481,372.13226,279.1196,313.54731,239.46366,194.37482,146.05848,192.77019,242.10653,237.50565,231.41457,,
747.66481,429,382,292,317,235,207,178,204,256,254,250,417.01094,371.00879,279.01244,313.19674,238.35185,194.46425,146.56733,193.29108,242.43639,238.77979,231.62921,,
747.86093,399,341,271,302,225,181,127,188,220,222,198,413.41494,368.95857,277.46961,311.7298,236.97946,193.28454,145.63023,193.18727,242.94886,238.82308,231.82258,,
748.05705,415,358,250,284,205,185,123,149,213,210,188,410.31738,365.94996,273.7997,309.93284,234.41779,192.65974,143.60244,192.28911,242.21514,237.76674,230.25391,,
748.2532,417,366,239,294,233,212,157,175,226,230,224,408.42155,363.55077,272.96763,307.65492,233.12431,192.70767,143.62726,190.72629,241.70602,237.33104,229.29564,,
748.44936,414,350,282,306,232,173,143,200,230,266,210,405.61564,361.329,271.41113,307.11547,233.11391,191.75157,143.54028,190.84854,242.27636,237.29321,229.37672,,
748.64553,390,354,269,299,223,180,130,177,239,238,237,401.60078,358.80955,268.4934,305.02571,230.96963,190.01581,142.09905,189.44995,241.34302,236.2034,228.30746,,
748.84172,396,354,255,335,229,175,153,186,270,222,238,397.48837,355.51895,266.09314,303.6182,228.24198,188.15724,140.75651,188.69277,240.75336,235.5806,227.54119,,
749.03792,381,358,249,324,209,176,134,185,220,252,212,393.25679,351.29969,263.25459,301.22367,225.10113,186.75827,138.24784,186.26121,240.51462,235.61782,226.47799,,
749.23414,388,377,271,316,261,190,143,212,233,252,254,389.23289,348.93909,260.28175,299.12218,224.16016,186.06494,136.47455,186.61829,238.79041,235.99021,227.02505,,
749.43037,384,369,271,284,232,181,146,216,258,226,238,384.92351,346.24981,257.64733,298.60257,223.0497,185.38463,135.09479,185.29067,238.43167,235.12222,226.17683,,
749.62662,363,317,226,282,202,170,111,172,235,229,229,380.78321,343.8108,255.15708,297.57267,220.93918,184.22981,133.97755,184.33536,237.31185,235.48459,225.74384,,
749.82288,389,335,287,296,222,192,133,175,258,250,220,377.00935,340.89334,254.1644,296.45378,219.11667,182.81003,131.62309,182.98795,236.13645,234.57084,226.27437,,
750.01916,353,332,234,263,207,182,117,169,208,213,212,372.32599,336.94965,248.54787,294.33367,216.73608,181.03681,129.34984,181.08936,234.83293,233.88831,225.19002,,
750.21546,360,312,222,271,178,146,104,162,204,207,208,367.82829,335.12141,246.45919,292.95067,214.48359,178.98938,129.00621,180.0829,233.56889,233.71281,224.58352,,
750.41176,354,316,232,286,211,191,133,170,208,218,207,363.28227,332.86045,245.79714,292.53632,213.07531,178.97296,128.62948,177.43806,233.44506,234.20098,224.66153,,
750.60809,425,394,274,326,260,242,194,239,284,271,266,360.23749,330.08768,243.63972,291.56599,212.4367,178.5339,128.32542,176.8896,232.94537,231.6876,223.94138,,
750.80443,367,314,277,294,207,184,133,185,228,244,228,357.15874,327.61172,241.55913,288.80584,210.03497,177.8845,127.57881,175.85923,232.52069,231.28839,223.86811,,
751.00078,335,320,226,276,200,159,111,159,228,216,204,355.05839,325.51747,240.15803,286.93001,209.67259,178.5006,127.09869,176.06136,231.19955,231.74323,224.2041,,
751.19715,344,321,238,296,200,156,102,170,226,233,214,352.84661,323.29901,239.87814,285.02204,208.28725,178.53188,126.98081,175.77528,231.27788,232.11903,224.82086,,
751.39353,360,317,225,293,205,178,124,161,239,260,212,349.24739,319.81789,236.7732,283.28796,205.58203,178.02376,126.02014,173.98777,230.75916,232.56416,223.82267,,
751.58993,344,336,215,264,214,180,104,192,225,221,244,346.35518,317.22487,234.20145,281.28211,204.82215,177.90147,125.7778,174.03577,231.02956,233.28997,224.17489,,
751.78634,356,352,271,326,233,192,141,191,276,247,247,342.88686,314.34356,231.74713,280.45448,203.15488,177.22965,124.98598,172.70493,230.44076,232.16827,223.64088,,
751.98277,354,325,261,284,205,188,144,181,259,242,230,340.89284,312.82693,231.21563,278.32714,202.75807,177.8445,124.68801,173.28635,231.36664,232.87954,224.39928,,
752.17922,350,303,250,282,232,176,131,196,233,245,246,337.87674,310.68706,229.63915,276.10127,202.51559,177.51492,123.28032,172.97069,230.56597,232.51,224.99993,,
752.37568,340,310,245,293,216,200,138,177,253,256,249,334.76928,308.21104,227.25391,273.93051,200.9164,176.00306,122.27108,172.02623,229.91121,232.0484,225.20059,,
752.57215,317,288,198,260,199,173,117,161,220,208,230,331.87116,306.19144,226.53218,272.56511,200.20327,175.42572,121.16016,171.91576,230.41793,231.68912,225.62844,,
752.76864,334,286,204,258,175,164,116,144,213,218,205,330.38873,305.30689,226.1236,271.96777,200.09398,176.28234,121.80197,172.74416,231.66504,233.11769,227.25133,,
752.96514,306,290,239,250,184,168,122,149,216,220,228,327.76323,302.18478,224.86473,270.44968,199.06927,176.26762,121.05413,172.33747,231.35063,232.36137,226.74484,,
753.16166,297,288,193,284,189,157,109,179,230,228,224,324.83954,299.72443,222.78586,267.66151,197.16596,175.5597,120.30737,170.7896,229.94222,231.01314,225.42787,,
753.3582,306,280,197,247,177,174,105,136,206,206,200,323.72486,298.02215,221.07038,265.62126,197.07864,176.92596,121.21756,170.92453,229.95483,230.62396,226.12394,,
753.55475,299,276,207,253,177,169,110,162,209,240,221,321.49095,295.45899,219.28406,263.8956,195.89474,176.40273,120.43768,170.27935,228.92716,230.43326,224.86269,,
753.75131,323,306,207,282,213,206,141,164,240,239,241,319.13756,292.86093,218.00188,262.55358,194.18506,176.62545,120.58434,169.31242,228.10795,230.2871,224.50422,,
753.94789,313,315,218,287,207,175,112,180,196,226,227,317.17726,291.128,216.40585,261.30877,194.04054,176.43808,120.79947,168.77558,228.47605,230.11697,225.45138,,
754.14448,323,303,237,301,181,169,121,163,244,224,220,314.91599,290.05457,214.27498,261.40266,194.22261,176.99812,120.59249,169.33568,228.77805,230.76783,225.51288,,
754.34109,318,288,193,242,197,159,116,175,226,224,220,314.00621,289.33285,213.33731,261.73533,194.2993,177.55276,120.9631,170.31699,229.51535,231.76464,226.45075,,
754.53772,303,274,222,239,175,161,105,160,223,211,207,311.61936,288.10329,212.13174,259.98186,193.39566,177.22435,120.65043,170.38338,229.31996,230.89748,226.27312,,
754.73436,296,271,188,241,195,174,136,158,222,238,207,308.88901,285.57972,210.01321,258.57498,192.29693,176.21439,119.86432,169.82333,228.68445,230.33523,226.3876,,
754.93101,298,294,283,239,178,158,111,159,220,224,219,307.44343,285.00374,210.72824,257.95178,192.14533,176.08954,119.61435,170.26164,229.96605,230.90038,226.89506,,
755.12768,335,271,197,253,190,207,108,163,257,238,220,304.54114,283.42714,208.56502,255.54056,190.75947,175.73182,119.07925,170.14471,229.48778,230.31455,226.70819,,
755.32436,362,276,175,208,181,186,134,220,210,207,220,302.35799,280.99644,206.06512,253.48606,190.15348,173.933,118.03481,169.34572,228.51315,229.09339,225.67983,,
755.52106,302,282,214,207,181,177,112,166,228,255,239,299.34673,278.94038,203.70581,251.98048,188.9113,172.80339,117.44277,168.90894,227.3851,227.71888,225.30938,,
755.71778,293,292,211,270,223,172,139,180,239,252,239,299.10992,278.99524,202.878,251.72253,189.71906,173.87615,118.65628,170.41238,228.89665,227.51895,226.79275,,
755.91451,302,271,194,272,178,184,127,174,258,232,239,297.94408,276.94383,202.40988,251.41904,188.45935,173.38705,118.96222,170.45598,227.92086,226.95162,227.01812,,
756.11125,273,254,146,260,173,145,109,143,209,242,206,294.98048,274.21996,200.18184,248.62332,186.11846,171.6298,117.89597,168.85001,226.13312,225.79105,225.91157,,
756.30801,303,303,239,252,217,186,116,201,225,233,258,292.57272,272.12562,198.55911,246.70935,182.55852,170.60527,116.42114,167.88312,225.03017,223.88009,225.23249,,
756.50479,298,309,217,262,184,166,110,195,254,220,234,290.71451,270.39258,195.60248,245.78015,180.13964,168.76697,115.80169,166.2256,223.74153,223.86951,221.94303,,
756.70158,303,284,216,261,193,182,112,181,239,238,224,289.46166,269.32456,193.49528,245.10489,178.73098,168.21763,114.92432,165.87975,223.63449,223.13889,222.52144,,
756.89838,286,262,208,263,207,162,129,157,226,218,250,288.85404,269.95814,194.49281,246.25989,179.68489,168.22139,115.6857,167.169,225.38164,224.38859,223.77848,,
757.0952,258,250,180,232,159,152,106,156,207,207,208,287.86949,270.13531,193.30023,246.51134,179.52635,168.21903,115.88512,168.08668,226.73743,226.95495,225.01427,,
757.29204,302,277,207,271,207,207,125,182,253,236,240,286.45591,268.77825,192.8624,245.88011,179.46622,167.06308,115.02979,166.80826,227.24848,226.19803,225.58103,,
757.48889,308,271,194,256,190,201,143,172,230,234,224,285.47143,268.4982,192.3733,245.81936,179.21219,167.07966,115.13273,166.75594,228.41573,226.39833,226.4919,,
757.68575,262,239,175,224,160,158,118,146,202,189,206,282.21681,266.55211,189.65061,244.57551,177.68267,164.2972,113.75193,165.79159,227.5209,224.54037,226.10116,,
757.88263,272,274,184,239,180,161,118,173,216,228,224,280.02097,264.82412,187.95995,243.84623,176.66874,162.40295,112.1955,164.82564,226.80326,223.27783,225.26331,,
758.07953,303,270,190,264,189,189,112,171,243,233,236,278.60887,264.7192,187.5927,243.17971,175.66149,162.20728,112.10793,164.21371,226.66774,222.76149,225.77114,,
758.27644,249,255,161,249,153,148,88,133,204,217,198,277.25772,263.64656,186.10007,244.26621,175.72645,161.99606,111.99576,164.70699,227.36044,222.42966,226.00942,,
758.47336,289,271,206,252,190,173,134,184,241,250,248,276.02591,262.25978,184.40316,242.97943,174.80564,161.65107,111.44649,163.34664,226.15029,221.23452,225.49901,,
758.6703,275,281,181,233,204,152,90,176,246,226,248,274.38209,260.71041,183.5168,242.91819,174.55419,161.83658,111.73623,163.68119,226.09853,220.97792,226.27138,,
758.86726,271,256,178,272,159,157,110,172,244,208,207,273.64051,259.97345,182.83137,244.10585,174.95076,163.10351,112.30594,163.17008,227.23774,222.10358,227.06394,,
759.06423,269,239,190,224,121,126,107,132,197,207,207,272.16687,258.82749,181.8819,244.58706,175.4027,163.28026,113.03561,163.26035,226.20535,221.90491,227.95671,,
759.26121,229,250,173,209,175,133,96,143,187,194,218,271.21239,258.43063,180.38891,245.8723,174.48527,162.58273,112.7115,162.45009,226.16005,221.15719,228.1439,,
759.45821,276,268,186,248,187,150,125,185,244,230,245,269.85288,257.23688,177.37962,244.97816,172.75979,160.65632,111.57419,162.17113,225.26855,220.17387,226.93366,,
759.65523,270,265,172,234,165,159,107,168,242,222,230,268.21869,256.06879,176.77331,244.99674,172.08643,160.39161,111.38721,162.18143,225.67705,219.47555,227.03203,,
759.85226,255,214,134,220,150,149,109,134,202,204,206,266.79658,255.08512,176.2586,245.42932,172.54719,159.79315,112.35339,161.86985,225.43358,220.18449,227.06936,,
760.0493,271,242,178,246,176,145,101,141,208,202,217,264.2731,254.10184,177.26725,245.0839,171.35407,158.20623,111.05678,160.7612,224.73619,219.64871,226.52624,,
760.24636,254,250,175,240,112,152,100,152,213,210,239,264.43317,253.30266,176.73515,245.67981,171.68083,158.65592,110.4526,159.74432,225.92043,220.00464,226.57831,,
760.44344,278,239,178,236,157,172,111,143,215,221,212,265.44255,252.91982,175.84711,244.61068,171.95316,159.90516,111.40626,161.52753,225.70337,219.42395,226.679,,
760.64053,265,252,171,239,138,156,119,149,201,238,207,264.16816,252.56239,175.98292,242.96034,171.79648,159.17445,112.50259,161.49125,225.94056,220.3909,227.33183,,
760.83763,248,252,169,213,157,157,96,150,233,231,213,261.62337,252.66885,176.24383,243.18868,173.11572,159.83895,114.23412,162.57392,226.55467,221.24814,228.28701,,
761.03476,280,286,182,284,188,175,120,181,265,224,232,261.62235,252.27799,176.05753,244.14691,173.11853,160.37305,114.70364,162.97232,227.37319,221.73422,229.23989,,
761.23189,274,274,175,286,238,143,124,172,245,270,225,260.51347,250.34155,174.04752,244.64004,172.79017,159.73689,114.51401,161.31738,226.28449,222.89828,228.46957,,
761.42904,278,264,212,261,216,192,117,189,271,242,318,260.27618,250.80129,175.50388,244.13772,174.15493,160.28295,114.89683,162.46531,225.82222,224.30662,229.21452,,
761.62621,246,268,176,226,200,153,104,181,221,232,228,260.04372,251.27187,174.88328,244.44327,173.43365,159.94589,115.03948,163.33695,226.76224,224.61191,228.67775,,
761.82339,237,235,126,229,144,146,82,127,211,189,210,259.60194,250.81528,174.92396,244.50287,172.87832,159.88774,114.22333,163.02349,227.62844,225.55951,228.02691,,
762.02058,251,228,197,223,154,142,105,126,212,130,191,259.06317,249.79211,174.35346,243.95508,172.61433,158.97542,113.87635,162.34384,227.19733,225.46712,228.00082,,
762.21779,268,261,170,255,182,170,133,222,216,242,229,257.52533,248.86561,173.55698,243.71048,172.14526,158.49374,113.51836,162.47346,227.21919,224.99622,227.63933,,
762.41502,249,234,173,255,181,158,113,172,215,228,225,257.08526,248.29405,173.05336,243.68122,172.16487,158.39561,112.41509,162.32673,227.16111,224.63055,226.87433,,
762.61226,310,271,207,270,216,236,148,191,256,255,256,257.97318,248.43872,173.56416,244.53007,172.85139,159.74418,113.86799,163.12553,228.00503,225.5826,227.08036,,
762.80952,303,265,180,255,179,208,161,175,246,248,250,256.89635,246.83739,172.8238,243.41142,171.97474,159.00417,113.99459,162.74339,227.44216,224.55331,226.55954,,
763.00679,254,212,173,246,188,157,123,165,229,226,228,255.34334,246.80104,172.77608,242.95896,172.2796,158.18191,113.26098,163.34295,227.4213,225.1723,226.06575,,
763.20407,239,239,166,221,156,142,111,156,213,228,234,255.41319,246.24515,172.44305,242.85714,172.39335,158.84688,113.38599,163.00288,227.2702,224.58212,225.40291,,
763.40138,239,240,174,267,175,160,120,174,253,235,234,254.41614,245.80265,171.59942,242.36003,171.91359,158.46069,112.07241,161.74088,226.23013,224.56683,223.93803,,
763.59869,242,239,154,232,148,134,93,137,214,239,207,254.94389,246.35573,172.14059,241.89787,171.67129,159.17368,112.82786,162.71216,226.14616,226.2232,224.37657,,
763.79602,233,242,143,218,160,132,114,164,200,192,225,255.35779,247.60269,172.37629,241.12478,173.00525,159.43847,112.71077,164.07812,227.58862,226.59542,225.76452,,
763.99337,248,273,161,252,154,137,78,160,225,222,207,254.78056,246.85732,170.93791,242.00892,171.46746,159.18897,112.18805,163.64445,228.53999,226.33613,224.26277,,
764.19073,242,244,206,249,175,159,120,175,239,240,221,254.43489,245.76794,171.40945,241.90095,169.46628,158.12306,111.88976,162.09978,227.13991,226.03443,223.12132,,
764.38811,254,261,225,272,225,193,147,171,255,252,271,253.02861,245.57138,171.74018,240.88648,169.71619,157.222,111.55238,161.30852,225.3439,225.59562,223.15357,,
764.5855,251,249,180,239,173,138,105,145,208,231,214,253.14816,246.49503,171.47385,240.98279,170.92892,157.16062,112.03264,162.95597,226.15975,226.31122,224.70674,,
764.7829,236,239,142,223,153,160,95,149,226,209,209,252.14782,246.64493,170.69166,239.52672,169.11527,156.04999,110.95019,162.78953,226.16528,225.58198,224.74011,,
764.98033,277,265,192,244,193,179,150,175,239,238,237,251.00605,245.08972,169.63428,238.19402,168.24078,155.37949,110.77621,162.04059,225.85259,224.41174,223.47068,,
765.17776,228,239,169,224,154,164,127,177,214,224,216,250.18404,244.80172,169.58321,237.78561,167.9935,153.7002,109.37414,161.34168,225.71657,223.69825,223.11271,,
765.37521,234,228,156,229,143,118,101,143,213,224,210,248.65659,244.07735,169.07554,237.15128,165.53401,152.03572,107.66083,160.85112,225.49779,222.90668,223.04562,,
765.57268,260,232,158,238,153,177,70,153,211,220,207,248.25767,242.5898,168.43109,235.4907,163.36936,151.10263,106.15237,159.38932,224.30112,221.96917,221.63261,,
765.77016,303,227,152,234,145,125,69,126,207,226,194,247.9643,241.36848,167.73383,234.31987,160.85513,150.86179,105.91712,158.4611,222.32393,221.75621,220.28232,,
765.96766,232,222,149,212,144,139,98,140,221,222,190,246.33552,240.78505,166.96806,231.8127,158.88978,150.22544,105.03885,157.18184,221.69302,220.91821,219.40044,,
766.16517,239,256,156,214,145,136,101,177,239,210,210,245.19586,240.80951,165.93479,231.93372,157.60196,149.34273,103.9272,156.63428,221.92419,221.22188,218.4312,,
766.3627,239,226,127,239,129,133,85,141,234,191,209,244.35505,239.6117,165.10093,232.72398,157.39002,148.12195,103.482,155.02695,221.35342,221.52909,216.89699,,
766.56024,236,238,181,222,168,142,82,148,218,212,232,243.57304,238.85612,165.39163,231.81737,158.04707,148.529,103.05262,155.25987,221.49745,221.73352,218.88589,,
766.75779,252,252,165,230,175,149,114,180,207,207,228,242.23853,239.09812,164.47442,230.41684,158.85393,148.03866,102.05855,156.03597,221.21459,221.8007,218.78274,,
766.95537,242,254,185,257,187,160,118,173,239,222,237,241.1759,239.38153,162.66165,229.92118,157.1759,147.62092,101.23733,155.58398,221.40343,221.58441,218.38322,,
767.15295,247,239,169,216,148,133,96,143,202,222,207,239.6245,238.29319,162.06705,227.96405,155.60262,145.85309,99.97273,153.38644,220.11563,217.70108,216.43283,,
767.35055,256,256,191,248,181,179,143,180,252,250,254,238.80475,238.53548,162.25715,227.54524,155.8966,145.89535,100.08075,154.68914,219.6958,217.75895,216.51453,,
767.54817,222,229,148,205,146,133,79,141,202,207,208,237.14621,238.3408,162.243,227.90052,155.75442,144.65394,98.74609,154.54586,219.34871,217.4734,216.61292,,
767.7458,243,256,171,236,168,164,99,152,217,226,210,238.40524,239.14709,163.08816,228.31752,157.12159,147.28286,99.52814,155.09377,220.49738,217.81864,217.59591,,
767.94345,271,239,156,225,146,173,131,143,207,205,224,240.24601,239.41543,163.24608,228.51455,157.81861,150.17022,100.52341,155.6276,221.40882,218.40927,218.59888,,
768.14111,254,257,173,239,162,156,98,175,239,254,245,238.93703,238.02442,163.07735,227.89264,158.00351,149.44483,100.89116,155.14057,221.27095,217.94523,218.42214,,
768.33879,238,241,161,241,144,153,121,169,232,222,236,238.3018,237.69021,162.46286,226.64935,158.14363,149.37831,101.1808,154.66033,220.84987,216.69098,218.34085,,
768.53648,224,223,159,246,172,140,97,143,238,198,222,236.96838,236.26105,161.62957,226.5271,157.67408,149.40069,101.26875,154.21518,220.54466,216.20861,218.4223,,
768.73419,212,209,145,239,136,132,79,120,193,218,191,236.31487,233.97015,160.85803,225.56495,156.85642,149.06236,100.73193,152.26546,219.24345,216.85476,218.48413,,
768.93191,240,253,201,223,191,152,108,178,207,220,248,234.98267,233.41926,159.77626,224.58939,157.17337,148.6539,102.0092,152.07135,217.93982,216.09112,218.21378,,
769.12965,230,249,152,206,166,145,96,178,239,217,236,234.22802,233.93089,157.73811,224.70853,155.12034,148.11103,101.13371,151.80921,217.60568,215.57143,217.72554,,
769.3274,220,228,137,212,137,139,81,161,239,202,204,233.28041,232.8272,158.59156,225.1302,154.81474,148.66991,101.18696,150.97662,218.35978,216.07137,217.33679,,
769.52517,208,205,169,206,111,120,77,117,205,192,174,233.37052,233.12632,160.62017,226.17973,156.81868,150.7122,102.03423,151.58989,219.54031,217.16283,219.23951,,
769.72295,239,227,175,243,191,162,111,161,233,232,207,233.10834,233.49704,160.92349,227.29471,157.91372,151.30395,102.41602,151.15647,219.10218,218.10179,220.03846,,
769.92075,228,230,141,222,143,136,80,144,202,229,225,232.33521,232.66837,160.04045,226.87395,157.95778,151.87406,101.00575,150.12324,218.72135,217.75922,219.79599,,
770.11856,232,207,143,212,143,164,111,142,193,207,201,233.80847,234.08958,161.76099,228.16737,159.98437,153.83026,103.23788,151.06967,219.98457,218.97678,222.79993,,
770.31639,239,225,153,210,146,172,121,140,192,212,211,232.4779,233.90602,162.45958,227.81306,160.2967,154.44644,105.06238,151.89966,219.91391,219.38508,222.63557,,
770.51423,225,238,160,239,174,172,128,160,222,226,230,231.01513,233.68341,162.01959,228.03715,160.2471,153.78978,104.43652,151.7513,220.24168,219.54581,222.6382,,
770.71209,207,242,154,225,164,134,95,144,232,220,221,231.66303,233.72455,162.24157,228.75349,160.5732,155.77859,104.2644,151.58223,220.77961,219.86564,222.50253,,
770.90996,232,220,152,242,160,146,91,153,217,238,207,233.73786,233.28275,162.50971,229.46671,160.6317,156.23862,103.96682,150.86253,220.94278,220.73256,221.8489,,
771.10785,250,236,175,226,169,176,123,160,224,192,228,234.15778,232.60692,162.01296,228.66294,160.55537,156.88151,103.98867,150.4796,220.55464,222.21253,220.96537,,
771.30575,240,276,164,212,195,159,109,194,239,242,244,234.22542,232.43845,161.79186,227.73021,160.14845,157.88172,105.23885,151.02451,221.13837,221.86781,220.208,,
771.50367,248,262,168,252,158,156,104,156,252,227,230,234.27076,230.5936,160.11984,228.32805,158.04911,157.81456,103.64341,149.36409,222.16505,221.3695,218.32311,,
771.7016,238,239,180,238,143,151,111,132,224,226,222,233.47546,229.17323,159.48413,227.59267,157.83415,156.9807,102.08822,147.92967,220.36837,220.73152,217.54497,,
771.89955,216,203,158,207,172,139,78,112,194,188,213,234.10378,228.87832,158.85597,227.35326,158.15108,156.82878,102.02766,148.67863,220.01477,219.9419,217.74319,,
772.09751,244,237,188,248,178,180,111,160,242,240,244,234.64828,229.61408,158.48694,228.6252,158.75232,157.46617,102.04797,149.92546,220.74541,220.46764,218.05891,,
772.29549,239,224,137,230,143,149,94,139,216,212,212,235.2001,229.44755,158.79691,228.06682,158.54466,157.52914,101.48504,149.80863,221.22705,220.95778,217.50658,,
772.49348,252,209,143,205,158,185,127,143,209,210,206,235.5115,229.76631,158.58491,228.27231,158.63768,158.57256,101.50488,150.38121,221.5054,221.40345,217.52278,,
772.69149,220,209,149,220,147,142,96,141,198,218,208,235.09685,230.67317,158.46345,228.48284,158.56751,157.78622,99.88102,150.89737,221.72133,221.74124,218.16209,,
772.88951,200,223,148,216,136,114,111,127,197,207,205,235.13937,230.92367,158.57243,228.40209,158.82453,158.17932,98.92342,150.78018,221.33738,222.01488,218.10272,,
773.08755,264,224,152,238,165,192,102,152,216,223,226,235.74317,230.71499,157.82675,227.75053,157.94421,159.03028,99.7431,150.85993,220.41206,220.97608,217.6925,,
773.2856,229,209,160,236,135,159,94,143,208,257,233,235.96122,231.03511,157.83549,228.18259,157.35643,157.66144,100.63782,151.77472,220.65494,222.01443,218.41754,,
773.48367,253,246,178,249,175,177,112,162,248,246,233,236.52142,230.85284,156.80274,227.32427,156.00743,157.90836,100.90022,151.93472,220.22882,220.92571,218.20379,,
773.68175,234,280,157,250,162,166,108,180,251,217,207,236.23989,229.71848,156.16191,227.83764,155.78407,157.74319,102.03323,151.26787,220.55825,219.64242,218.30481,,
773.87985,248,228,152,238,132,165,64,149,239,216,236,235.7828,228.19933,155.35002,229.59585,154.41097,157.54207,99.68219,149.5021,219.13987,220.13556,217.25049,,
774.07796,245,225,203,237,208,174,95,148,232,236,227,236.42037,228.88124,156.22306,229.51383,155.71247,158.60577,100.72237,150.25994,218.2063,220.8426,218.38196,,
774.27609,248,256,157,228,177,160,104,188,211,223,239,236.02016,229.01533,154.0282,228.62056,155.35541,157.63881,100.07382,151.07663,217.85773,220.14678,219.00627,,
774.47424,226,230,144,236,158,148,111,141,216,220,218,235.53299,227.65186,152.3526,228.14195,153.87612,157.36452,99.47154,150.86147,217.88915,218.94874,217.89905,,
774.67239,236,217,164,204,143,143,89,150,226,207,201,234.37591,227.38363,152.37509,227.49809,152.88505,156.88029,99.0248,150.50447,217.72595,218.26279,216.85834,,
774.87057,239,249,167,239,158,165,142,175,244,228,229,233.62919,226.86267,152.27822,227.72369,153.75186,156.30676,96.7592,150.89486,218.04097,218.15622,215.64208,,
775.06875,204,200,127,201,131,140,79,136,204,204,141,232.35416,226.62475,151.08421,227.6978,153.07978,154.79225,94.14977,150.55014,217.67929,218.17704,215.79642,,
775.26696,251,228,137,236,150,175,72,144,224,218,222,231.09826,224.92285,149.32716,226.73091,151.36739,154.42246,94.51605,149.73916,216.26524,217.17874,214.44153,,
775.46518,264,216,161,221,148,174,132,143,207,228,209,231.1545,224.18234,148.50721,226.03613,150.28202,155.10682,95.65515,149.16157,214.65938,215.78557,213.64846,,
775.66341,221,206,138,212,141,143,84,152,192,220,207,229.70063,224.54615,148.22034,226.54579,150.48762,155.47292,96.91964,149.69397,214.71743,215.77673,214.00478,,
775.86166,221,212,124,206,137,140,77,140,193,207,206,228.30293,223.70672,146.89857,225.56538,150.05307,153.90611,96.69442,148.81893,214.06607,213.92378,213.61745,,
776.05992,208,209,140,233,134,141,88,136,222,178,202,226.99801,222.49523,145.44255,225.02385,148.84265,152.67988,99.14682,148.54946,213.06122,213.35942,212.71691,,
776.2582,223,224,132,238,140,118,42,140,208,224,212,227.01155,221.87148,145.66278,224.54425,148.75546,153.64529,100.10036,148.59788,212.11907,212.70733,212.98843,,
776.45649,222,254,145,210,178,143,117,182,187,206,250,226.76024,223.46717,145.56259,223.69293,150.17033,153.79696,101.08576,150.45256,213.15953,212.83279,213.99345,,
776.6548,248,256,162,238,153,176,112,186,270,228,241,226.71286,225.09441,144.77279,224.46601,149.05513,154.10659,101.6744,150.49068,214.5418,212.95592,214.17695,,
776.85313,217,237,148,230,143,161,93,149,213,228,207,225.72926,224.06324,144.65607,224.48977,147.59709,152.93785,101.83891,148.80665,214.21167,212.79329,213.1359,,
777.05147,208,206,162,207,148,145,96,127,207,196,213,224.21704,222.76595,144.18823,222.89207,147.48078,151.43018,100.82387,147.00612,213.22531,210.77368,212.55489,,
777.24982,210,221,124,228,136,133,94,141,173,193,212,223.51168,223.07434,143.96761,223.00245,147.90133,151.55034,100.8819,146.48742,213.32707,210.77155,213.80369,,
777.44819,228,223,166,236,159,143,127,156,228,224,244,222.55553,222.59032,143.34132,222.50918,147.64135,150.87603,100.54409,145.48352,213.05971,210.0487,213.29462,,
777.64657,218,172,120,190,129,159,126,118,179,184,178,222.74428,222.56844,143.46678,223.11805,148.00761,152.03112,101.77565,145.71528,213.36873,209.39439,214.09649,,
777.84497,221,217,130,226,136,149,126,146,208,200,196,220.38708,221.46051,142.5442,220.18925,147.85606,150.1061,101.66373,144.57791,212.08267,208.70047,213.54903,,
778.04338,234,217,142,236,151,144,103,127,214,222,220,217.80265,220.70346,141.81207,219.41487,146.35382,147.54481,100.89565,143.38236,210.69791,208.10113,212.97662,,
778.24181,237,219,132,214,157,209,67,128,206,202,205,219.13658,221.75472,142.30515,220.14068,147.72344,149.79608,103.09955,144.49193,211.05898,209.37301,214.02922,,
778.44026,211,223,156,265,166,157,111,150,225,248,233,218.96233,220.1198,142.36393,220.37824,146.60554,150.2242,103.05717,144.44012,210.05368,210.29758,214.70951,,
778.63872,223,239,141,231,158,157,56,154,209,234,212,219.02845,220.14841,143.02082,220.0212,146.90321,151.03835,103.97635,142.73243,210.11468,211.49005,215.45231,,
778.83719,212,238,129,181,162,146,155,167,223,191,218,218.05137,220.93524,143.05321,220.49745,146.141,151.11946,104.39826,143.12046,210.46185,210.29199,214.7544,,
779.03568,197,207,127,224,126,116,70,140,218,180,200,217.88781,220.75109,143.3934,220.81046,144.87352,151.4936,103.86172,142.87341,211.79753,210.76138,214.67961,,
779.23418,219,224,188,233,160,175,114,142,233,222,208,218.34886,220.24245,145.16279,220.7944,146.1475,151.79658,104.21547,142.31061,211.65399,211.67408,215.09427,,
779.4327,208,259,158,222,171,144,96,165,227,224,237,218.97486,221.7874,145.11706,221.55666,147.67594,152.28103,104.33792,143.38821,211.89388,212.60393,216.25606,,
779.63124,212,197,131,217,121,123,80,123,200,191,200,219.35761,223.0815,144.89279,222.6987,147.61193,152.65385,105.26667,144.27939,212.58964,213.29097,216.85594,,
779.82979,226,222,142,223,132,163,180,136,210,207,234,219.77687,223.32316,146.03112,222.97715,148.31063,152.91524,105.99185,145.06331,213.63052,213.80641,217.17883,,
780.02835,234,214,145,210,135,170,174,143,200,200,206,219.90115,224.54742,147.70559,224.02759,149.50533,153.24442,107.4813,146.23602,215.08662,214.84172,217.97613,,
780.22693,239,239,165,229,168,160,110,156,222,211,233,218.53018,224.53707,148.13006,223.88992,149.32139,152.14351,106.12265,146.91624,215.73526,215.53736,216.25749,,
780.42552,201,223,143,214,149,133,96,145,224,229,224,219.12442,225.11318,148.32361,224.63145,149.4363,153.10383,104.8532,147.34762,215.78294,215.92507,216.321,,
780.62413,237,196,130,198,132,144,102,125,194,196,204,220.90324,225.73501,149.65236,224.69879,150.10437,154.48049,105.9482,148.05581,216.00881,216.9974,216.15595,,
780.82276,214,242,159,234,144,172,123,156,229,256,221,220.23726,225.21998,149.82899,224.89298,150.26866,154.00818,105.94288,148.9438,215.51985,217.79957,216.02612,,
781.0214,233,236,164,240,169,173,20,145,230,239,225,220.82464,225.37031,149.93132,224.24338,150.75793,154.33595,105.66908,149.84355,215.69617,217.85227,216.41417,,
781.22005,207,234,132,225,143,129,95,142,239,196,206,221.03248,225.49775,150.47204,225.38911,151.135,153.15867,105.35074,150.34948,217.11661,217.14709,216.72683,,
781.41872,205,203,132,222,120,138,80,117,189,218,198,220.71961,224.79519,149.81533,225.84469,150.9834,151.4893,102.9759,149.06496,215.84754,217.91126,216.42649,,
781.61741,205,191,162,206,173,126,86,143,191,206,214,221.85384,226.39403,150.87508,225.16836,152.95613,151.94158,103.40146,151.17715,215.17219,219.40323,218.34506,,
781.81611,228,264,158,219,174,170,108,180,224,216,253,222.46776,227.37084,149.88586,225.35081,152.46157,152.0786,102.3051,152.54083,216.75182,219.92287,218.40354,,
782.01482,224,242,153,244,162,171,116,164,216,242,234,223.29172,227.65358,150.26841,226.68405,152.64719,153.46667,102.02292,152.45754,218.41985,221.51057,218.59641,,
782.21355,225,222,183,230,156,160,114,170,229,229,206,224.05004,228.41303,152.01735,227.37294,153.68948,154.30048,102.18424,153.5722,219.82894,222.57009,220.15296,,
782.41229,232,238,152,237,146,159,113,170,220,230,237,223.75821,228.55847,151.06367,227.74364,153.71995,154.13362,100.81857,153.96786,218.52663,222.20349,220.60805,,
782.61105,209,205,129,169,138,134,95,131,191,227,184,223.96659,228.84713,152.10739,228.54056,154.33514,153.48995,99.87796,154.36723,219.35127,222.32547,221.58149,,
782.80983,268,238,170,304,143,200,112,175,231,239,228,225.08884,228.57548,153.10865,228.80964,155.32583,154.7289,101.29115,155.06763,219.20048,222.36667,221.97162,,
783.00862,260,241,166,234,178,197,156,164,233,227,226,224.80362,228.4644,153.37317,229.04544,154.00868,154.47938,102.00408,154.96732,219.08021,222.08295,221.01089,,
783.20742,192,177,128,204,108,111,47,106,190,176,190,225.89619,228.07713,154.00023,230.25609,154.57476,153.97187,101.58577,155.00886,219.54832,222.94208,221.87282,,
783.40624,207,249,150,218,159,138,110,130,226,223,209,227.57267,228.80382,154.34823,230.07814,154.81193,156.45383,101.05735,154.64117,219.32241,221.79214,222.17074,,
783.60508,224,233,152,257,153,143,96,210,235,210,209,228.77039,229.91368,155.45673,232.45149,156.01486,157.9123,102.11688,155.17998,220.39543,223.53806,223.34452,,
783.80393,246,252,157,239,183,160,111,169,239,270,234,229.40082,229.94471,155.15767,232.19323,156.27942,158.10184,100.25475,154.92124,219.43084,224.86856,223.09339,,
784.00279,239,243,143,239,175,152,97,166,200,218,248,229.28956,230.27319,154.70563,230.33593,156.78419,158.2909,101.84337,155.28467,219.52443,223.8477,221.89712,,
784.20167,220,256,151,256,173,168,92,180,249,226,230,229.1972,229.45127,153.71596,230.55449,155.74387,157.60622,100.86768,154.43734,219.7378,223.49,221.08655,,
784.40057,221,223,176,225,143,152,108,173,220,216,222,229.8284,229.13554,155.75415,231.853,156.42993,159.28116,101.07692,153.68108,220.19128,224.01977,220.46737,,
784.59948,208,207,175,221,184,143,88,136,209,223,224,229.31697,229.81336,156.18705,231.28515,157.35643,158.81513,100.18698,154.10711,220.21101,224.2866,221.1208,,
784.7984,216,228,153,216,146,138,68,146,207,216,216,229.10243,229.32784,155.01398,231.1933,157.31233,157.51664,98.88235,153.68926,219.87855,223.52411,221.41641,,
784.99734,232,229,141,223,143,157,94,161,214,220,229,228.97583,228.97037,154.61576,231.067,156.77918,157.18456,100.53936,152.5717,219.38332,222.80283,221.98904,,
785.1963,251,222,142,224,162,184,132,140,202,207,222,229.68305,228.65703,155.37931,231.1077,156.42665,158.35937,102.96648,153.29985,219.63129,222.6778,222.30857,,
785.39527,236,228,157,228,172,153,122,154,244,231,238,229.78767,229.026,156.53587,231.80815,156.3786,158.11556,103.3468,154.38882,220.02815,222.15334,223.53702,,
785.59425,216,213,143,238,153,141,104,142,225,221,236,229.0754,228.76876,157.02729,231.62803,157.41192,157.43421,103.54866,153.93397,220.61326,222.35145,224.50017,,
785.79326,263,239,160,224,163,175,94,143,234,225,234,229.69646,227.22968,156.26107,230.32379,156.82448,157.40393,104.05323,152.08655,220.33944,220.93923,224.41351,,
785.99227,224,220,146,245,146,144,90,127,209,240,214,230.8809,228.10625,157.02351,230.80847,157.027,159.0398,106.13445,151.64237,220.92639,222.45027,225.28352,,
786.1913,222,213,143,210,142,197,97,130,191,236,208,231.41342,227.47636,157.17831,229.89694,157.04215,159.48771,103.74842,150.55426,221.06829,222.07214,225.05581,,
786.39035,256,256,175,240,163,194,114,195,271,232,237,230.60819,227.43935,156.29566,229.5835,156.3705,158.3157,103.43482,149.14091,221.5384,220.1258,224.68378,,
786.58941,207,212,128,254,129,145,89,126,233,187,202,229.83406,225.95903,155.88638,229.64796,154.45129,157.80108,102.91135,146.91329,220.87236,220.17602,223.48572,,
786.78848,254,241,220,258,192,192,140,161,246,241,264,230.04048,225.22673,156.91424,228.54146,156.21726,158.15867,103.51213,146.66658,220.63977,221.09842,224.29351,,
786.98757,220,254,169,214,163,139,96,181,191,208,232,230.41186,226.26825,156.75261,227.54434,157.84878,159.17357,104.05004,147.482,221.18354,221.08163,226.00546,,
787.18668,209,207,138,208,137,138,79,116,187,189,188,228.48373,226.47127,155.36495,227.37847,156.66235,159.04845,103.69374,146.37276,220.90016,221.08578,225.62683,,
787.3858,244,240,193,237,156,155,127,148,239,228,220,229.7807,226.53609,157.20836,227.46085,157.72846,159.93146,104.68953,146.67306,221.78792,221.67186,226.09414,,
787.58494,248,239,172,233,159,180,154,164,221,244,238,230.10231,227.59236,158.43686,228.49396,158.2475,160.60919,106.08548,147.54905,222.63213,222.33063,227.26784,,
787.78409,207,200,125,200,111,131,80,111,201,205,189,227.72708,226.67771,157.64996,226.04711,157.58019,158.9824,105.15334,146.45097,220.70375,221.72765,226.49945,,
787.98325,258,231,152,231,192,170,106,160,223,226,246,229.19135,227.37786,158.7968,226.54316,157.45621,160.7011,105.52683,147.65288,221.40406,222.3543,227.33595,,
788.18243,228,240,148,207,144,175,126,133,207,207,207,230.11146,227.36653,158.85542,227.94297,157.63231,162.28297,106.78498,147.63175,221.32363,221.86953,227.3341,,
788.38163,212,201,143,230,161,143,91,141,220,256,207,229.44848,226.62803,159.05885,229.05411,157.40268,161.58246,106.72754,147.74346,221.51054,221.67003,227.47337,,
788.58084,198,184,137,194,138,127,74,127,192,207,202,228.55059,226.88559,158.73594,228.32039,157.26247,161.40171,106.74067,146.74763,221.26485,221.19604,227.24669,,
788.78007,225,234,169,253,163,169,112,157,245,209,229,227.04426,226.42506,158.2786,228.88514,156.73286,160.80953,106.51113,148.11108,221.69712,220.95067,225.97667,,
788.97931,239,226,161,259,162,159,94,152,226,246,272,227.48296,226.94222,158.76473,228.93214,157.0868,160.80756,107.34658,148.46626,221.62004,222.72894,226.35645,,
789.17856,220,234,175,230,180,154,96,169,218,207,246,227.50074,227.26682,158.35736,229.04852,157.57632,160.39022,107.20191,149.14526,220.26528,223.06027,227.03624,,
789.37783,212,233,134,200,156,128,96,170,227,213,249,227.39768,229.48579,157.97463,230.40791,157.63791,160.45016,107.07828,151.29729,221.36585,223.69168,226.3986,,
789.57712,237,239,161,252,162,169,116,156,241,224,239,227.65693,229.00217,159.17337,231.81134,157.21937,160.57779,107.68251,152.3273,222.39752,224.16836,226.40608,,
789.77642,229,217,191,232,143,175,113,141,228,224,214,227.42671,228.47892,160.24044,232.29564,158.55831,160.34266,107.44588,152.7006,222.58753,224.40338,226.5587,,
789.97574,240,234,178,239,165,184,120,175,244,236,238,227.13568,228.92686,159.63211,232.40275,158.53485,159.88704,106.67157,153.67064,222.58058,224.71648,226.46003,,
790.17507,221,223,140,218,159,143,104,116,207,205,219,226.76174,229.06544,159.10338,232.10566,158.2871,158.99529,105.6269,154.62837,222.75827,224.36255,226.24515,,
790.37441,250,224,144,210,184,184,119,109,221,225,213,227.44071,228.66941,159.07189,232.62574,158.16034,160.09518,105.69929,154.83911,222.01361,223.66661,226.06397,,
790.57378,242,230,142,221,129,174,114,146,217,218,212,226.8985,228.86915,158.88797,232.37453,158.60448,158.67859,105.93925,155.73155,222.82516,223.32907,226.14123,,
790.77315,233,245,168,239,162,161,111,172,213,239,225,225.23969,227.89144,158.05468,232.51979,157.92029,156.92899,104.41851,155.62663,222.83381,222.85141,226.23955,,
790.97254,187,207,143,211,143,130,79,156,216,200,206,225.99579,227.71954,157.76366,232.26907,157.98448,156.26173,104.05078,156.0547,223.26037,222.36728,226.23518,,
791.17195,223,255,170,268,175,173,121,169,235,253,248,226.78328,227.73897,157.46198,232.87886,157.89732,156.39256,103.12157,155.74439,222.89418,223.29763,225.7894,,
791.37137,242,238,175,238,176,187,120,180,239,270,236,226.46117,226.88306,156.36717,231.03438,156.86036,156.96378,102.07556,154.8879,220.8282,223.62853,224.77587,,
791.57081,237,258,156,221,196,173,111,184,229,226,256,227.74871,228.01083,156.28633,230.96374,157.07552,157.74627,102.0161,156.79805,222.22367,223.27604,225.33061,,
791.77026,197,216,133,242,122,124,72,140,210,178,201,227.13731,226.90047,154.61562,232.02917,154.88586,157.13559,101.13117,155.59745,223.26506,222.21455,223.31881,,
791.96973,207,227,169,251,124,138,90,140,212,212,207,227.79522,226.19036,155.50214,233.27944,155.65195,157.55129,101.68319,155.42325,222.91015,222.96285,224.04116,,
792.16921,284,239,212,252,212,180,131,196,232,239,265,228.16641,227.07502,155.56998,233.34787,155.97927,156.96077,100.93372,157.72835,222.08553,222.60799,224.39353,,
792.3687,175,225,138,233,133,136,86,162,205,209,210,227.72389,226.71852,153.99044,232.90883,155.06471,156.07629,99.53428,156.4857,220.46622,221.12884,222.64221,,
792.56822,208,205,125,206,136,138,68,146,194,206,214,227.97554,226.98068,154.35847,232.14875,154.89819,155.43514,99.27486,156.26377,221.07502,220.7604,221.81064,,
792.76774,278,236,165,250,164,190,128,175,257,248,223,228.49249,227.83787,154.94471,232.08929,154.82718,154.88949,99.82863,156.53011,219.4276,220.67755,221.52957,,
792.96728,212,212,138,294,147,146,103,142,208,223,207,226.65388,226.6083,153.55927,230.79599,152.98768,152.94097,97.4608,155.06041,217.86362,219.21679,219.78582,,
793.16684,228,241,173,204,173,154,125,177,239,254,233,227.31853,226.77515,152.87085,230.60366,153.16979,152.37099,95.98057,156.56395,217.75143,218.75866,219.49831,,
793.36641,212,196,127,173,111,143,58,109,183,189,186,226.86774,226.28762,151.68126,229.37108,151.32497,152.13278,96.03255,155.05758,217.00279,217.54527,217.68217,,
793.566,228,228,161,241,149,143,110,160,228,239,207,225.56631,225.30239,149.71039,228.6018,149.73723,150.41029,94.44769,153.32091,215.41663,217.11269,215.267,,
793.7656,267,240,168,239,155,157,105,165,216,218,239,223.9675,223.16879,148.03475,225.21027,147.59449,148.03028,92.43743,151.03511,213.65838,215.07355,213.29579,,
793.96522,228,230,140,244,157,152,82,168,242,211,207,223.92163,223.75059,147.78616,225.55845,147.96328,148.78518,93.08186,151.13665,214.54665,214.30673,213.50875,,
794.16485,239,232,153,246,148,157,99,159,251,210,211,223.88156,222.6373,147.79282,226.38037,147.0287,148.38565,92.3529,149.80505,213.98129,215.08702,213.65594,,
794.3645,225,181,158,225,164,157,90,125,220,205,241,222.99164,222.68502,147.56563,225.1798,146.92401,147.68158,91.9843,149.43122,213.32624,214.47077,213.15144,,
794.56416,210,239,128,190,151,137,77,159,193,196,212,221.58681,222.04156,145.03515,223.08949,145.72536,145.75392,90.57299,149.04609,212.40191,213.25294,213.19185,,
794.76384,207,223,130,210,131,134,80,145,205,207,206,221.59451,222.34456,144.31598,223.76278,144.87456,145.62964,90.77662,147.99001,213.5165,213.28934,212.44982,,
794.96353,210,207,165,212,137,128,68,130,204,193,202,221.06132,221.60303,144.79522,222.69286,144.41546,145.52366,90.29086,146.80967,213.45528,212.66985,211.71868,,
795.16324,226,216,149,229,136,157,95,143,199,216,216,220.94582,221.08055,145.52977,222.2333,143.60022,145.59333,89.9303,146.92555,213.53945,212.15135,211.25459,,
795.36296,210,226,127,198,148,115,96,146,213,212,206,219.24954,220.03083,144.33022,220.84906,142.96881,143.82176,87.65834,144.84115,213.14875,210.72514,210.81805,,
795.5627,239,210,142,224,139,169,83,134,200,223,212,220.33462,220.16925,144.77392,220.02883,143.71709,144.96623,88.55956,143.28884,213.72772,210.78695,210.07398,,
795.76245,261,233,147,220,159,169,128,154,208,219,210,222.08594,220.58962,144.78482,219.90795,143.30753,146.43133,90.18752,142.84702,214.12451,211.43482,212.37749,,
795.96222,232,233,143,218,144,169,79,134,202,224,212,221.51093,221.13162,144.55136,219.60794,143.11178,145.3979,90.28594,142.33609,214.12786,211.60853,211.86666,,
796.162,192,207,125,208,129,108,89,137,201,191,205,219.94904,219.77664,143.43478,217.89538,141.79741,144.00564,89.78453,141.45301,213.5252,210.09287,210.17828,,
796.36179,223,226,143,257,153,143,97,153,237,207,214,219.9038,220.70668,144.08773,218.3796,142.30705,144.78323,91.2871,141.46871,214.23452,211.03187,210.34472,,
796.56161,202,201,139,229,129,138,79,124,202,229,186,220.3162,220.1559,144.74242,217.48771,143.11796,146.13253,92.24524,141.07968,214.1762,212.8286,210.55908,,
796.76143,215,233,143,206,175,136,78,161,177,206,236,220.92371,221.55252,145.39516,216.564,144.56468,147.01814,93.44758,141.38787,214.90639,212.84034,211.64196,,
796.96128,218,252,151,205,140,149,79,162,240,194,208,219.63675,221.26417,143.79107,215.71123,142.82403,146.21735,92.48513,140.18786,214.61718,210.99862,210.33337,,
797.16113,192,217,134,198,127,130,79,98,202,195,190,218.79957,221.23502,144.43444,216.74169,141.40069,146.51902,92.81877,138.79198,214.82138,211.75603,209.31566,,
797.36101,201,211,158,201,139,132,78,148,218,207,212,220.43543,221.92417,147.17889,217.3637,143.97336,147.57961,94.578,139.8024,215.54321,212.9863,211.04199,,
797.5609,209,221,150,239,128,136,85,141,191,204,208,218.7532,222.1853,145.49122,217.29013,144.0535,146.90104,94.25138,139.82955,214.96534,211.95395,211.28406,,
797.7608,205,200,125,213,124,160,91,140,253,212,207,219.40336,222.34157,146.2711,217.40769,145.03733,147.36275,94.07638,140.41709,214.85465,211.67954,212.29715,,
797.96072,245,229,141,218,128,161,122,142,234,221,204,221.03959,222.27095,147.21602,218.11577,145.72382,148.82412,95.12014,140.94625,216.08807,212.31455,212.76502,,
798.16065,214,210,140,207,137,154,122,80,206,207,209,219.95903,221.89379,147.1716,220.2068,146.40748,148.48214,96.04403,140.50708,215.98684,212.11482,211.94417,,
798.3606,225,244,152,214,161,152,96,148,209,212,223,218.72618,221.78992,146.26676,219.6252,146.74482,147.46495,95.83775,140.51682,215.68228,212.21285,212.01583,,
798.56056,239,223,175,218,173,174,121,163,252,239,244,218.01656,220.63687,145.54758,217.91366,145.04362,146.87655,94.39555,138.60305,214.45639,210.59698,210.85415,,
798.76054,234,240,160,272,173,182,120,168,232,253,224,219.22748,221.48248,146.73635,218.75363,145.27917,147.83456,95.739,139.16483,214.94566,211.60303,211.1733,,
798.96053,205,193,144,206,111,116,66,114,194,213,172,221.054,222.34848,148.18598,218.99037,146.15676,148.78989,96.75146,139.83918,215.14247,212.06326,212.44631,,
799.16054,218,242,127,197,153,143,92,156,226,197,219,221.42984,223.09067,148.56839,220.12607,146.24623,149.30624,96.94876,140.88926,216.31439,211.33129,211.99171,,
799.36056,229,212,150,239,147,148,79,143,223,204,224,222.75039,222.98102,149.17996,222.2304,146.34295,150.38076,97.81218,140.69492,218.22936,211.74249,211.7305,,
799.5606,239,236,192,240,165,162,114,148,245,229,215,223.72033,221.22979,150.18963,222.85071,147.49727,151.88826,98.08394,139.63721,218.44388,211.96657,213.38057,,
799.76065,217,212,162,197,164,141,81,161,193,197,239,223.93271,222.35546,149.63279,222.79225,148.34574,151.65648,97.99416,141.5917,218.71395,211.74151,213.59308,,
799.96072,229,225,158,238,132,149,104,152,221,219,218,224.30617,223.62022,150.50445,223.65888,149.11889,152.11873,98.29364,142.42348,219.04406,212.21933,214.14027,,
800.1608,229,236,143,228,167,158,113,144,238,232,237,224.42239,224.11724,151.70645,224.40526,149.84219,151.18118,98.00931,142.84512,219.22087,212.24694,214.71281,,
800.3609,270,247,174,241,160,186,174,160,221,236,222,225.03762,223.41618,151.27373,224.62971,149.27015,151.0639,97.28146,142.93875,218.61123,211.91073,214.46565,,
800.56101,210,208,120,212,143,132,91,127,200,206,228,225.89669,223.84167,151.03395,222.59365,149.9964,150.77549,97.84593,143.36168,219.3261,211.83739,214.62099,,
800.76114,178,201,126,193,126,111,61,117,199,175,114,226.6966,223.87255,151.6659,223.5254,150.51199,151.36674,98.46918,141.66871,219.08252,212.51385,215.27944,,
800.96129,249,211,160,214,149,186,111,144,205,210,213,228.64799,224.09529,152.0383,223.48055,150.9089,152.19869,99.54712,142.82208,218.60545,212.49034,215.83205,,
801.16144,238,238,169,234,171,172,101,143,228,230,236,230.30642,225.21939,152.95044,224.30146,151.29656,153.79368,99.9137,143.83513,219.03753,212.94136,216.58733,,
801.36162,220,210,138,220,145,143,74,126,204,202,220,230.61132,224.6416,153.23321,225.41362,151.4635,153.44089,100.69,144.23672,218.25672,213.48465,217.12392,,
801.56181,225,249,146,244,140,142,94,155,239,196,212,232.41043,225.59972,154.33389,227.41451,153.43167,154.48352,102.03189,147.20204,219.47317,214.84928,218.41342,,
801.76201,216,209,128,232,145,149,79,143,207,218,208,232.20999,224.9282,152.6194,228.44228,152.63832,154.0858,101.34735,147.7491,219.00947,215.58787,217.46148,,
801.96223,240,226,182,256,185,158,113,154,223,233,239,232.93042,225.11817,153.10736,229.02759,153.15257,154.19319,101.45197,148.74591,218.41376,216.36558,217.91694,,
802.16246,233,229,145,207,178,130,85,162,207,173,238,233.8229,226.18947,153.77728,229.18829,153.12972,154.67288,101.36737,150.34685,219.56645,216.46486,218.63428,,
802.36271,232,219,122,226,136,146,78,142,209,179,209,233.68156,226.23215,154.31808,229.76067,153.40662,154.3295,100.40098,149.88351,219.60848,216.34497,218.53605,,
802.56297,239,221,207,236,145,164,106,148,227,226,208,232.21448,225.30515,154.05124,228.87243,152.51039,152.92906,98.09975,150.30952,218.53063,215.47231,218.00829,,
802.76325,184,201,109,201,111,124,79,112,196,196,182,232.32223,226.15271,155.48336,230.68375,152.78749,152.68486,97.73685,151.32787,217.99436,215.62846,218.28875,,
802.96355,220,239,138,224,146,142,97,143,213,208,207,230.63587,224.82405,154.10055,229.994,150.87187,151.75777,96.53308,151.2015,217.49779,214.45104,217.19414,,
803.16385,253,228,144,232,129,164,79,146,212,216,237,230.85547,225.66153,154.17769,230.94464,150.62565,151.89019,96.72056,151.53424,218.46993,215.01139,217.44429,,
803.36418,282,252,216,241,170,202,147,172,255,246,239,231.19013,226.38544,154.38608,231.52257,151.2528,152.86976,98.07751,150.80314,218.7518,214.90931,218.1502,,
803.56452,256,247,173,246,182,185,130,175,235,248,238,231.1248,226.62608,153.9115,231.01549,150.62531,152.55596,97.48531,150.36134,217.89035,214.23914,218.05176,,
803.76487,207,210,143,227,155,133,88,143,222,213,207,231.28229,226.15004,154.38343,230.09185,151.26155,152.8718,98.0689,151.19704,217.7915,215.02655,218.88394,,
803.96524,228,222,143,252,140,145,96,148,222,214,207,231.67596,227.02274,155.29369,231.80638,152.3022,154.10286,99.47401,152.63872,218.93492,215.97391,220.15946,,
804.16562,245,218,152,234,172,156,101,143,218,252,237,231.67284,227.3167,155.67857,232.76928,151.15375,153.90842,99.49399,151.95728,219.80378,217.13824,219.20947,,
804.36602,228,253,158,207,168,143,95,184,207,216,238,232.2405,227.95891,155.27473,232.90269,151.48971,153.62169,99.59301,152.19099,219.9542,217.24499,219.64407,,
804.56644,228,261,152,239,152,127,107,187,239,217,207,231.96756,227.64131,155.5124,232.9691,151.5249,153.07919,98.51029,152.22417,219.71229,216.89798,219.62223,,
804.76687,239,222,177,226,152,165,106,120,210,222,230,231.7717,229.08129,156.13341,233.3656,152.57444,152.90919,98.98156,152.72049,220.3967,218.80208,219.95821,,
804.96731,229,200,127,209,132,136,93,143,216,207,213,230.61143,228.9764,156.43974,232.20743,152.45439,152.34295,98.11121,153.15457,220.00947,219.00997,220.4314,,
805.16777,239,204,148,210,134,175,96,140,218,204,205,229.70831,228.71916,156.95139,232.22449,151.4507,151.43747,98.1248,153.00836,220.16587,218.50497,220.67139,,
805.36824,239,252,193,245,176,180,139,164,239,239,248,228.12492,228.98283,156.67827,232.08576,152.10234,150.3555,97.78194,152.85051,220.47179,219.08261,221.47598,,
805.56873,213,226,168,298,145,143,100,159,207,230,228,229.10204,230.53544,157.59494,232.86471,152.49496,151.02408,99.73888,153.94355,220.89504,220.01966,222.26784,,
805.76924,244,222,152,228,141,166,82,227,224,218,217,228.96707,231.36524,157.4346,233.36789,152.95044,151.19677,100.89911,154.25158,221.37618,220.53827,224.04879,,
805.96976,234,239,166,260,166,164,113,159,240,242,218,227.56928,231.43553,156.93782,232.68441,152.1557,150.59739,100.88919,153.73762,220.92933,219.70239,220.55913,,
806.17029,219,210,143,231,154,142,90,144,201,237,212,227.2041,230.939,157.04057,230.91579,151.4416,151.41109,100.852,153.11559,220.36298,218.39222,219.60303,,
806.37084,221,241,141,207,144,143,81,167,238,200,210,226.95694,231.36302,157.35247,230.58289,151.40936,151.892,101.46178,153.28116,220.03255,218.30639,219.81914,,
806.5714,194,206,124,225,100,122,64,92,207,180,189,226.23704,230.71256,157.43147,230.73503,150.99545,151.89381,101.25568,151.36399,219.81476,218.32014,219.11993,,
806.77198,236,233,217,234,165,162,111,137,229,221,233,226.04661,231.06895,157.26463,230.68479,150.21772,151.60781,101.79728,151.15704,219.88675,218.20173,219.42925,,
806.97258,214,236,150,225,171,140,79,158,202,196,238,224.64713,230.75544,155.37752,230.29335,149.78002,151.24066,101.29203,150.92442,219.97943,217.9607,219.06748,,
807.17319,206,230,150,235,159,136,79,142,200,201,203,224.58323,231.58903,155.94786,231.4951,151.41586,151.45369,102.47924,151.52554,220.53825,218.96987,218.82681,,
807.37381,207,233,133,208,132,140,104,144,196,203,207,223.64758,231.33638,154.89175,229.7756,149.14512,150.56463,101.56524,151.73266,219.80557,217.30755,218.7358,,
807.57445,256,262,184,256,182,175,150,160,249,239,242,223.14902,231.38601,155.00145,229.41709,149.24132,149.82498,101.36003,149.96351,219.64756,216.49079,218.34481,,
807.77511,207,212,118,201,129,137,92,132,202,200,211,222.1215,231.47208,156.83329,229.22857,149.46551,149.33865,100.49482,150.38782,220.03044,216.26494,218.03703,,
807.97577,261,264,185,260,197,185,126,169,266,254,258,221.08224,231.09348,156.29731,228.58438,149.28966,148.76539,100.2728,150.45992,219.9144,216.32762,217.92349,,
808.17646,240,220,150,208,143,155,115,157,205,207,210,220.89168,232.16657,156.23253,228.68094,149.71458,149.58937,100.78434,150.76197,219.90099,216.76772,217.05982,,
808.37716,204,200,140,202,114,117,79,122,197,214,194,219.89012,231.60307,155.1367,228.0735,148.97425,149.66996,100.44293,150.88604,218.66355,216.00313,216.65761,,
808.57787,224,250,174,241,179,156,121,173,236,239,234,221.43066,232.63718,156.39933,227.7811,149.45482,150.77852,101.44844,151.7566,219.2001,215.76511,217.38554,,
808.7786,231,260,170,261,154,160,111,148,261,221,229,222.07042,233.08381,156.89594,227.96831,150.10494,151.70747,102.32671,152.49072,219.54746,216.21828,218.04802,,
808.97935,219,236,143,232,144,142,86,134,206,238,196,222.21516,232.56513,156.85864,227.91968,151.10818,152.28533,103.13273,152.30483,219.72117,216.77073,218.1434,,
809.18011,198,205,142,190,154,120,74,149,170,194,213,221.65999,231.89089,156.45274,227.18163,150.97164,151.73116,102.55816,152.56158,218.88949,216.68167,217.5134,,
809.38088,181,239,146,197,141,142,90,158,220,209,207,221.9641,231.65351,155.16265,227.17382,150.20696,151.61786,102.51616,152.70994,218.67508,217.12875,216.92423,,
809.58167,214,244,142,237,143,154,115,153,233,229,228,222.04976,232.25351,155.93626,226.83628,151.06838,151.6406,102.65863,153.7836,218.17142,217.50934,217.41641,,
809.78248,221,207,175,230,124,157,98,141,229,175,207,221.23421,232.44644,154.99404,225.91936,150.77986,149.76131,101.82625,154.63936,218.32528,216.69533,216.67653,,
809.9833,232,233,163,239,164,150,111,157,214,194,228,221.25849,232.49602,154.954,225.70441,151.86634,150.00143,101.39337,154.27862,218.11151,216.44463,217.01119,,
810.18413,236,252,154,240,164,170,104,172,221,239,218,221.33006,231.27593,153.82301,224.43294,151.90405,149.0289,100.27151,154.49528,218.04496,215.65211,216.33729,,
810.38498,264,250,166,238,143,191,130,168,237,220,220,222.01986,231.00827,153.99452,223.96041,152.08809,150.09491,100.79331,155.04156,218.67277,215.50055,216.52934,,
810.58585,226,221,159,221,146,169,127,143,220,216,207,222.29464,231.74104,155.43625,224.41713,153.65141,150.77399,102.61186,155.72579,220.2791,216.44015,218.06419,,
810.78673,204,203,139,197,124,133,78,133,193,200,176,222.48132,232.51095,156.05112,226.53849,154.38558,150.3994,102.30793,156.92593,220.76541,217.60971,219.31754,,
810.98762,204,213,148,208,143,128,79,143,217,208,229,223.43034,232.00639,156.18105,226.03092,154.66776,151.19026,101.66069,159.6626,220.74516,217.4124,219.28748,,
811.18853,236,237,159,262,161,152,128,171,224,258,234,223.97262,231.76899,155.85033,226.76545,155.02396,151.61012,101.98091,159.64189,221.04942,218.07309,219.27251,,
811.38946,225,233,164,236,164,155,100,143,241,244,220,223.85021,230.87574,155.63655,226.39004,155.56658,151.10335,101.98614,159.57267,220.06834,219.10861,218.67949,,
811.5904,223,242,140,203,154,143,98,197,214,215,239,224.40671,230.65102,155.32404,225.37763,155.39632,151.28481,101.55419,160.09848,220.92978,218.23849,218.77279,,
811.79136,207,250,152,232,161,149,88,172,241,209,196,224.03393,229.17359,153.94444,225.68375,153.58556,150.7019,100.46185,157.42486,221.29665,217.48257,217.22614,,
811.99233,237,235,192,234,154,158,105,163,210,234,210,225.12684,228.41376,156.76978,227.03647,154.45156,151.792,101.17865,156.82455,221.76457,218.35265,217.68609,,
812.19331,216,209,167,205,124,148,79,145,207,209,239,225.25858,227.78287,156.91058,226.86758,155.16705,151.5136,100.24259,156.91078,221.79347,217.77161,218.09848,,
812.39431,241,248,191,256,264,156,122,168,234,238,241,224.77565,227.46096,155.25027,226.70833,155.14657,150.55068,99.07078,156.58518,221.01903,216.81232,217.67886,,
812.59533,228,228,124,229,154,166,88,223,215,208,226,224.21165,226.51886,154.33027,225.58352,154.66733,150.00512,98.48658,155.86283,220.35464,216.25939,217.34082,,
812.79636,258,226,148,234,157,180,139,160,213,232,221,225.92389,227.12659,155.24334,226.6498,156.09769,150.86079,99.99898,156.37378,221.70677,217.14308,218.33491,,
812.9974,201,216,127,211,130,143,91,129,194,189,180,225.23529,227.02569,154.37956,226.44064,156.22204,150.16893,99.21971,155.88419,221.64452,217.16832,218.39922,,
813.19846,198,198,128,201,136,104,78,143,200,178,222,225.80299,227.10048,154.22349,226.48549,156.82072,150.12333,98.73433,155.30146,222.00999,217.60815,218.73025,,
813.39954,261,241,164,230,154,146,82,148,239,222,239,226.15912,226.24524,153.93995,224.99264,156.63725,150.41172,99.04546,155.10186,221.5269,217.12326,218.46751,,
813.60063,214,212,162,230,153,155,105,148,227,239,207,225.45027,224.34506,152.78407,223.60497,155.29138,148.80385,98.41124,153.54735,219.82681,216.26922,217.14598,,
813.80174,226,229,153,221,165,153,100,159,219,226,210,225.58139,223.91327,152.86276,222.82858,155.41722,148.61453,98.95986,153.55571,219.8617,215.88743,217.30386,,
814.00286,192,224,140,209,128,111,58,160,213,188,196,225.58178,225.235,152.79071,223.6214,154.45677,148.53564,98.51426,152.20039,220.34352,214.92498,217.34535,,
814.20399,233,239,148,261,148,156,108,148,250,206,216,225.72754,224.69825,152.44866,224.45811,153.84079,148.27253,98.05352,150.47134,219.41206,216.44354,215.95339,,
814.40514,224,218,188,224,207,153,95,143,229,229,248,225.62314,224.03959,152.18526,223.42753,154.13119,147.79771,97.29774,150.18308,217.38465,216.80285,215.77075,,
814.60631,216,224,124,204,157,134,80,153,228,198,219,224.72389,223.50123,151.153,222.4719,153.96206,147.22632,96.72588,150.44166,217.19262,216.65089,215.42483,,
814.80749,249,253,175,255,185,181,126,171,241,240,232,223.50751,223.14218,149.24671,222.47097,152.9183,146.84727,96.64747,149.17898,217.62507,217.0562,215.10369,,
815.00869,237,223,175,221,140,149,117,146,228,230,220,222.95164,222.13434,149.63646,222.51535,152.15432,146.97776,96.17035,147.81775,218.22275,215.5895,215.29077,,
815.2099,229,241,164,238,152,162,132,143,229,236,240,223.16965,221.9554,150.58848,223.09808,152.62346,146.99866,97.20442,147.95456,217.94636,214.25935,215.75671,,
815.41112,220,206,136,207,144,132,79,122,206,210,201,222.92938,222.40239,150.416,223.1935,152.91205,146.73784,96.48259,148.32839,218.19421,214.92394,215.80795,,
815.61236,238,216,137,206,137,154,77,136,191,207,196,224.35688,222.56579,150.73053,223.57333,152.96485,148.61039,98.00446,148.55893,218.61918,215.22603,215.82699,,
815.81362,216,185,142,207,132,156,113,109,192,190,184,225.16621,222.11776,150.54099,223.00421,152.47066,149.47288,99.07414,147.80047,218.711,215.08859,214.90507,,
816.01489,221,218,141,232,138,140,107,126,223,224,214,223.33244,221.11078,150.38764,222.27249,151.21459,148.52244,99.13488,147.29228,217.86534,214.85384,213.63845,,
816.21618,228,225,172,226,160,153,106,158,232,223,214,222.24383,219.88487,149.17855,221.34714,149.77578,147.26775,96.954,145.57041,216.78609,213.09418,213.07151,,
816.41748,238,216,146,240,143,165,94,145,240,210,228,222.60901,219.8101,149.38221,222.4792,149.39249,148.03348,98.70194,145.70432,217.20934,214.51217,213.33931,,
816.6188,217,222,143,239,156,142,96,148,216,240,201,222.56882,219.4052,149.17744,222.2025,149.08113,148.71605,98.54538,143.91275,216.7568,215.79005,212.79492,,
816.82013,217,228,157,210,163,142,95,180,200,213,232,223.12415,220.11617,148.76004,221.39598,148.53231,149.27267,99.3046,144.93914,217.61963,215.68362,213.85864,,
817.02147,205,229,106,178,132,120,75,150,216,193,207,222.8804,221.52599,147.91862,221.98741,147.80844,149.22478,99.05629,145.77968,218.73469,215.87807,212.9347,,
817.22283,213,229,129,216,143,141,95,146,201,213,216,223.67367,221.31555,149.35237,223.29507,146.87515,149.74767,100.3124,145.47997,218.77112,217.25353,212.26463,,
817.42421,222,212,191,226,158,158,98,142,221,228,209,223.4247,220.94016,150.39913,223.26318,145.73891,149.55718,98.74828,144.94729,218.56574,217.77329,213.18963,,
817.6256,222,236,150,232,145,146,101,155,208,214,206,224.34916,222.13726,151.15298,224.56658,149.42812,151.84715,100.40481,145.46538,218.81723,219.27301,214.82693,,
817.82701,192,216,138,206,128,133,79,127,189,200,194,224.84885,222.39657,151.03565,225.11126,149.8243,152.89021,100.16632,148.03477,219.19396,220.19905,215.75925,,
818.02843,223,187,128,190,114,147,101,127,185,186,192,226.24721,222.36943,150.96577,226.10197,149.9316,153.67662,101.6349,148.59007,218.88831,220.91114,216.20091,,
818.22987,238,232,170,240,166,178,130,166,236,226,233,224.60391,222.15595,150.29024,225.9325,148.97352,152.33344,102.12213,148.1972,217.92489,220.29715,215.21285,,
818.43132,232,223,143,246,143,143,99,144,208,214,210,223.10227,221.41947,149.50282,225.09919,147.93139,150.25294,98.81551,147.86591,217.05676,219.30893,215.32116,,
818.63278,234,236,161,236,148,168,94,152,239,234,228,224.74452,222.19667,150.30232,225.75571,148.16947,150.57544,99.55231,148.07991,218.17656,220.05878,216.66733,,
818.83427,225,238,155,258,163,159,95,149,221,250,219,224.71365,222.05778,150.46345,225.38914,147.37319,150.76344,99.93873,147.69467,217.87698,220.45621,216.46481,,
819.03576,239,192,161,234,182,163,124,174,239,262,222,225.10718,222.35824,151.01538,224.41045,147.88831,151.46298,100.87542,148.41038,216.56504,221.00609,217.56558,,
819.23728,224,233,144,207,164,153,102,175,239,200,240,224.1048,222.59311,150.56112,223.7108,147.09645,149.6264,100.01321,148.8417,216.13966,219.54509,217.15332,,
819.4388,207,204,136,224,143,133,96,140,238,191,216,223.90661,221.65705,149.97243,224.66473,145.24515,149.11556,100.18392,147.63283,217.18571,218.95259,216.04707,,
819.64034,207,232,164,222,143,153,102,127,223,218,214,223.67755,220.86043,151.17577,223.91286,146.70074,148.60611,100.12918,146.71053,216.76113,219.47691,217.20839,,
819.8419,246,236,193,228,174,159,112,174,216,220,236,224.295,221.54355,150.44085,223.88754,148.11919,148.63064,100.32252,147.71164,217.80602,219.61263,217.37586,,
820.04347,232,222,153,221,143,146,112,168,207,228,198,225.027,223.36234,150.68298,225.33729,148.90593,149.55682,101.50744,149.35061,219.24975,220.57714,217.49632,,
820.24506,217,218,122,212,137,142,73,132,221,239,207,225.13704,223.62054,151.27185,225.00337,148.8127,149.11128,101.77467,149.23591,219.37342,220.89529,217.50205,,
820.44666,239,218,149,232,143,175,127,138,209,218,211,225.07735,224.50499,152.52683,225.72792,149.20592,149.54851,102.7202,149.82727,220.62486,222.21156,218.58529,,
820.64828,216,231,145,224,127,130,81,140,220,213,214,225.06347,225.17257,153.19115,225.79585,150.20272,148.90788,102.25174,150.29804,221.53399,223.03882,219.34166,,
820.84991,200,226,157,242,144,146,97,148,216,224,234,225.56359,225.53734,153.55424,225.10748,150.20372,149.3182,102.25681,150.73383,221.47741,223.34667,219.47469,,
821.05156,268,225,134,222,143,174,81,124,218,209,211,224.69827,223.79836,153.22102,223.40291,149.41229,148.97171,102.46173,149.53324,220.27597,222.0769,218.35745,,
821.25322,245,241,178,236,165,181,158,172,250,270,239,223.81338,223.17013,152.62416,223.41584,148.95715,147.94192,103.17935,148.00809,220.43122,222.29575,218.45967,,
821.4549,229,228,143,223,148,136,78,139,208,220,221,223.60787,222.83368,152.99986,221.55215,148.47358,147.69161,102.58053,147.67868,220.52314,221.20936,218.21301,,
821.65659,234,239,164,252,150,140,117,179,260,217,239,224.25484,222.92032,153.78842,222.8894,148.78638,148.54948,103.23554,148.01543,221.42882,221.03921,219.20728,,
821.8583,211,213,148,240,149,129,84,143,191,239,207,224.15953,222.05327,154.06249,223.80095,149.57401,148.49723,103.31131,147.72561,221.62697,222.44753,219.19083,,
822.06002,218,198,175,221,164,153,106,128,207,224,232,224.54767,222.86124,155.00419,223.26866,150.55908,148.56504,103.89975,149.66332,221.14632,223.6076,220.18043,,
822.26176,210,241,143,197,168,143,69,160,212,209,238,224.15058,223.44687,152.9303,221.43179,150.42282,147.47222,103.17251,150.25953,221.15065,223.48361,219.61114,,
822.46351,223,222,134,208,143,158,138,152,214,212,216,224.10859,223.18807,152.2075,219.134,149.52151,147.19722,103.16934,149.90364,221.33591,222.91497,219.21416,,
822.66528,207,207,174,212,124,76,73,140,226,207,196,224.3165,223.57383,154.52837,219.70088,150.49118,147.61929,103.62513,150.92283,221.76219,223.73442,219.8036,,
822.86706,207,220,139,212,133,121,102,132,203,194,205,222.91755,222.84074,154.17699,218.96698,149.44821,145.85696,103.22046,150.45838,220.91472,222.69349,218.62323,,
823.06886,207,229,158,200,145,146,98,144,222,224,217,220.26664,222.19973,153.02605,217.77843,148.72332,143.93995,100.83628,149.16313,218.91166,221.16399,216.98668,,
823.27067,256,226,156,213,153,188,85,144,223,226,222,221.15584,222.13343,153.13529,217.63145,148.96168,144.44203,101.90736,149.87963,219.09833,219.88614,217.04326,,
823.4725,249,223,157,221,160,176,207,154,222,222,225,222.01137,222.97049,154.10376,218.75922,149.85361,146.20345,103.74582,151.27258,219.90272,219.15502,217.7633,,
823.67434,207,213,137,195,133,133,78,140,191,202,202,221.91248,223.93717,154.25738,219.98367,150.12225,145.70858,103.7069,152.37423,220.21369,219.47489,218.14483,,
823.8762,217,214,158,229,168,145,110,161,228,233,223,222.11504,224.53725,154.94208,220.819,150.06399,147.31276,104.37337,152.87236,221.08927,219.3329,219.33638,,
824.07807,212,214,136,244,138,124,86,136,260,219,177,222.71718,225.93141,155.2543,222.88473,150.50253,149.05656,104.90342,153.25813,221.84407,220.83866,219.88142,,
824.27996,221,210,155,223,143,164,99,148,228,250,207,222.83732,224.65095,155.49582,222.82955,151.48289,149.83205,105.78203,153.85331,222.01563,223.09083,220.17298,,
824.48186,233,270,168,221,201,164,111,198,218,239,251,222.50735,225.26232,155.1335,222.44574,152.42184,150.5553,106.22974,155.01703,222.83653,222.45963,221.11556,,
824.68378,227,253,152,248,159,165,107,192,254,226,212,221.16161,223.5647,153.14689,222.62862,150.85615,149.785,105.29029,153.8098,223.45618,221.41118,219.89144,,
824.88571,186,210,155,202,114,126,79,140,207,206,220,220.89438,223.56599,154.03751,223.83207,151.26379,150.70126,105.732,152.99049,223.62955,222.10102,219.88088,,
825.08766,212,200,175,200,166,141,88,137,207,218,239,221.222,223.66876,155.42579,224.35305,152.0347,150.95735,106.39387,153.88108,224.13128,222.41389,220.9253,,
825.28962,224,224,172,228,156,159,114,175,243,234,237,220.17058,223.62923,153.94537,223.66339,151.79537,150.13051,105.73685,154.5069,223.46916,221.97724,220.06743,,
825.4916,224,223,143,210,152,144,113,150,209,209,226,219.81782,223.51593,152.71161,223.38123,151.17797,149.73216,104.68695,154.47202,223.56244,222.22005,219.6327,,
825.69359,213,193,132,198,121,150,111,128,194,197,198,220.32746,223.71528,152.86124,224.59258,151.12673,149.21733,105.61995,154.72169,223.90376,222.58219,219.78616,,
825.8956,213,207,137,217,143,134,88,136,204,206,208,219.18782,224.22863,152.8279,225.39394,150.66418,148.76593,104.70686,154.71823,224.21162,222.68486,219.82387,,
826.09762,239,244,163,252,163,163,116,159,239,239,234,217.06609,223.69956,151.71687,225.74994,148.91443,147.64561,103.27643,154.20367,223.6317,222.27264,219.32044,,
826.29966,248,239,172,221,157,174,95,185,224,222,221,218.22164,223.39516,150.77383,225.58672,147.89082,149.04954,102.28479,153.45335,223.57245,221.68382,218.69585,,
826.50171,236,239,175,286,184,164,143,181,239,271,234,221.47408,224.095,151.85889,226.94109,148.21056,151.8009,104.82942,154.88496,224.92981,223.56382,219.80998,,
826.70378,220,216,137,197,143,141,91,148,225,232,207,222.18897,224.04297,151.46914,226.28574,147.58472,151.84944,104.10258,155.14852,224.53367,222.75388,219.9691,,
826.90587,225,256,148,210,138,149,111,173,228,209,212,222.66108,225.41673,152.13187,228.45992,148.36646,152.70557,104.9817,156.36651,225.90059,222.54194,220.74894,,
827.10796,206,207,137,230,138,143,91,132,235,187,207,222.49507,225.12247,151.9942,230.2757,147.65245,152.90872,104.65243,154.30694,225.2022,223.47308,219.80559,,
827.31008,216,214,186,239,143,157,112,148,235,202,236,222.76242,224.81368,154.09733,230.70362,148.39557,154.36461,105.13724,154.78588,225.03889,225.19652,220.90981,,
827.51221,207,245,160,296,180,147,105,178,212,233,242,222.05574,225.66951,153.0443,230.86059,149.99112,154.22481,104.01601,155.68733,224.89073,224.87732,222.33523,,
827.71435,203,206,117,214,133,139,90,126,221,200,201,221.67544,225.54037,150.98732,230.2801,148.56495,154.84262,104.31138,156.32741,224.24096,224.4415,221.0839,,
827.91651,259,271,168,268,191,206,122,190,253,250,258,220.98942,224.80249,151.29727,229.9166,147.52506,152.55415,103.27912,156.4015,223.95042,223.78817,220.33092,,
828.11868,277,256,186,264,166,207,173,196,277,256,266,221.30032,225.12992,152.22268,231.08643,147.41632,152.43999,103.35065,157.19783,226.39899,223.8108,220.9448,,
828.32087,186,204,130,209,111,141,79,124,194,232,204,219.00824,224.80677,152.21697,230.20888,146.58842,150.95307,102.0369,157.01708,225.46984,223.61875,220.78733,,
828.52307,197,212,138,210,133,128,79,134,218,254,219,220.6462,225.30189,153.16333,230.87624,145.95792,152.99418,101.32359,157.54502,225.44028,224.3977,221.71521,,
828.72529,223,195,136,213,128,171,112,117,204,207,206,221.71213,225.44692,153.1665,231.0757,147.9995,154.36096,104.46805,157.61401,224.75066,223.84106,221.83293,,
828.92753,216,218,132,217,140,125,80,140,213,243,192,220.73546,225.17658,153.44006,230.55748,147.96018,153.82654,104.6202,157.00299,223.49704,223.58391,221.90294,,
829.12977,191,192,136,198,137,107,79,138,197,207,201,221.35722,225.46952,154.18841,231.31468,149.56096,154.51433,105.83617,158.11108,223.50187,223.64529,222.90188,,
829.33204,220,233,143,250,140,141,94,157,235,196,210,220.84491,224.7088,152.88795,231.78027,148.79714,153.53553,105.31573,157.5286,223.34318,223.35688,221.89859,,
829.53432,222,207,145,237,125,132,86,143,217,232,206,221.35151,223.64228,152.99518,231.63331,148.96136,154.49159,105.57682,156.91558,222.49238,224.16872,221.35505,,
829.73661,240,257,193,235,192,161,127,193,226,234,260,223.14845,226.16487,154.79263,231.90971,152.89524,156.35183,107.02299,158.45337,222.48257,225.44092,223.11269,,
829.93892,200,230,124,196,126,121,86,169,229,197,220,224.09192,227.84976,154.13851,232.79533,153.00528,157.57918,107.71977,160.45399,223.48787,226.13751,222.22429,,
830.14124,217,234,137,222,144,148,86,160,210,207,206,222.88802,227.17208,153.60198,231.72049,150.94537,156.24916,106.80484,158.76736,222.74606,225.07941,221.07556,,
830.34358,256,227,202,259,149,175,134,169,239,241,232,222.44866,226.17357,154.04861,230.72971,151.86537,155.97937,105.86382,157.93073,221.35953,224.59877,221.6199,,
830.54594,221,225,166,239,155,159,110,157,228,234,225,222.9019,226.28483,153.91683,230.46286,152.61172,155.93932,106.03595,158.64923,221.4796,224.93062,222.83211,,
830.7483,214,212,143,207,140,204,96,150,205,210,206,223.07013,225.73112,153.57086,229.73293,152.87549,155.72654,105.06041,158.89103,219.95925,224.75655,223.45781,,
830.95069,250,212,142,210,133,164,113,158,213,210,209,222.85769,225.12852,153.15969,228.84693,152.33382,155.88104,105.32041,158.53147,218.76221,224.08732,222.71873,,
831.15309,272,244,193,245,194,207,149,185,239,238,250,222.26368,224.68955,153.46567,228.82498,152.63952,155.06111,105.30986,158.39428,217.74917,223.8978,222.99574,,
831.3555,237,239,168,248,174,157,121,170,224,230,236,222.2176,225.42703,153.52842,229.02193,153.16956,154.54853,105.08854,158.08265,217.58441,224.05404,223.30909,,
831.55793,143,224,144,212,154,121,80,143,209,210,206,223.76174,226.56241,154.45559,229.01386,154.11164,155.95735,105.49915,159.53847,217.09266,223.8212,223.63401,,
831.76037,207,240,160,271,173,168,112,148,227,258,221,223.95889,226.06458,154.40094,229.19482,154.49082,155.93035,105.73961,159.56853,216.26209,224.42037,223.35548,,
831.96283,221,204,145,209,127,143,95,156,222,239,220,223.53813,225.31838,154.07015,227.93767,154.25013,155.89712,105.3259,159.37629,214.8344,224.74511,222.91767,,
832.16531,220,234,156,210,177,150,101,241,224,225,250,223.42796,225.89062,153.0769,226.55578,153.00521,155.05137,104.59514,159.58201,213.88283,223.36155,222.36395,,
832.3678,210,216,104,239,146,127,92,143,217,181,207,222.81134,223.94707,151.80874,226.41337,151.64366,154.51297,104.30537,157.96632,213.88435,222.07799,220.92978,,
832.5703,234,217,178,222,121,170,105,157,218,231,202,223.23024,223.69569,152.88992,227.08863,152.15153,154.56461,104.62056,156.71057,213.86913,220.57677,221.42608,,
832.77282,238,233,208,256,202,162,128,158,236,238,276,222.87941,223.9038,154.29151,229.6804,154.00956,154.23486,104.61422,157.90136,213.57055,219.35029,222.49607,,
832.97536,234,239,175,255,174,175,111,164,238,241,244,222.8245,223.45242,152.44601,230.03042,154.15158,154.07792,104.24594,157.51358,213.57884,218.62164,222.26975,,
833.1779,196,214,118,200,149,136,99,125,111,200,203,223.67789,224.31824,152.82027,231.10922,155.54259,155.76679,104.17223,157.96684,213.81961,219.52148,223.28562,,
833.38047,285,246,165,253,186,207,144,164,233,233,239,226.0725,225.51304,154.07848,232.72353,156.38209,157.91642,106.41546,158.82863,215.74314,220.4322,224.912,,
833.58305,207,217,130,210,194,135,112,136,203,201,207,224.04766,224.00075,152.82434,231.78423,154.03327,156.60935,104.08156,157.21534,214.51707,220.21933,224.1357,,
833.78564,224,225,162,230,111,149,112,158,223,242,238,224.19708,224.80693,153.46094,232.37367,154.70584,156.91875,104.00779,156.9371,215.28526,222.45679,225.32875,,
833.98825,256,228,130,224,149,172,91,166,207,210,216,224.98272,223.89248,153.07289,232.35183,154.69222,158.98634,104.55329,155.47602,215.0964,222.63653,226.45414,,
834.19088,212,206,129,209,125,140,81,125,195,228,201,224.49251,222.93085,152.02077,231.48354,154.35324,158.37301,103.95864,154.10564,214.24247,223.23844,225.72056,,
834.39352,245,239,175,234,175,172,113,152,236,227,216,223.28535,221.19833,151.09658,229.34279,153.7151,156.63324,102.84976,152.89164,213.04419,222.39904,224.27577,,
834.59617,220,246,146,236,148,145,97,162,235,223,224,223.90432,221.07008,150.87431,230.64307,153.21486,156.95635,102.78733,152.43802,213.82607,222.40714,224.32424,,
834.79884,185,185,97,218,74,111,64,141,196,198,188,224.01552,219.16555,149.8838,231.10503,151.51057,155.62656,101.87803,149.78206,212.83374,222.6336,222.54044,,
835.00153,204,197,161,224,161,129,80,122,196,202,239,223.99803,219.03035,150.03146,230.15971,151.45636,155.00811,101.45987,149.4743,211.9752,223.18641,222.60395,,
835.20423,232,234,162,245,192,175,102,198,207,240,260,223.25403,218.99737,147.22372,228.89341,150.50667,153.0287,101.05223,149.15459,212.21303,222.91291,222.2208,,
835.40694,229,233,152,237,144,152,108,168,226,233,227,222.80228,218.65548,146.13815,228.6194,149.29926,152.58017,100.26379,148.73406,212.91214,222.62853,220.87585,,
835.60967,209,217,175,239,140,162,95,154,212,223,204,223.60833,218.40896,146.86441,229.0253,148.96396,151.91674,100.63548,149.18057,213.75177,223.38089,220.3885,,
835.81242,217,239,157,236,152,153,137,145,236,214,212,220.86303,217.72656,147.41632,228.75716,148.3353,151.20254,100.30279,148.37226,214.17554,223.65773,219.72674,,
836.01518,217,207,145,224,145,144,97,137,207,213,228,220.60941,216.70169,146.92027,227.49036,147.39942,151.51854,98.94204,147.94272,214.04682,223.57664,218.84894,,
836.21795,228,207,118,206,132,158,79,128,204,198,198,222.46912,216.93687,146.77404,227.0634,147.482,152.1309,99.79186,147.8819,214.97015,223.86516,218.53034,,
836.42074,238,200,148,232,142,178,112,152,208,216,220,223.79322,215.58971,146.41285,225.53401,147.17937,152.5878,99.43104,146.82283,214.79814,222.85146,217.16173,,
836.62355,196,178,128,207,120,126,67,117,204,212,206,222.34347,213.91898,144.84459,223.82867,145.57209,149.65141,97.84025,145.09792,213.96704,221.18005,215.47931,,
836.82637,232,233,168,272,169,166,122,164,233,238,241,220.98929,214.28266,145.02458,223.73972,146.69743,149.01751,97.97273,145.16324,214.71651,221.09658,215.67207,,
837.0292,241,220,141,239,154,143,96,140,246,215,221,222.44486,216.35299,146.5695,226.08363,148.71356,150.55843,99.10426,146.32139,217.32943,223.42259,216.44284,,
837.23205,239,217,174,254,185,178,128,151,239,252,228,222.2777,215.27208,146.61288,224.27872,147.74602,150.26537,98.42105,145.56058,217.46411,224.35319,216.21874,,
837.43492,239,258,175,232,194,163,94,173,218,225,254,223.51788,216.70645,148.08773,224.0986,149.12886,151.10664,99.46807,149.1919,219.50914,225.03119,217.80416,,
837.6378,212,207,148,212,136,157,92,178,222,244,220,223.37584,217.3242,145.7149,224.44538,148.69496,150.23425,99.44465,149.33342,220.69311,224.25588,216.58366,,
837.84069,226,222,111,207,125,160,95,126,209,271,208,225.18841,218.59677,148.07613,225.52765,148.78711,151.88383,100.80235,150.32372,222.90725,225.59639,216.59426,,
838.0436,207,204,174,201,133,143,89,121,205,224,208,226.56864,220.37324,151.82641,227.35031,151.52962,153.09855,102.34744,151.71503,225.54998,227.48178,219.10682,,
838.24653,233,226,150,230,149,149,111,154,233,218,223,227.9369,221.76027,153.29842,229.04657,153.65311,154.67927,102.98394,153.94978,227.76618,229.29774,220.8573,,
838.44947,207,207,142,214,148,143,92,154,210,229,218,227.79784,222.88666,153.89082,228.89782,154.94473,155.5023,103.0282,154.07939,226.42533,229.66137,221.07298,,
838.65242,271,250,174,248,204,202,163,169,239,250,242,230.67524,225.11389,156.18472,230.88337,157.27751,157.8474,105.4302,155.51183,228.07864,231.28313,222.56799,,
838.85539,205,175,113,192,120,133,86,128,193,192,187,230.30198,226.15611,156.98491,230.36676,159.78133,157.42162,107.16927,155.45086,228.44751,231.19962,222.60332,,
839.05838,203,207,138,207,129,109,94,142,207,212,166,229.66106,226.45496,158.29047,230.11217,159.47047,156.60033,107.02886,155.97316,229.01631,231.6204,223.2051,,
839.26138,238,228,152,236,146,148,98,156,238,234,204,231.70482,227.11577,159.13087,230.09645,160.00555,158.15581,107.69093,156.4657,229.55054,231.29176,223.57619,,
839.4644,236,226,148,260,150,161,110,145,235,251,232,233.1593,227.54461,159.24655,230.42685,160.5329,159.49335,108.436,157.05398,230.66244,232.30427,223.98523,,
839.66743,198,210,126,194,145,116,85,134,206,208,185,233.60599,227.03898,159.49299,228.99148,161.15001,159.08544,108.51317,157.43183,230.17556,231.43883,222.93232,,
839.87047,213,245,150,207,168,156,101,196,252,234,239,234.05214,229.0381,159.97542,229.5139,162.31643,159.19103,109.33539,157.60146,231.76584,230.92113,223.83198,,
840.07353,237,241,164,255,185,160,128,175,265,228,236,233.79843,228.13153,158.99357,230.12227,159.70844,158.29695,108.62219,156.32001,232.54608,230.059,222.71981,,
840.27661,222,216,203,227,154,165,88,159,239,217,216,233.80833,228.29036,159.63603,230.90577,160.83979,158.31,109.06673,155.38728,232.36415,229.79966,224.28164,,
840.4797,226,233,159,214,180,135,95,156,205,222,234,234.29967,229.10274,159.95216,230.9691,162.59129,159.55786,108.98661,156.9236,232.61476,229.66921,225.89624,,
840.68281,225,226,168,229,157,170,104,136,230,220,233,234.58371,230.66486,159.26719,231.51528,161.59358,159.83726,109.28186,158.23131,232.89569,230.23849,225.98573,,
840.88593,323,242,145,237,175,160,108,168,239,232,236,234.64794,231.75445,160.07839,232.30782,162.07855,160.19022,109.0969,158.20449,232.91927,229.8224,226.01776,,
841.08906,241,244,158,240,173,178,132,149,238,220,225,234.79155,232.82491,160.63847,232.69014,163.08702,160.71243,110.33951,158.52706,233.55412,229.05891,225.67388,,
841.29221,206,199,143,210,127,134,74,143,209,202,205,233.27847,232.53754,160.44323,233.51904,163.08421,159.42379,109.51263,158.42724,233.28875,228.1677,225.70951,,
841.49538,254,290,209,286,205,190,159,212,278,277,288,233.20111,232.3835,159.01699,233.09269,162.56019,159.81605,108.22811,158.54173,232.42184,226.54083,225.15642,,
841.69856,332,315,245,312,249,276,193,238,301,306,303,234.14759,232.7879,160.57229,233.96122,162.77966,161.15595,109.78416,159.2574,232.40839,226.53378,225.59942,,
841.90176,239,243,173,229,146,172,101,159,241,240,216,232.64226,230.93474,160.13504,233.46037,161.93171,159.69884,108.97132,158.5517,231.8802,225.89091,225.46456,,
842.10497,195,202,143,205,133,143,96,122,194,207,207,232.75071,231.41951,160.89973,234.29629,162.7869,160.65193,110.12786,159.47313,231.99633,225.6026,226.48533,,
842.30819,261,275,180,289,188,181,143,195,276,239,239,233.5797,231.85628,161.3866,235.43018,164.12279,161.13534,110.78047,159.3051,232.93295,225.34606,227.27015,,
842.51143,212,223,143,237,161,149,91,142,218,237,210,233.5355,231.21751,161.82242,235.9091,164.79569,161.52436,111.68203,158.08256,232.19695,225.58642,227.38798,,
842.71469,246,233,222,249,197,182,116,170,241,240,266,234.16589,232.31165,163.09398,236.42859,166.2495,162.00161,111.77823,159.2851,231.142,226.28361,229.25901,,
842.91796,201,209,137,206,153,138,79,156,206,214,219,233.54223,232.34143,161.73508,236.98113,165.90562,162.47469,111.86414,160.80457,231.08739,226.41861,230.06829,,
843.12125,217,204,122,212,143,143,94,143,207,200,209,233.30898,231.40764,159.46794,236.70643,163.76727,162.20379,111.11359,158.95592,230.61363,227.41602,228.82317,,
843.32455,212,223,172,217,139,143,110,117,225,203,207,232.59945,231.2632,160.90333,236.78156,163.39041,162.05393,110.84292,158.13004,230.02521,227.35027,229.22886,,
843.52787,220,205,144,222,140,125,120,143,208,206,216,232.26696,230.69777,160.50321,236.29088,162.33595,161.00369,110.14535,157.72566,229.14974,226.32501,229.20506,,
843.7312,206,196,127,198,141,143,88,133,216,189,206,231.02179,230.24211,160.40282,236.16451,162.10381,160.7942,109.10594,157.82296,228.64584,225.8236,229.78199,,
843.93454,241,204,137,238,148,168,79,153,228,208,222,232.62862,231.0108,161.38445,236.69102,163.90872,162.52561,110.78038,158.10947,228.84088,226.46608,231.07801,,
844.13791,270,236,148,250,160,198,146,154,241,230,235,232.58457,229.82965,162.15251,236.03767,163.52923,162.47883,110.77345,157.72831,227.37765,225.56996,230.79558,,
844.34128,216,229,127,238,166,144,101,166,226,224,223,230.81796,229.36986,161.40889,235.87116,162.90093,162.61861,109.67915,157.26259,226.62552,224.97585,229.72409,,
844.54467,188,213,142,207,138,114,82,118,186,192,202,230.72706,229.29552,160.82944,235.93504,162.81125,162.53985,109.6066,156.94333,226.59791,223.94009,229.05959,,
844.74808,254,282,185,294,185,206,136,145,281,255,266,229.7612,228.13287,159.54966,236.55634,161.72357,162.74629,108.77644,156.01078,225.89701,224.36633,228.49063,,
844.9515,233,212,152,237,142,168,97,163,216,244,210,228.17828,226.34259,157.31693,233.65911,159.65023,160.91733,108.20512,153.44676,223.26073,223.58429,226.34658,,
845.15494,216,249,145,214,189,164,111,196,199,230,239,227.59094,225.77078,156.64669,233.311,159.12406,160.42486,107.76128,152.95058,222.6788,223.18178,225.81765,,
845.35839,217,220,147,208,143,143,79,166,223,207,196,226.99635,225.19853,155.96139,232.9407,158.59515,159.90148,107.29093,152.46765,222.12144,222.77007,225.27176,,
845.56186,225,233,160,254,155,143,114,161,213,239,217,226.3945,224.62583,155.26105,232.5482,158.06349,159.34718,106.79407,151.99798,221.58863,222.34916,224.70892,,
845.76534,229,207,188,234,207,152,108,144,228,210,241,225.78539,224.05268,154.54565,232.13351,157.52909,158.76198,106.2707,151.54155,221.08039,221.91906,224.12913,,
845.96884,213,203,166,229,154,159,111,178,221,233,220,225.16902,223.47908,153.8152,231.69663,156.99195,158.14587,105.72082,151.09838,220.59671,221.47977,223.53238,,
846.17235,212,224,160,242,144,143,107,159,223,236,239,224.5454,222.90503,153.0697,231.23756,156.45206,157.49884,105.14444,150.66846,220.13759,221.03128,222.91867,,
846.37587,268,239,175,214,169,196,143,164,223,239,245,223.91452,222.33054,152.30914,230.75629,155.90942,156.82091,104.54154,150.25179,219.70303,220.5736,222.28802,,
846.57942,233,233,190,234,172,155,144,143,237,248,236,223.27639,221.7556,151.53354,230.25283,155.36404,156.11206,103.91214,149.84837,219.29304,220.10673,221.6404,,
846.78297,207,201,113,212,153,143,79,141,207,207,222,222.631,221.18022,150.74288,229.72718,154.81592,155.37231,103.25622,149.4582,218.9076,219.63065,220.97583,,
846.98655,245,248,152,229,161,186,108,148,213,219,225,221.97835,220.60438,149.93717,229.17934,154.26506,154.60164,102.5738,149.08129,218.54673,219.14539,220.29431,,
847.19013,224,221,148,252,148,143,92,134,216,232,220,221.31845,220.0281,149.11641,228.6093,153.71145,153.80006,101.86487,148.71762,218.21042,218.65093,219.59583,,
847.39373,207,207,126,214,111,131,79,143,200,206,207,220.65129,219.45137,148.28059,228.01707,153.15509,152.96757,101.12943,148.36721,217.89867,218.14728,218.8804,,
847.59735,235,238,158,255,162,168,100,190,253,225,236,219.97687,218.87419,147.42972,227.40265,152.59599,152.10416,100.36748,148.03005,217.61148,217.63443,218.14801,,
847.80098,213,223,132,237,150,153,92,132,248,180,205,219.2952,218.29657,146.5638,226.76604,152.03415,151.20985,99.57902,147.70614,217.34885,217.11238,217.39867,,
848.00463,226,207,197,213,153,146,84,125,218,214,206,218.60627,217.7185,145.68283,226.10723,151.46956,150.28463,98.76406,147.39549,217.11079,216.58115,216.63237,,
848.20829,224,253,193,230,201,175,111,187,215,216,264,217.91008,217.13998,144.78681,225.42623,150.90223,149.32849,97.92258,147.09808,216.89728,216.04072,215.84912,,
848.41197,217,206,128,204,146,154,84,143,208,207,207,217.20663,216.56101,143.87573,224.72304,150.33215,148.34145,97.0546,146.81393,216.70834,215.49109,215.04891,,
848.61566,227,239,165,248,182,191,118,157,244,232,234,216.49593,215.9816,142.94961,223.99765,149.75933,147.32349,96.1601,146.54303,216.54396,214.93227,214.23175,,
848.81937,230,214,144,218,152,157,111,138,207,226,207,215.77798,215.40174,142.00843,223.25007,149.18377,146.27462,95.2391,146.28538,216.40414,214.36425,213.39763,,
849.02309,196,213,136,228,139,152,93,145,208,210,204,215.05277,214.82143,141.05219,222.4803,148.60546,145.19484,94.29159,146.04098,216.28888,213.78705,212.54656,,
849.22683,180,197,69,207,124,143,72,121,213,200,196,214.3203,214.24067,140.08091,221.68834,148.02441,144.08415,93.31757,145.80983,216.19819,213.20064,211.67854,,
849.43058,227,191,128,193,128,98,111,128,193,201,186,213.58057,213.65947,139.09457,220.87418,147.44061,142.94255,92.31704,145.59193,216.13205,212.60504,210.79355,,
849.63435,201,190,129,206,115,130,76,131,192,237,196,212.83359,213.07782,138.09318,220.03783,146.85407,141.77004,91.29001,145.38729,216.09048,212.00025,209.89162,,
849.83813,228,221,144,210,145,127,111,136,209,208,216,212.07935,212.49572,137.07674,219.17929,146.26479,140.56661,90.23646,145.1959,216.07347,211.38626,208.97273,,
850.04193,207,224,149,264,171,143,73,178,245,204,218,211.31785,211.91317,136.04525,218.29856,145.67276,139.33228,89.15641,145.01776,216.08102,210.76308,208.03688,,
