,Raw_Spectra,,,,,,,,,,,Smoothed_Spectra,,,,,,,,,,,,# Smoothing method: Savitzky-Golay
Wavelength (nm),1.5471 mg / L,0.7735 mg / L,0.6188 mg / L,0.3868 mg / L,0.3094 mg / L,0.1934 mg / L,0.1547 mg / L,0.0773 mg / L,0.0387 mg / L,0.0193 mg / L,0.0096 mg / L,1.5471 mg / L,0.7735 mg / L,0.6188 mg / L,0.3868 mg / L,0.3094 mg / L,0.1934 mg / L,0.1547 mg / L,0.0773 mg / L,0.0387 mg / L,0.0193 mg / L,0.0096 mg / L,,# Window length: 50 points
400.03188,309,270,188,245,174,145,219,201,226,149,217,306.29856,264.38829,203.44882,263.96841,197.32929,162.79314,235.24767,170.88807,228.86229,172.58183,220.66541,,# Polynomial order: 2
400.19923,282,254,181,241,176,173,212,144,214,161,236,306.98436,264.19889,203.227,263.85582,196.51819,163.41162,234.9642,170.39182,228.94777,172.58025,221.33832,,
400.36659,332,283,225,301,207,197,256,195,243,198,254,307.6394,264.022,203.01929,263.74526,195.73933,164.00077,234.6967,169.91893,229.03019,172.57767,221.98944,,
400.53396,319,266,222,274,209,175,224,175,242,183,228,308.26368,263.85764,202.8257,263.63672,194.99271,164.56058,234.44519,169.46939,229.10953,172.5741,222.61876,,
400.70135,290,236,185,244,164,143,198,146,206,142,201,308.85719,263.70579,202.64622,263.5302,194.27833,165.09105,234.20965,169.04321,229.1858,172.56954,223.22628,,
400.86876,301,280,214,277,209,170,260,172,255,194,218,309.41995,263.56646,202.48085,263.42571,193.59618,165.59217,233.9901,168.64039,229.25899,172.56399,223.81201,,
401.03618,317,237,191,239,198,161,248,164,224,182,216,309.95194,263.43965,202.3296,263.32324,192.94627,166.06396,233.78653,168.26093,229.32912,172.55745,224.37594,,
401.20361,336,272,227,303,219,182,260,184,252,194,239,310.45316,263.32536,202.19247,263.2228,192.3286,166.5064,233.59894,167.90483,229.39617,172.54991,224.91808,,
401.37106,292,262,201,271,187,148,224,153,246,177,229,310.92363,263.22359,202.06945,263.12438,191.74317,166.9195,233.42733,167.57208,229.46016,172.54139,225.43842,,
401.53853,317,288,200,269,237,168,242,156,241,184,232,311.36333,263.13433,201.96054,263.02799,191.18997,167.30326,233.2717,167.26269,229.52107,172.53187,225.93696,,
401.70601,300,240,200,240,200,143,239,148,213,176,208,311.77228,263.05759,201.86575,262.93362,190.66902,167.65769,233.13205,166.97666,229.57891,172.52136,226.41371,,
401.8735,310,259,186,268,192,148,239,184,202,164,200,312.15046,262.99336,201.78507,262.84128,190.1803,167.98277,233.00838,166.71399,229.63367,172.50986,226.86866,,
402.04101,293,258,207,251,176,143,229,137,228,148,215,312.49787,262.94166,201.71851,262.75096,189.72382,168.27851,232.90069,166.47467,229.68537,172.49736,227.30182,,
402.20854,303,248,190,241,173,175,236,142,196,142,205,312.81453,262.90247,201.66606,262.66267,189.29957,168.5449,232.80899,166.25872,229.73399,172.48388,227.71318,,
402.37608,350,286,213,302,205,191,240,164,233,169,242,313.10042,262.8758,201.62772,262.5764,188.90757,168.78196,232.73326,166.06612,229.77954,172.4694,228.10275,,
402.54363,334,302,234,300,240,195,273,208,260,209,257,313.35555,262.86165,201.60351,262.49215,188.5478,168.98968,232.67352,165.89688,229.82202,172.45393,228.47052,,
402.7112,298,261,175,236,162,183,210,167,192,155,229,313.57992,262.86002,201.5934,262.40993,188.22028,169.16806,232.62975,165.751,229.86143,172.43747,228.81649,,
402.87879,329,245,191,249,180,162,270,159,241,190,227,313.77353,262.8709,201.59741,262.32974,187.92499,169.31709,232.60197,165.62847,229.89777,172.42002,229.14067,,
403.04639,330,271,206,268,173,175,227,152,209,176,226,313.93637,262.89431,201.61553,262.25157,187.66193,169.43679,232.59017,165.52931,229.93103,172.40157,229.44305,,
403.214,344,271,239,270,168,196,245,194,258,182,256,314.06845,262.93023,201.64777,262.17542,187.43112,169.52714,232.59435,165.4535,229.96122,172.38214,229.72364,,
403.38163,282,242,164,220,136,127,190,143,213,138,206,314.16977,262.97866,201.69412,262.1013,187.23254,169.58815,232.61451,165.40105,229.98834,172.36171,229.98243,,
403.54928,317,276,207,268,217,186,234,172,248,184,230,314.24033,263.03962,201.75459,262.0292,187.0662,169.61982,232.65065,165.37195,230.01239,172.34029,230.21942,,
403.71694,306,269,202,244,175,175,207,174,216,162,235,314.28012,263.11309,201.82917,261.95913,186.9321,169.62215,232.70277,165.36622,230.03337,172.31788,230.43462,,
403.88462,306,269,234,272,184,174,231,179,243,178,232,314.28915,263.19908,201.91787,261.89108,186.83024,169.59514,232.77087,165.38384,230.05128,172.29448,230.62802,,
404.05231,312,270,213,255,192,162,203,165,238,168,222,314.26742,263.29759,202.02068,261.82506,186.76062,169.53879,232.85495,165.42482,230.06611,172.27008,230.79963,,
404.22001,297,230,187,271,160,152,203,147,224,146,200,314.21493,263.40862,202.1376,261.76106,186.72323,169.4531,232.95502,165.48916,230.07787,172.24469,230.94944,,
404.38773,301,261,194,270,190,173,232,192,227,185,226,314.43374,264.34506,202.81026,260.81277,186.60298,168.78602,233.10822,167.49478,230.2683,171.54017,231.44329,,
404.55547,308,253,208,267,192,186,252,184,228,189,257,313.3794,264.72237,202.95406,259.65632,186.24814,169.29462,233.12526,167.26913,229.8012,170.87631,232.61446,,
404.72322,289,239,181,236,159,169,213,144,213,140,205,313.66319,265.58312,203.86983,260.55489,186.44665,170.28118,233.28286,168.49949,229.84072,171.19663,233.61743,,
404.89099,356,274,202,264,202,158,255,190,239,187,243,313.7411,265.03393,204.39906,261.08274,186.42551,169.45976,232.79175,169.24121,230.02535,171.09452,233.06231,,
405.05877,304,256,203,264,192,154,238,162,231,177,213,312.25391,264.64276,204.13665,260.72013,185.55444,168.60103,230.95137,169.02698,229.07146,169.74871,232.8096,,
405.22656,321,319,209,271,208,186,236,157,244,182,239,311.76586,265.80976,204.88557,261.58858,186.2601,169.28204,231.93916,169.33702,230.46839,171.03006,232.46778,,
405.39437,317,252,184,253,191,152,251,161,241,196,223,311.13239,264.38413,203.93352,260.55727,185.94587,167.97805,231.68826,169.03819,230.58676,171.2979,232.08745,,
405.5622,318,282,218,286,209,180,262,172,255,184,255,311.91481,263.92738,204.07253,261.72461,186.74713,168.27708,232.22546,169.73105,230.55886,171.68896,232.26576,,
405.73004,271,244,178,257,188,161,228,148,212,176,225,311.02707,264.19301,204.23552,262.89329,186.31222,167.30594,232.26515,169.68099,231.09024,172.38973,232.60135,,
405.8979,300,264,218,270,177,158,229,158,223,150,223,311.74206,265.99918,204.78206,263.96303,188.81626,167.274,233.92025,169.87712,232.34334,173.83304,233.67134,,
406.06577,321,265,212,267,217,175,244,174,236,175,248,310.41822,265.0839,203.05293,262.67641,189.05103,165.63734,234.12351,168.34828,231.39174,174.1837,232.53671,,
406.23365,328,272,224,269,197,164,242,186,222,181,243,309.79356,264.26902,201.80518,262.60346,188.52968,164.06521,234.08779,168.55347,230.43165,173.53082,231.07137,,
406.40155,304,241,185,256,177,160,220,169,213,147,232,308.46882,263.95382,201.6686,260.74475,188.09029,162.18188,234.08252,166.96571,230.01966,172.6286,230.1085,,
406.56947,333,290,213,256,207,204,245,194,254,185,270,307.19645,263.31856,200.88213,260.01966,188.18632,161.38558,234.54601,164.94158,228.91959,171.28238,228.90027,,
406.7374,296,252,175,256,150,144,200,138,191,143,221,307.54062,264.4148,200.34948,260.58047,188.95207,159.9607,234.97062,164.4941,228.48119,170.65838,228.08752,,
406.90535,322,269,221,255,185,162,234,164,241,175,235,307.69827,265.59628,201.08675,261.36567,190.62239,159.76616,236.64731,165.30207,229.60731,171.74072,228.51938,,
407.07331,303,271,207,240,175,158,230,173,239,154,242,306.8453,265.56513,200.14168,260.0195,189.95717,159.10143,235.86251,164.43138,228.75802,170.71392,228.57301,,
407.24129,315,268,207,269,193,164,258,165,247,196,234,307.77639,265.58629,199.65003,259.64285,191.01463,159.74172,237.75202,164.7947,229.53002,171.6269,229.37507,,
407.40928,330,280,201,256,184,175,226,154,236,172,236,309.6978,265.87837,200.18936,260.49199,191.83386,160.98539,238.5319,164.90231,229.05237,172.26512,230.19629,,
407.57728,319,245,206,270,198,163,242,186,229,175,220,309.94645,266.235,201.08213,260.04797,191.43011,161.91189,238.33652,165.6445,229.4384,171.73721,230.9079,,
407.7453,303,297,228,271,207,138,239,169,234,187,239,309.41924,265.71621,199.98951,258.43299,190.14639,160.77841,237.74373,164.90734,228.88247,170.68321,230.11613,,
407.91334,318,269,222,274,221,175,252,187,238,165,238,310.54692,266.85587,200.91993,259.19298,191.85821,162.32062,238.97597,165.59979,230.64821,171.80776,230.79229,,
408.08139,284,239,175,240,198,157,237,162,209,157,205,310.64205,267.61136,201.32399,259.91357,192.83714,163.48545,239.23862,167.39686,231.2902,172.57822,231.65623,,
408.24946,294,286,201,255,187,165,251,190,232,175,210,310.83463,267.77035,202.69012,260.16798,192.24571,163.79467,239.51489,168.15948,232.27718,172.9829,231.76219,,
408.41754,294,270,233,270,184,150,234,165,220,175,216,310.72316,267.93336,203.06064,259.87291,191.95556,163.5809,238.86731,167.32295,232.63702,172.9766,231.28094,,
408.58564,294,247,171,271,173,156,220,140,219,168,209,310.96985,267.75284,203.01074,260.80887,192.24057,164.16034,238.77499,167.3372,233.08009,172.82647,230.77859,,
408.75375,305,246,172,272,177,139,210,156,226,175,200,310.03373,267.7477,202.73666,261.56481,192.7428,163.98759,238.73159,168.39312,234.08048,173.8542,230.51858,,
408.92188,308,257,185,265,188,146,248,156,238,181,224,309.24392,267.12399,201.9207,260.35797,192.44463,164.27394,238.67141,168.9706,234.08551,174.10655,230.32331,,
409.09002,304,292,197,255,202,190,241,154,236,186,256,307.80878,265.54112,200.22254,259.65227,191.15996,163.42531,237.61326,167.19724,233.36873,172.97595,229.52343,,
409.25817,328,256,185,253,186,160,259,154,239,188,218,309.34427,265.87259,200.42569,260.03155,192.40286,164.5823,238.40205,168.52291,234.43365,174.03823,229.73707,,
409.42635,303,243,175,241,175,129,225,159,207,149,234,307.96908,265.41571,199.85748,260.33314,193.11024,164.82985,237.80557,168.83889,233.63607,173.89098,229.68647,,
409.59453,324,287,208,265,201,186,260,172,218,172,232,307.21282,266.33147,199.18197,260.20245,193.74491,165.80921,237.48096,168.14279,233.86303,173.85601,229.06489,,
409.76273,298,292,210,256,189,155,253,160,254,184,237,307.32737,266.31684,198.11495,259.8768,193.90833,166.12123,237.8298,168.02159,233.97864,174.85862,228.11126,,
409.93095,310,260,185,225,203,163,237,153,236,159,223,307.8607,266.67102,198.76097,261.32078,195.02818,167.46003,239.4926,168.17516,234.96215,176.24911,229.39584,,
410.09918,276,232,166,221,156,148,196,142,208,138,198,306.58092,266.20997,197.84931,261.12306,194.09939,168.17835,239.56103,167.34952,234.31403,176.18607,229.04505,,
410.26743,326,274,244,268,200,175,240,190,255,165,246,304.93157,265.88792,197.10399,260.75644,193.36134,167.72792,238.77619,166.27853,233.33484,175.03919,228.12245,,
410.43569,313,290,218,254,224,176,251,170,244,188,248,304.29432,265.41102,196.64276,260.31887,193.10354,167.71306,237.8845,164.93449,233.09898,174.17606,227.69603,,
410.60397,319,274,202,301,210,180,242,185,252,180,245,304.69263,265.31532,196.32707,260.13622,193.63809,167.3068,237.45047,164.99556,232.64604,173.61825,227.94734,,
410.77226,327,274,207,253,188,176,233,205,243,186,242,304.98519,264.84394,196.15457,259.42837,193.41276,168.34005,236.69012,165.8349,232.07776,172.93733,228.1588,,
410.94057,325,253,224,273,198,223,239,175,258,188,269,305.38628,265.81225,196.63945,258.56105,193.86942,169.8359,236.67134,165.92181,232.54515,173.16587,229.6806,,
411.10889,324,271,209,274,212,199,234,182,238,175,251,305.12191,264.77406,195.19649,258.22318,191.57508,170.37942,234.71161,165.0576,230.71818,171.83406,228.94996,,
411.27723,326,276,209,288,221,215,258,207,237,197,241,306.26798,265.60047,196.80138,258.82921,191.64382,171.19982,234.84421,165.47897,231.67832,172.40361,230.14913,,
411.44558,297,256,207,268,179,154,230,159,228,168,212,305.68131,265.76842,197.69306,258.28732,190.97266,172.08401,233.96799,166.05293,231.81483,171.16804,231.56855,,
411.61395,262,271,185,244,175,143,226,156,237,164,205,306.50764,266.29559,198.48325,258.84623,191.03182,173.30325,234.61877,166.74824,232.5985,171.99128,232.94326,,
411.78233,336,271,209,293,208,177,281,177,260,214,239,307.27332,265.9865,198.40311,258.11232,190.11719,173.87717,233.80131,166.24766,232.5119,171.60332,233.54638,,
411.95073,303,271,202,285,201,179,241,178,252,191,242,307.38492,265.01341,198.35953,258.42776,189.29147,173.88956,232.832,166.82731,231.28318,170.60889,233.49516,,
412.11914,276,246,170,250,177,144,217,156,207,161,213,307.3745,265.79612,199.47226,259.24173,189.16356,173.64348,232.68373,167.41172,232.2608,171.12279,234.58654,,
412.28757,296,250,178,221,156,144,216,115,208,147,208,307.86047,266.15214,200.83948,260.12141,189.86958,174.00994,232.77395,167.79832,233.13649,171.03982,235.4247,,
412.45601,289,270,176,260,215,172,234,150,219,172,229,307.12927,264.86668,199.6038,258.8614,190.30383,174.08659,232.69463,167.40982,232.46653,170.22628,235.0149,,
412.62447,303,273,190,262,217,180,233,192,236,176,239,307.75372,265.70122,200.62656,259.6344,189.84165,174.61678,233.96007,168.80366,233.10451,170.97563,235.02322,,
412.79294,271,240,175,234,162,140,204,143,218,154,213,307.44914,265.873,201.74663,259.73483,189.78113,173.85945,233.50361,168.57603,232.7325,171.29468,234.81447,,
412.96143,310,258,184,236,177,185,223,149,196,147,225,307.29527,265.7804,201.61859,260.87714,189.77827,174.15491,233.59098,167.48314,232.64645,171.29473,234.44986,,
413.12993,312,269,217,303,206,189,244,159,226,178,258,306.34406,264.39113,200.05447,260.99604,188.87875,171.88561,232.56022,166.22211,231.27856,170.78847,231.84113,,
413.29845,314,286,223,257,206,220,239,201,233,175,229,306.87658,264.49809,200.10333,261.57793,188.94367,171.04134,233.02408,166.3047,231.18501,171.01681,231.59492,,
413.46698,281,255,178,244,159,143,216,143,194,143,231,306.09889,265.16141,199.87952,261.79404,188.85692,171.15223,232.81803,165.22564,230.35106,170.639,231.50307,,
413.63553,332,262,204,244,162,165,247,147,248,173,207,306.74593,264.86412,199.66536,262.21099,189.1477,171.29924,233.90996,165.40422,230.45845,171.86552,231.74063,,
413.80409,334,284,217,266,178,173,237,174,229,176,251,306.37251,263.09577,198.44558,261.55938,187.37706,169.61634,232.30574,164.1157,227.95157,169.85884,231.28035,,
413.97267,305,253,207,255,176,162,230,157,232,157,250,306.28438,264.55032,198.65818,262.66273,188.09851,170.09056,233.2483,165.02206,227.27101,170.24809,231.37353,,
414.14126,292,270,182,226,159,153,196,157,219,130,207,306.10163,265.40705,198.63007,262.94643,187.58975,169.27731,234.6382,164.70663,227.08498,170.73272,231.76079,,
414.30987,302,259,192,251,208,153,212,164,231,169,232,307.21817,265.86027,198.80133,262.57172,188.23228,169.56013,236.47426,164.5958,227.68692,171.36415,232.18229,,
414.47849,342,272,228,271,191,189,239,181,253,179,250,306.89796,264.55883,196.85207,261.32639,186.21144,169.04403,235.69877,163.68294,226.87037,170.51063,231.33439,,
414.64713,335,280,220,275,219,196,261,212,244,196,264,307.91812,265.27819,198.9923,261.94412,186.43609,169.62101,237.10612,164.94793,227.98154,170.87542,232.64935,,
414.81578,313,277,236,273,177,205,249,185,239,198,243,307.99574,265.97642,199.20506,261.59417,186.65095,168.78679,236.96224,164.69059,227.75986,170.71893,233.17624,,
414.98445,293,257,196,282,180,153,239,143,232,169,236,308.18247,266.4081,198.74837,262.4854,188.07321,169.18703,237.69458,165.37344,228.6259,170.82038,234.21224,,
415.15314,320,255,201,292,186,184,239,197,239,175,234,308.38984,266.60984,199.10875,261.95157,187.63721,168.1446,237.88783,166.53238,228.76874,171.0685,234.5167,,
415.32183,308,287,230,278,223,158,260,177,255,186,268,309.58239,267.16139,201.13516,262.75046,188.78568,170.56946,239.39303,169.04686,230.83909,173.26503,237.2013,,
415.49055,284,239,172,244,175,162,220,156,207,150,218,310.32551,267.57188,202.77805,263.63736,189.57188,172.26311,239.93105,170.21498,231.31326,173.35507,238.62364,,
415.65928,324,261,180,264,186,152,249,158,232,188,216,311.15343,268.46588,204.15939,265.46699,191.19735,173.80013,241.46146,172.16789,232.30526,175.14777,238.65943,,
415.82802,288,244,181,254,176,141,227,143,219,161,207,310.29498,267.48438,204.64667,265.80203,190.92215,173.54971,240.6599,172.41235,231.93137,174.69254,238.8072,,
415.99678,306,286,204,287,199,172,246,169,239,180,234,309.61963,269.52402,205.80169,267.41317,192.22168,173.88484,242.28861,173.87909,233.57811,176.05556,239.04652,,
416.16555,322,276,210,269,213,181,271,165,276,208,241,310.89073,270.269,206.69544,269.05558,193.28216,174.46416,244.64457,175.02227,234.90919,177.96673,239.49091,,
416.33434,313,271,197,255,204,162,245,148,208,174,221,311.23706,269.70359,207.27033,270.69986,194.17461,174.2683,245.99232,175.55066,235.7344,179.4114,239.77603,,
416.50314,313,261,186,257,196,176,254,174,212,173,229,310.10311,268.26841,205.98439,270.04473,193.33029,172.52096,245.42816,174.53843,234.76792,179.05948,238.18997,,
416.67196,321,286,229,298,186,168,249,179,232,189,237,310.56497,268.88043,206.67589,270.21416,194.08555,172.65881,246.65616,174.28275,235.74498,180.20877,238.68688,,
416.84079,280,262,177,243,207,158,218,148,206,152,223,309.80231,268.92061,205.26198,270.05968,194.71714,170.82376,246.80826,173.31276,235.42848,180.44051,237.80774,,
417.00964,306,271,208,281,191,185,261,180,224,164,232,310.19432,269.75825,205.5143,271.17432,196.91128,171.85882,247.6187,174.90041,236.59528,181.17867,238.254,,
417.17851,297,255,189,249,174,152,228,185,208,166,226,308.38255,268.80473,204.64035,269.531,195.95767,170.5476,246.72215,174.3316,236.20549,180.80672,236.96134,,
417.34738,335,296,236,288,205,221,252,209,257,191,293,307.80971,269.1502,204.17815,269.13948,196.56316,171.10381,246.59032,173.22236,235.99884,180.15368,236.62078,,
417.51628,288,255,193,270,182,180,239,165,228,175,239,307.26334,268.55088,203.88863,269.9949,196.46538,170.69617,246.20281,172.24945,235.52663,179.72745,235.98489,,
417.68519,328,272,213,274,202,194,258,203,254,206,271,307.30809,269.47423,204.66267,270.62801,197.29958,171.68697,246.25468,173.09441,235.71764,179.79927,235.66056,,
417.85411,307,271,200,265,173,165,236,160,228,158,225,305.71782,268.89945,204.34662,270.06571,196.3565,171.37493,245.09735,172.33104,234.85241,179.1263,235.51419,,
418.02305,319,309,222,289,232,192,300,216,288,232,265,306.95189,269.48162,205.29763,270.19323,196.22202,172.30218,245.90244,172.09461,236.15029,179.84258,235.6442,,
418.192,335,245,207,253,175,175,257,157,239,177,248,307.73041,269.57326,206.23851,269.97993,195.02211,173.16992,246.16177,171.97092,236.27629,179.86201,236.09796,,
418.36097,316,273,221,271,205,189,240,186,262,188,245,306.53761,268.20397,205.52434,268.75685,193.44422,172.32318,244.66828,170.6452,234.4201,177.77112,235.61557,,
418.52996,281,256,189,258,181,157,207,171,221,157,229,305.26888,267.69823,204.40569,266.75864,192.04879,171.2514,242.00077,169.6428,233.5879,175.3948,233.87823,,
418.69895,288,284,239,276,224,163,248,184,238,180,242,305.34823,268.79347,204.6149,266.52185,193.13645,171.73417,241.36782,169.71671,234.18891,175.21917,234.14777,,
418.86797,287,255,180,256,192,147,212,157,218,160,212,306.39874,268.40948,204.8354,266.22642,193.20542,172.21384,241.01563,169.82781,234.5878,174.49315,234.10476,,
419.037,306,274,225,274,223,196,278,191,256,202,241,307.23987,268.80065,205.79408,266.13883,193.44678,173.53682,241.19407,170.90885,235.65195,174.62375,234.52237,,
419.20604,310,271,239,284,174,160,245,178,232,191,222,308.21457,269.33256,207.29299,265.94478,193.29353,174.8282,241.20087,171.18274,236.49716,175.37036,234.90319,,
419.3751,322,282,222,291,217,208,256,189,252,197,245,308.19353,269.11212,208.36893,266.59329,192.98675,174.81048,240.90414,170.63888,237.09217,175.45075,234.90072,,
419.54418,290,248,185,268,174,143,216,113,204,133,192,309.12446,269.05962,208.42037,267.10709,193.09642,174.63179,240.27727,171.49906,237.50031,175.58389,234.05531,,
419.71326,306,268,182,268,202,146,241,161,239,190,216,309.78342,269.21575,209.89839,267.26922,194.0697,174.46368,240.78115,172.70624,238.41695,175.92546,235.25129,,
419.88237,309,257,189,252,188,172,232,163,221,156,256,309.55854,268.81483,209.44255,266.44384,194.46608,174.77744,240.04718,172.82636,238.24309,175.44051,234.96795,,
420.05149,342,303,219,286,214,175,288,176,260,206,223,311.10768,268.95266,209.86589,267.13235,195.64665,175.16161,240.82348,173.59018,239.202,176.83875,234.87098,,
420.22062,298,213,172,214,152,137,200,126,200,138,204,310.64855,267.86448,209.26134,267.1793,195.71263,174.99146,240.11402,173.32171,238.54694,176.16367,234.29106,,
420.38977,303,251,201,257,189,156,228,152,234,168,225,309.71739,269.04546,208.46905,267.30859,195.75503,174.45489,239.51942,172.89411,238.62704,176.03325,233.50622,,
420.55894,303,298,206,252,190,186,224,175,250,165,234,309.7103,269.348,208.12927,266.5177,196.28682,174.40735,239.84609,172.72679,239.83578,176.68029,232.43138,,
420.72812,324,308,238,298,228,207,264,210,271,198,271,309.87293,268.50126,207.56688,266.09982,197.01108,174.09314,240.02811,171.41142,239.86231,176.68772,231.67626,,
420.89731,285,240,174,236,147,138,196,138,202,127,190,309.65764,268.13835,206.42105,265.16494,196.30542,173.42259,239.7681,170.28816,238.7489,176.36209,230.74018,,
421.06652,315,276,239,280,206,233,244,189,252,176,252,310.81986,268.73365,207.21199,265.88285,195.94396,173.0026,240.08397,170.45557,238.80976,176.69533,229.97681,,
421.23574,286,252,195,237,158,148,218,144,218,162,217,310.59403,268.6399,206.7717,265.41924,196.59195,172.90029,238.93341,169.07504,237.76681,175.54817,229.29552,,
421.40498,324,277,214,300,208,184,241,165,252,175,248,311.87282,269.30714,206.87121,266.00018,197.46515,173.92813,239.36479,169.60439,237.88512,175.4194,229.44391,,
421.57424,320,246,205,256,165,164,228,186,219,173,225,310.6001,267.96383,205.51811,264.18354,194.73893,172.3141,237.9783,168.7513,235.76215,173.54717,227.93363,,
421.74351,324,288,234,282,218,206,257,192,254,196,272,311.32146,267.99719,205.55972,263.7187,195.08947,173.15049,237.8187,169.22286,235.52604,173.09862,229.09522,,
421.91279,308,256,210,246,192,202,239,177,240,179,238,310.92285,267.18829,204.74092,263.63845,194.70914,173.67592,237.17208,169.3912,235.12186,172.64787,229.3584,,
422.08209,330,276,201,269,205,174,256,175,233,169,233,311.67193,266.95647,204.22578,263.73275,195.5732,173.84917,237.39702,170.28039,235.09753,173.41301,229.4661,,
422.25141,284,240,178,239,174,148,218,155,208,145,192,310.15948,266.04628,203.56658,263.64912,193.79481,173.31672,235.83848,169.70226,233.82849,171.23926,228.88901,,
422.42074,303,278,188,268,223,153,223,175,226,168,218,309.66029,266.16764,203.91012,263.95887,194.16503,174.10684,237.36316,171.11432,235.03312,172.77755,229.67139,,
422.59008,346,301,237,293,238,200,276,201,301,223,252,308.99676,263.74328,202.62581,262.07842,191.88306,173.38891,236.94392,169.60819,233.50697,171.95556,228.87769,,
422.75944,340,293,229,290,216,201,284,192,260,207,254,309.3538,263.15205,202.9682,262.08261,191.89409,173.71802,236.56701,170.02772,233.0853,171.69012,229.16972,,
422.92882,304,225,191,250,179,144,226,161,222,168,207,308.61501,263.1979,202.9684,262.42959,191.33083,173.98881,236.26678,171.03869,233.00075,172.38388,229.79259,,
423.09821,313,285,228,269,196,177,238,176,252,197,234,308.33414,263.93051,204.32121,262.88523,191.95615,174.0545,237.12263,172.56898,233.57503,173.53684,230.56318,,
423.26761,320,270,200,267,223,158,243,180,223,190,237,306.82056,262.51593,202.00892,262.12485,191.03176,171.88958,235.26105,171.38096,232.13756,172.64452,229.32436,,
423.43703,296,264,201,270,198,172,239,188,224,176,220,306.28035,262.41464,201.21629,262.20827,190.8255,171.85454,236.46033,171.52219,232.55358,173.06435,229.54903,,
423.60647,307,269,174,251,204,165,239,174,223,170,225,305.80222,262.31439,201.8843,262.36597,190.74473,171.32186,236.96473,172.11158,232.75107,174.2405,229.05325,,
423.77592,300,258,210,268,194,203,250,181,235,172,253,306.43084,263.45403,202.59517,263.29063,192.24397,172.3649,238.19609,172.65148,233.39559,175.577,230.16847,,
423.94538,296,284,192,270,204,180,234,151,236,176,222,306.03314,263.47847,202.10308,263.71055,192.31962,171.32336,237.64486,171.46597,232.37521,175.28526,228.90045,,
424.11486,297,254,197,269,175,165,234,163,223,165,222,305.81497,264.21242,201.75963,264.00535,193.51566,170.24531,238.32957,171.5512,232.85137,176.46042,228.718,,
424.28436,271,251,165,232,150,146,206,136,202,132,207,305.2661,263.06831,199.81542,263.01586,192.55224,168.76801,238.06258,170.18046,230.50395,175.3196,228.97459,,
424.45387,298,271,191,236,168,143,229,146,239,170,205,305.87821,265.13699,199.9974,264.18793,193.85603,169.24531,240.14188,171.23575,230.9332,176.23332,229.1579,,
424.62339,331,232,218,264,187,181,242,172,233,168,234,305.79044,263.41362,197.17942,261.67929,192.53439,167.97182,238.57748,169.24413,229.60443,174.19491,228.30458,,
424.79293,320,249,211,281,185,175,239,157,236,172,254,304.73309,262.72801,196.58703,261.11194,191.80185,166.77175,238.13165,167.89624,229.36889,173.88401,227.93076,,
424.96249,308,284,206,254,169,164,219,175,207,161,224,303.81612,262.66407,194.87664,259.68187,191.10213,166.47222,237.72697,167.11013,228.68633,172.9337,227.67173,,
425.13206,323,258,213,271,210,190,243,195,243,169,236,304.5257,264.33695,195.96713,261.37319,191.70126,167.47154,238.59392,168.10456,229.79957,173.69789,229.37272,,
425.30164,285,249,190,258,189,175,219,158,220,162,239,303.14669,263.6496,194.57643,260.83218,190.12616,166.51043,237.56823,166.23378,228.83547,172.3509,228.51297,,
425.47124,285,246,175,241,174,150,234,177,226,173,221,302.86969,264.55856,196.36841,262.00392,190.79947,168.64133,237.84525,167.24637,229.90043,172.75864,229.59055,,
425.64086,249,223,180,238,145,132,221,140,196,144,196,301.37917,264.28372,196.30363,261.6987,189.30635,167.53073,237.30479,166.17049,229.08802,172.14451,228.41899,,
425.81049,321,271,207,287,249,185,250,193,250,203,243,301.6741,265.2094,197.37534,262.74495,189.86734,168.39249,237.5666,166.53471,229.90383,172.71721,229.38139,,
425.98013,293,268,209,285,179,175,233,180,236,184,225,301.34141,264.53306,197.81884,262.96933,188.96994,168.64137,237.53165,166.9424,229.19654,172.94235,229.13357,,
426.1498,281,257,197,258,178,148,237,148,212,170,205,301.18723,265.30789,199.03946,263.50685,189.57039,169.57571,237.99916,167.69166,230.26016,173.66029,229.88292,,
426.31947,277,252,206,256,150,175,227,161,223,161,246,300.36581,265.18752,199.62993,263.52529,189.42187,170.92179,237.84111,167.00231,229.92485,172.98004,230.47788,,
426.48916,335,275,198,252,207,172,269,169,240,217,228,301.2266,266.76156,201.59716,264.93762,190.38597,172.48382,239.36812,168.2478,231.61392,174.18773,231.71952,,
426.65887,318,286,185,264,197,154,237,160,220,173,224,301.20136,266.87891,201.16678,264.79195,190.00204,171.69768,238.98763,168.24014,231.68541,174.08193,231.02301,,
426.82859,349,318,228,308,237,191,271,206,272,207,269,300.85085,266.50851,199.79583,264.45632,190.14653,170.96772,238.50065,168.14315,231.37122,173.14603,230.35897,,
426.99832,303,290,190,266,193,174,260,174,268,207,237,302.11275,267.46685,201.10562,265.55983,190.92609,172.02546,239.63659,169.15199,233.6982,174.91468,230.74534,,
427.16808,303,252,165,239,188,142,222,138,219,143,210,303.7402,268.56241,202.28372,267.17008,192.10154,173.85125,241.85103,170.34225,235.61943,176.77528,231.76806,,
427.33784,288,255,164,250,192,148,218,128,209,143,216,303.51347,268.30864,201.95277,266.26512,191.699,172.80063,241.29625,168.85583,235.28361,177.22601,230.6175,,
427.50762,325,302,230,271,218,206,274,192,256,190,255,303.30241,268.6035,202.00772,265.86847,191.31459,172.45156,240.64038,168.08535,235.69032,177.51215,229.91132,,
427.67742,311,281,229,261,234,188,241,186,234,192,237,304.4669,269.18211,202.59127,265.13305,192.47505,171.95046,240.45041,169.25713,235.5476,178.43768,229.97896,,
427.84723,314,282,202,272,185,172,236,162,218,160,245,304.26542,269.75295,202.65308,264.79227,192.4958,171.62445,240.57315,169.20376,235.29663,178.58568,229.01096,,
428.01705,289,253,188,258,172,169,223,178,222,162,214,304.51118,270.40909,202.20238,264.22578,193.00272,171.90833,240.12716,169.60955,235.14245,178.47695,228.05151,,
428.1869,288,254,190,254,174,176,242,157,228,148,239,304.82213,270.26069,202.8469,264.96693,192.72434,172.43548,240.16474,170.42606,235.84661,178.08598,228.18098,,
428.35675,293,245,175,258,158,176,222,153,207,148,221,305.19912,271.90901,203.96616,265.77354,193.8561,173.90589,240.15312,170.70473,236.91431,178.97237,228.80944,,
428.52662,306,298,234,287,217,218,244,205,287,192,248,305.56672,272.17846,204.82138,266.41643,194.24603,174.31722,240.5469,170.96279,237.50339,179.16974,229.08881,,
428.69651,303,238,195,250,168,158,224,136,239,176,220,304.23763,271.06673,204.12775,265.44785,193.5471,174.21957,239.16931,170.28855,237.21846,178.32266,228.0959,,
428.86641,283,273,253,303,191,175,262,184,239,212,232,304.20084,270.27387,203.83673,264.3994,192.53804,173.25618,237.60316,169.36479,236.51208,177.25115,227.50148,,
429.03633,319,270,209,280,205,188,251,185,233,184,234,304.40477,268.78838,203.89853,263.53528,191.01475,173.10954,236.58479,168.42891,236.05518,175.85608,227.16814,,
429.20626,316,301,258,308,207,190,245,191,269,205,240,305.31416,267.67868,204.39355,263.81277,191.01008,173.37215,236.11434,168.07425,236.01769,175.63924,228.06073,,
429.3762,282,262,204,253,207,173,244,172,238,185,214,305.00673,268.08002,204.0157,263.0542,190.1853,172.25018,235.0933,168.33738,234.82165,174.82287,227.48065,,
429.54617,312,276,227,266,201,170,239,201,241,185,217,305.87379,267.62543,205.16949,263.08562,189.90333,172.9511,234.8966,169.03427,235.5208,174.53437,228.07149,,
429.71614,304,256,185,249,180,161,239,154,220,170,208,304.61537,266.46669,204.46681,261.27414,188.60196,172.16784,233.65447,167.75322,234.37897,173.17301,227.21726,,
429.88613,316,271,205,252,203,190,239,178,250,190,250,304.6226,266.14827,204.97112,261.68452,188.48311,172.13898,233.98888,167.87372,234.95667,173.83914,228.00793,,
430.05614,293,254,184,269,181,158,232,145,230,161,209,302.16952,264.19536,203.55621,260.56062,185.9376,169.82915,232.49419,166.04265,233.65209,172.42576,226.10109,,
430.22616,313,276,195,255,184,156,226,162,250,168,226,301.95891,263.56751,203.25939,260.56515,186.87993,170.02784,232.22945,166.47462,233.5307,172.92743,226.50785,,
430.3962,316,270,200,271,184,176,237,158,226,175,244,299.80269,261.92204,202.61829,260.1784,185.55462,169.27788,230.76686,165.34721,232.58568,172.21457,225.29998,,
430.56625,328,270,201,252,184,164,242,196,264,211,221,298.88321,260.95862,202.88505,260.38834,185.49369,169.11855,230.22386,165.11232,232.38137,171.60799,225.1733,,
430.73632,297,229,140,221,156,127,200,128,187,136,191,297.56287,259.36587,202.61632,259.40488,183.97769,169.08138,229.17344,164.29518,231.16956,170.00435,225.04335,,
430.9064,278,234,189,235,164,175,221,143,207,146,207,296.99388,258.15255,201.56538,258.4485,183.26522,168.38067,228.50787,163.26682,230.53154,169.88822,224.63721,,
431.07649,303,286,229,266,194,175,223,162,232,192,225,296.93973,258.46212,201.0518,258.30254,182.97726,168.26005,228.78097,162.10111,230.00369,170.28902,224.38449,,
431.24661,294,271,191,244,196,162,220,152,222,159,224,298.57671,259.94978,201.96396,260.16542,184.95418,169.61365,230.55052,163.96038,231.50488,172.12306,226.30753,,
431.41673,280,265,192,224,166,139,194,138,200,143,207,298.65485,260.57825,201.2022,259.78593,183.66287,169.29505,231.3206,163.83547,232.09946,172.91089,226.56303,,
431.58688,309,239,207,268,181,178,229,200,238,149,233,299.44393,259.82104,200.27432,258.89556,183.41765,168.54312,231.15676,163.49596,231.93576,172.67519,226.46198,,
431.75703,321,277,237,271,197,188,244,197,246,184,246,298.87064,258.91372,198.67583,257.48649,182.20936,167.10868,229.86276,160.80713,230.66982,171.02358,225.65114,,
431.9272,284,255,197,285,175,176,235,137,239,159,226,299.51326,259.3815,197.91196,256.89024,183.01468,167.69053,231.10897,161.50395,230.6703,171.14517,226.26805,,
432.09739,306,247,217,280,192,185,220,189,244,172,246,300.04954,259.58497,198.35761,256.57333,183.82641,167.15797,231.28359,161.68045,230.62196,171.75519,227.0636,,
432.26759,302,246,207,271,184,157,239,164,240,175,254,300.55725,259.25609,197.87905,255.80482,183.41176,167.49082,231.22594,161.6394,230.20238,171.30155,228.23781,,
432.43781,292,260,205,242,204,190,236,158,222,188,252,300.20157,258.28719,196.21856,255.33523,182.51428,167.17597,230.91069,161.62701,228.75981,170.23862,228.36886,,
432.60804,282,222,168,239,168,138,222,143,208,148,206,300.08548,257.96718,195.95991,255.28608,182.46862,167.28436,231.58891,162.09454,228.9904,169.66735,229.02822,,
432.77829,278,233,175,241,160,155,204,150,206,156,213,299.20034,256.94543,194.74507,254.39054,181.38626,167.48015,230.81574,161.75954,227.14739,167.57403,229.403,,
432.94855,304,273,188,254,162,147,230,148,206,150,238,298.39267,257.93714,195.1015,254.64396,181.54314,169.13253,231.0863,162.8585,228.39629,167.51002,230.68951,,
433.11883,282,285,194,254,182,166,258,159,255,191,218,298.19674,256.58348,194.20039,254.07176,180.15452,168.44483,230.74835,161.59068,228.25425,167.25659,230.36055,,
433.28912,308,270,210,274,219,175,257,185,245,204,236,297.25813,256.13049,195.1497,255.28211,179.94847,168.56878,231.13901,162.15753,227.5548,167.75041,230.8262,,
433.45943,276,271,191,255,166,156,239,150,236,170,217,297.37514,256.14177,195.14616,255.59433,179.28925,168.8527,231.97135,162.21529,227.78138,167.69836,231.05889,,
433.62975,306,255,218,264,172,193,237,143,246,178,239,297.84729,257.16438,196.99497,257.11876,180.25663,169.55578,232.26979,163.2598,229.21258,168.56447,232.06666,,
433.80009,283,258,174,254,194,160,232,148,216,166,211,295.61766,255.98299,195.57723,256.05667,179.71469,168.64803,231.23754,162.04732,228.76364,167.81449,230.96215,,
433.97044,318,271,213,308,213,200,243,180,256,195,267,296.76869,258.25516,196.40637,257.66892,181.43113,169.68776,232.52386,164.11835,230.69834,169.18499,231.49539,,
434.14081,271,234,150,213,156,149,200,152,201,134,194,296.86865,258.23081,195.84376,257.83116,181.79125,169.95155,233.36649,164.43976,230.91923,169.75988,231.07586,,
434.31119,310,257,212,252,202,204,245,180,227,168,256,297.95015,258.70468,196.07121,258.4847,183.16949,171.2283,234.48805,164.57797,232.36753,171.0468,232.1321,,
434.48159,304,255,201,262,191,173,233,157,239,160,225,297.39208,258.48318,195.62916,259.52592,183.94319,171.01146,235.02265,164.44549,232.48545,171.23264,231.141,,
434.652,348,289,218,280,205,200,260,204,258,186,266,297.75601,259.46782,196.08075,260.61995,184.97232,170.35059,235.61804,164.91479,234.00924,171.88996,231.4628,,
434.82243,295,256,175,234,158,152,235,143,207,170,208,297.64685,260.54031,196.21287,260.81929,185.96969,170.38445,236.14818,165.10326,233.66518,172.48253,232.38241,,
434.99287,299,270,200,270,170,171,242,172,248,195,248,298.01749,261.0692,195.58124,260.35541,185.64461,170.01998,236.23292,165.70543,234.66951,173.49741,232.67601,,
435.16333,335,282,221,265,197,193,278,190,248,209,244,298.90487,260.2904,193.9754,259.37815,185.63524,169.32932,236.4044,165.1653,233.96002,173.38003,232.37933,,
435.3338,309,244,189,248,175,154,220,190,224,153,236,298.5847,259.96829,193.93839,259.01343,185.93538,169.76416,236.51043,165.29665,233.6915,172.23924,232.3697,,
435.50429,288,239,182,224,138,136,202,136,206,136,209,298.92568,260.80863,194.29679,258.79848,186.11876,169.90865,236.62742,165.61512,233.93434,172.70987,232.54968,,
435.67479,298,244,201,260,208,175,227,174,238,175,237,298.97685,261.59643,194.09239,258.26537,186.77225,169.26338,236.40685,165.79064,233.80285,172.75365,233.05957,,
435.84531,271,252,175,248,169,154,220,142,216,144,221,297.86265,261.17393,192.54622,256.11382,185.6556,167.90661,234.55358,164.17296,232.13577,170.94958,231.92657,,
436.01584,298,257,186,274,207,177,252,207,239,185,249,298.8204,261.09803,193.13382,256.66307,184.8057,168.47387,234.25652,165.86376,232.5782,170.56244,232.63689,,
436.18639,294,260,224,270,169,168,225,158,245,172,244,299.26408,261.3141,193.72378,255.73836,184.62144,168.75302,233.46123,165.99402,232.12811,170.49403,232.32327,,
436.35695,285,253,189,252,192,195,232,174,228,160,224,299.54418,261.48477,194.34988,257.26021,184.30177,168.98215,233.54309,165.11067,232.47571,170.01475,232.74894,,
436.52753,289,277,195,281,191,152,236,159,222,163,220,300.03977,260.63413,195.16218,258.04519,184.60579,168.47346,233.07346,166.29201,233.00426,169.72566,232.6062,,
436.69812,292,274,222,260,195,169,231,175,260,184,223,300.40443,260.52928,196.32658,258.20091,184.56475,168.37503,232.84102,166.98369,233.27251,169.57152,233.34273,,
436.86873,278,252,174,239,165,161,214,136,208,149,229,300.29869,259.89443,196.39027,257.23187,185.23176,168.00802,233.50769,166.95239,232.52968,169.22786,233.87284,,
437.03935,306,264,184,270,178,157,242,153,254,196,220,300.66011,259.25373,196.66131,257.98322,185.6016,168.10268,233.76724,167.72989,232.74588,168.95162,233.30272,,
437.20999,319,250,188,264,196,152,229,157,234,173,215,299.64679,257.36832,195.39521,257.05341,184.62504,166.283,231.59764,166.28612,230.90842,167.08465,232.61003,,
437.38065,298,271,193,257,204,174,229,169,240,165,243,299.91545,257.90756,195.98294,257.29412,184.89739,165.81832,231.59317,166.8356,230.78597,166.43956,233.50105,,
437.55131,302,277,192,252,188,163,245,153,264,180,229,300.01574,259.32268,196.40372,257.6349,185.73664,165.32755,232.70672,166.71175,232.25346,167.86083,233.69331,,
437.722,303,262,185,266,224,173,224,175,230,177,241,300.76013,259.41485,196.44683,258.09631,186.86471,164.95463,233.3868,167.61091,233.23509,169.25183,234.19597,,
437.8927,291,264,175,261,178,165,239,152,228,172,223,300.31772,260.23903,196.46835,258.09599,185.52495,164.67798,233.81399,167.10195,233.4755,169.60756,233.72645,,
438.06341,353,309,241,303,238,209,292,217,268,216,272,301.09305,260.86154,197.88917,258.94389,185.53444,165.61288,234.97277,167.12822,235.06564,170.58626,235.85973,,
438.23414,270,207,196,227,162,142,214,142,191,149,220,300.54558,261.28773,197.91964,258.34927,186.16592,165.08902,235.01368,165.72473,234.45029,170.96845,235.04297,,
438.40488,296,261,204,256,186,155,228,154,223,159,240,300.57276,261.25228,197.36524,259.57512,187.35854,165.31575,235.22995,165.45038,235.39181,171.13525,235.50307,,
438.57564,274,260,198,239,175,148,218,186,209,154,233,299.28839,260.14961,195.51134,256.68717,185.78396,163.67838,233.64235,164.06999,233.95844,169.86373,233.12313,,
438.74641,306,268,200,240,173,166,230,164,234,161,265,299.26451,260.39496,196.49723,256.06589,186.43947,164.76507,233.89692,164.82174,233.89341,170.42064,233.78158,,
438.9172,296,250,178,220,164,178,220,158,206,148,239,299.15688,260.25774,196.6165,255.66092,186.45797,165.36062,233.52348,164.15654,233.79295,169.34642,233.7455,,
439.088,320,241,192,265,161,176,232,162,246,154,239,300.13753,260.72683,197.14281,255.94935,186.23097,164.59331,233.50311,164.79895,233.48746,168.82994,233.36689,,
439.25882,325,260,222,272,206,180,256,191,244,180,239,298.88996,260.32345,196.64541,255.22913,185.59385,164.69891,232.76482,163.80613,231.79662,168.07291,233.09633,,
439.42966,280,262,191,256,165,149,209,164,225,143,224,298.69739,260.70264,195.32914,255.21591,184.13867,164.39081,232.12499,163.43111,232.01518,168.69952,233.33369,,
439.6005,298,245,178,242,153,152,225,149,222,181,222,298.88523,259.84826,195.84249,255.23577,184.36626,164.48896,232.64321,163.45419,231.75508,169.39616,233.43335,,
439.77137,299,256,206,266,183,161,223,157,226,174,229,300.57403,259.25414,196.44087,254.96985,184.26866,164.83692,232.19942,164.36952,231.29597,169.03552,233.96401,,
439.94225,300,245,190,255,170,175,228,148,227,156,213,301.31874,259.24886,197.35604,254.83214,182.71997,164.84081,232.50649,164.8361,230.74751,169.14071,233.50597,,
440.11314,326,283,239,288,200,174,254,192,255,201,248,302.27554,259.67465,198.16739,255.41793,184.20177,166.48583,233.3765,166.16358,231.81112,170.29989,234.28549,,
440.28405,285,245,185,239,208,144,234,143,220,156,208,301.54124,259.7934,197.97857,255.5406,183.78011,166.4013,232.99817,166.31206,231.40483,169.65333,233.9496,,
440.45497,318,273,221,296,207,164,270,201,262,179,257,301.61696,260.37457,198.07592,256.11953,183.95778,166.7424,233.86226,167.95001,231.46626,170.19165,234.44123,,
440.62591,288,255,185,232,193,155,236,181,233,169,213,301.01527,260.0477,199.08621,255.74597,182.78448,166.11561,233.36318,167.56946,231.44436,170.43047,234.29299,,
440.79687,301,282,200,254,190,193,239,164,234,175,253,300.61186,259.24771,199.20718,255.5647,183.11237,167.27847,233.81481,167.08752,231.16845,170.42769,233.8245,,
440.96784,303,255,180,271,196,153,251,157,242,175,237,299.31367,259.07583,199.17334,255.85519,182.64661,165.93379,233.12098,166.06245,229.99921,169.66382,232.33002,,
441.13882,310,288,218,284,196,198,218,175,262,200,248,299.3731,259.93094,200.66604,256.96376,183.56685,166.16775,233.79626,167.50728,231.19228,171.0304,232.51002,,
441.30982,281,248,172,218,170,129,213,127,213,159,241,297.57689,259.98088,200.61963,256.74219,182.98747,166.59677,233.64529,166.71277,230.65315,170.62975,232.51727,,
441.48083,320,297,227,271,204,207,275,206,278,221,250,297.61952,260.41371,200.77839,257.09792,182.65016,167.27117,233.82113,166.16204,230.87526,171.83393,232.53358,,
441.65186,303,256,175,242,158,152,227,134,217,175,220,297.59422,259.75279,200.6684,257.17378,182.39783,167.0282,234.14954,165.18007,229.5888,172.22918,231.35935,,
441.82291,284,239,182,234,150,168,216,162,207,143,220,295.77719,260.40794,200.66217,257.3598,182.84858,167.65845,233.45734,164.76067,229.37917,171.61399,231.83336,,
441.99396,284,271,212,248,176,174,232,153,212,158,224,295.14202,260.63727,199.25647,256.42114,182.19371,166.48801,233.46606,163.4227,229.17511,171.5305,230.51227,,
442.16504,288,249,196,244,210,150,224,165,227,160,236,295.09694,261.45523,198.94673,256.49374,183.74305,166.53449,233.52407,163.83875,229.79456,172.33758,230.58599,,
442.33613,271,237,175,220,168,143,193,133,188,144,162,293.82874,261.43818,197.11176,255.85343,182.60257,165.7351,232.65773,162.23593,228.48148,171.75347,228.96648,,
442.50723,288,242,174,256,165,158,221,181,228,148,225,295.68502,263.98236,199.12822,257.48642,184.78831,167.86756,235.38986,164.4225,230.28961,174.17375,230.53761,,
442.67835,303,271,234,253,165,175,225,177,214,186,239,294.95606,263.13624,199.12333,256.59933,184.63802,167.39883,234.83495,162.77377,229.44094,173.75777,230.24635,,
442.84949,300,271,218,303,202,192,241,190,238,175,266,295.90509,263.84439,198.91583,257.28716,185.62697,167.538,235.11445,162.4589,229.59406,174.03742,230.72144,,
443.02064,294,245,181,266,172,158,221,146,213,141,226,295.64541,264.28836,199.18293,257.14089,185.99769,166.79812,234.93633,163.20678,229.05959,173.53086,230.1181,,
443.1918,291,253,200,271,184,145,230,170,224,186,218,296.107,264.79363,199.42506,255.83662,185.67648,167.26463,235.34649,163.17695,229.16075,173.34529,231.05586,,
443.36298,303,269,207,271,212,226,249,177,255,198,276,295.84199,264.49686,199.42945,254.27722,185.57802,168.04734,235.19011,163.46923,228.63234,173.24411,231.62214,,
443.53417,334,270,200,261,181,155,255,175,256,197,218,296.77349,264.70758,199.55385,254.42993,185.14983,169.60044,235.42502,163.68754,229.14428,172.42918,231.59836,,
443.70538,306,259,257,274,220,188,265,184,234,181,239,297.46078,264.61947,200.40393,254.47473,186.08014,169.84251,235.53231,164.7725,229.11151,172.05042,231.85164,,
443.87661,337,322,227,273,194,205,274,196,256,203,244,296.54866,265.56753,201.41827,255.28793,185.83941,170.31874,235.58801,165.73186,229.82607,171.7349,232.33641,,
444.04785,265,284,196,268,184,162,258,174,243,190,223,295.72104,264.86349,200.3095,254.32284,184.00106,169.27511,234.70756,165.13001,229.02607,171.39127,231.14252,,
444.2191,270,257,173,234,191,149,210,132,225,152,226,296.65152,264.9602,201.48889,255.83526,184.66054,170.60001,235.58529,165.90328,229.90534,172.63687,231.49027,,
444.39037,266,241,191,238,153,124,207,132,196,148,207,296.69913,265.13432,201.58803,255.98154,183.47926,171.18297,235.4068,165.60266,230.74917,172.39022,230.65958,,
444.56166,290,254,196,237,175,156,238,132,218,174,225,297.6459,265.31421,202.36794,256.89934,183.48556,171.22195,235.6722,166.01728,231.03454,173.06646,230.46015,,
444.73296,285,239,193,245,193,163,228,143,222,174,224,297.36345,264.93982,201.93114,256.3748,184.29335,170.81585,235.62695,164.59499,230.94288,172.50255,228.86097,,
444.90427,303,271,201,277,204,190,249,164,232,173,244,298.85207,266.1203,202.67145,258.77383,186.76052,171.45201,238.00317,166.66747,233.13368,173.70577,230.30359,,
445.0756,285,282,198,255,176,161,223,186,224,168,237,298.64287,266.19987,202.72106,258.36261,187.83218,171.10084,238.46984,167.77402,233.77698,174.40121,229.62971,,
445.24695,318,290,209,271,204,208,268,195,248,197,270,299.57369,266.91812,203.42687,259.24843,189.00487,172.01667,239.85995,167.77397,234.79279,175.06999,230.76317,,
445.41831,273,257,186,223,162,175,218,127,207,146,216,299.74199,267.22021,202.85542,260.18358,190.43093,171.63315,241.08544,168.53945,235.32105,175.94616,230.72237,,
445.58968,319,262,188,241,179,160,224,158,210,167,224,300.94235,268.68251,203.89343,262.55295,192.46096,172.63143,241.38298,169.89925,237.21106,177.91581,231.71746,,
445.76107,284,260,185,250,180,143,239,162,228,158,210,299.5505,267.96983,202.7423,260.96079,192.12229,171.44837,240.05574,168.00532,236.39904,176.85601,231.48271,,
445.93248,301,284,194,255,196,164,220,180,265,163,241,300.84077,269.41274,203.83531,262.23244,193.70421,172.89366,241.87714,169.80133,238.58853,178.90346,232.79494,,
446.1039,348,262,193,244,184,154,254,175,240,190,211,300.33754,267.88441,202.04396,260.5879,191.91266,171.82666,240.9853,168.29294,238.07774,178.19615,232.09239,,
446.27533,319,287,242,278,210,207,250,193,273,191,259,301.72294,268.07626,202.31163,260.99495,191.95871,173.32483,241.34556,169.33985,237.95497,177.91717,233.01189,,
446.44678,303,255,200,261,177,181,228,157,217,160,226,302.19629,268.74858,203.04682,260.78761,191.42214,174.31369,242.14664,169.61107,238.12218,177.66473,233.89223,,
446.61825,336,287,242,285,229,207,277,205,284,205,268,301.42547,268.31872,202.8836,260.55992,192.07414,173.66679,241.74108,169.3504,237.71811,177.0415,233.99681,,
446.78973,300,251,181,258,185,158,216,147,226,153,213,300.5936,267.13579,201.72226,259.20361,191.25156,172.69843,239.8742,168.82833,236.13402,175.56701,232.35962,,
446.96122,308,262,207,271,192,181,253,207,239,184,224,300.06773,266.69028,200.69965,259.15262,190.10193,172.92641,239.47088,169.63039,236.08172,174.70239,232.40148,,
447.13273,272,257,225,244,175,171,238,175,233,168,215,300.1089,266.25276,201.10603,258.39759,188.86507,172.64262,238.31924,170.08073,235.33247,174.59412,232.31271,,
447.30426,284,264,206,252,183,193,242,173,240,188,245,300.11337,266.18628,202.12505,259.30966,189.21735,173.72276,238.25928,170.36128,234.96201,174.2844,233.62275,,
447.4758,287,271,210,292,204,170,232,181,243,184,229,300.00985,264.84099,200.66627,259.03953,188.44078,172.11103,237.0316,170.00933,233.49861,172.81855,232.46101,,
447.64735,301,282,194,281,186,172,239,164,235,165,218,299.89225,264.91098,201.3582,259.40739,188.85721,171.57881,237.53451,171.49226,233.5495,174.99282,232.48212,,
447.81892,285,253,200,268,190,143,236,169,239,192,239,299.47738,264.28877,200.74507,259.38524,189.16485,172.79812,237.19686,171.75526,233.71161,175.0084,233.36209,,
447.99051,302,280,207,284,189,193,269,171,261,207,232,300.2374,263.72081,200.29387,260.00655,188.62285,172.36008,236.86863,172.75746,233.8795,174.95744,233.19022,,
448.16211,314,246,169,244,188,154,225,149,218,168,207,300.07731,261.65766,200.64321,260.62529,188.733,171.96131,236.47978,172.42964,232.20655,173.51276,232.58538,,
448.33373,332,283,224,290,229,207,271,185,266,207,261,300.79904,263.45183,202.19543,262.15319,188.80808,173.06616,237.2675,174.23416,232.92636,174.08646,232.66047,,
448.50536,274,266,172,229,173,133,207,143,212,147,216,299.35269,263.89653,201.87309,262.77465,188.04709,172.96614,238.01663,174.73182,233.30288,174.63576,231.8351,,
448.677,303,248,188,262,222,168,243,165,208,175,237,299.36334,263.69786,201.84043,263.54534,188.74124,172.81474,237.85304,175.58155,234.7951,174.66928,231.92654,,
448.84866,302,286,217,273,217,188,257,187,256,191,253,298.28044,263.43616,200.73531,263.26019,187.72088,171.52651,237.21099,174.88949,233.78262,173.84926,231.49174,,
449.02034,305,269,209,277,205,173,252,206,237,192,265,298.53691,263.82634,201.6435,264.12188,187.5143,171.43729,237.63014,174.23394,233.92777,174.7467,231.71628,,
449.19203,277,241,207,236,149,153,207,148,200,153,212,298.10827,263.27656,201.72403,263.71922,188.001,170.83454,237.93289,172.75401,233.58923,175.39222,231.30961,,
449.36374,304,257,195,267,180,174,238,163,222,156,239,297.43439,263.10954,200.78416,264.7457,188.66475,170.72955,238.04743,172.0214,232.31588,174.92027,231.1991,,
449.53546,276,262,184,241,172,170,207,186,207,159,217,296.55435,262.70081,199.92389,264.10095,188.01502,168.62443,236.9585,171.42927,231.22564,174.08415,230.63209,,
449.70719,303,248,204,255,167,175,222,152,230,148,243,297.40359,263.82301,200.3627,264.2639,188.77979,169.93841,238.31464,172.42325,231.44923,174.87907,231.65136,,
449.87894,275,239,186,219,142,175,217,146,205,132,221,295.92206,262.91778,199.15106,263.36592,187.67281,170.26619,237.49636,170.49562,229.92321,172.79966,231.3902,,
450.05071,335,272,213,285,192,180,264,207,248,193,260,295.79789,262.18968,198.4015,262.19466,186.78713,168.92364,236.63757,168.98627,228.40737,172.06682,229.89497,,
450.22249,286,249,192,239,159,169,222,164,214,153,221,294.67539,261.97117,197.74563,262.17783,186.19174,168.66187,236.06233,168.09871,227.36646,170.86192,229.71256,,
450.39429,335,315,241,312,228,204,271,208,248,207,262,294.27378,262.23389,197.39405,261.58257,186.05312,168.12709,235.26689,167.88971,227.99751,170.31296,229.96138,,
450.5661,250,239,175,233,152,130,216,147,222,160,205,295.88004,262.63605,197.28614,261.82752,185.85139,168.25142,235.73272,168.38438,228.41084,170.83771,229.77415,,
450.73792,271,249,184,262,190,147,210,159,210,168,203,296.22395,262.28809,198.24035,261.62812,186.02152,168.82815,235.81327,168.31779,228.11568,170.70751,230.4114,,
450.90976,314,262,197,256,185,175,239,188,241,180,239,295.82949,261.70577,198.26297,261.60631,184.78038,168.74674,234.91474,167.3806,226.9889,169.5488,230.00951,,
451.08162,297,272,207,265,194,175,254,162,239,191,217,296.63471,262.42139,198.85415,262.30909,186.28132,170.13214,235.97361,168.16274,228.35358,170.15878,231.52384,,
451.25349,300,246,196,252,200,143,227,161,222,170,212,296.29711,261.66731,198.19479,261.95826,185.93556,169.55213,235.24143,166.5052,228.61539,168.98279,230.50126,,
451.42538,295,272,208,272,201,174,254,170,228,181,228,297.15011,262.46665,198.65782,262.5457,187.0735,170.06082,236.50717,168.38886,229.32023,170.06945,230.72697,,
451.59728,293,261,174,271,184,145,233,194,238,179,209,296.62905,262.05665,199.32972,261.05848,186.72615,170.17901,236.78124,168.52712,229.68706,169.9949,230.06014,,
451.7692,289,278,220,282,192,204,252,174,251,182,256,296.57193,261.48345,199.61376,260.38814,186.40202,170.04011,236.82185,167.51686,229.82679,170.37623,230.15045,,
451.94113,283,233,162,270,159,152,197,130,207,94,206,295.9279,261.57578,200.12247,261.12274,186.34855,169.96657,236.4235,167.33047,230.42216,171.00485,229.3562,,
452.11307,304,269,211,289,190,175,241,176,233,175,236,296.03117,261.40961,199.51695,262.15563,185.70962,168.82894,236.31983,167.09192,230.26768,170.77576,227.83721,,
452.28504,300,270,200,261,190,164,251,149,239,182,216,294.16136,260.47288,198.64504,261.70953,184.90369,166.89934,235.54456,166.13724,229.91311,170.90355,227.07737,,
452.45701,309,315,239,277,212,198,272,207,288,222,252,293.85465,259.72165,197.45573,262.17402,183.7787,167.07144,236.00863,165.69068,230.17348,171.35691,226.41999,,
452.629,318,256,178,248,194,172,252,153,237,185,239,294.62237,258.97755,196.18632,261.68908,183.44825,166.09001,236.06415,164.81354,229.86446,171.98326,225.10168,,
452.80101,325,271,212,276,216,173,245,178,240,179,252,295.16476,259.61277,196.45274,262.71055,185.07511,167.01669,236.40597,165.50561,230.42454,172.74273,226.02949,,
452.97303,275,268,175,234,175,158,227,117,180,157,224,294.50488,259.99552,195.6688,260.86654,184.49292,165.28413,235.59625,164.01735,229.78729,171.88215,225.05278,,
453.14507,300,250,226,267,191,163,233,156,226,176,218,294.56212,260.20209,195.11321,260.78511,185.64466,165.02727,236.38139,163.60719,229.39514,172.31887,225.21441,,
453.31712,272,233,160,219,180,145,223,144,200,138,207,294.50187,260.71275,194.41978,260.23937,186.65829,164.35022,237.02489,163.4081,229.91409,172.87646,225.58232,,
453.48919,284,241,178,262,171,164,212,175,213,140,223,295.12082,261.7276,195.14727,260.99524,187.59075,165.02213,238.50511,164.9969,230.92043,174.60785,227.77241,,
453.66127,309,255,220,244,175,175,237,168,254,174,233,294.23903,260.4563,194.94836,259.09892,185.89422,164.34882,238.07821,163.55897,229.70364,173.54708,227.23665,,
453.83337,298,277,218,280,191,220,253,188,242,182,245,295.70674,260.85961,196.15135,259.8315,186.97311,165.35922,239.42375,163.28658,229.97608,173.86466,228.37677,,
454.00548,270,236,186,272,170,157,216,147,222,157,230,294.70781,260.14254,195.1301,258.39897,186.38279,164.62063,238.14601,163.43489,228.86231,172.60013,227.00328,,
454.1776,301,272,219,258,189,159,239,175,239,205,221,295.15409,259.61741,195.54518,257.72724,185.81787,165.25394,237.98824,163.77913,228.70998,172.13699,228.18825,,
454.34975,301,272,205,281,196,202,244,189,238,181,272,293.69184,258.85646,195.27319,255.81447,184.15996,165.8699,236.66482,163.52506,227.66896,171.01649,228.31009,,
454.5219,301,252,196,248,186,145,250,172,238,188,213,294.67977,259.01176,196.09312,256.4396,184.47874,166.79821,237.95656,165.25625,228.13839,171.58341,230.30836,,
454.69408,292,260,191,270,186,169,238,167,220,169,226,293.82226,257.51161,195.64597,255.20467,183.01196,167.09837,236.36427,165.45013,226.52746,169.73707,229.96747,,
454.86626,273,232,177,225,175,130,228,136,202,158,207,294.97207,259.89762,197.30422,257.39981,184.38243,169.00655,236.97828,167.59773,227.28238,170.89667,231.86677,,
455.03846,291,284,190,271,189,165,239,173,264,184,225,294.48425,260.02408,197.05479,256.78129,183.31151,168.11921,236.9328,167.38103,227.38114,171.34001,231.69725,,
455.21068,303,264,181,249,207,165,252,168,243,191,229,294.61698,259.92294,197.50649,257.51969,184.0549,168.42234,237.37894,168.22848,228.23115,172.247,232.21088,,
455.38291,301,253,207,248,169,143,239,159,230,180,207,295.15554,260.2471,197.58049,257.29672,183.52774,168.54081,237.69297,169.1044,228.74896,173.00682,232.87046,,
455.55516,310,268,191,257,190,160,241,186,212,192,239,295.11692,260.611,198.21142,257.20309,183.3059,169.18639,238.35811,169.19244,229.45888,174.14367,232.74708,,
455.72742,279,222,175,236,143,143,207,125,206,144,204,295.69159,260.60282,199.98437,257.58771,185.03993,169.22755,238.63225,169.24705,230.08716,175.80627,232.90124,,
455.8997,286,253,186,278,170,143,223,151,208,164,220,296.91015,262.20725,200.9318,258.91415,187.12555,170.477,240.68971,170.99518,231.31441,177.63748,234.11846,,
456.07199,276,265,181,257,173,175,234,190,221,168,223,296.08206,261.89911,199.29736,257.48006,186.42857,168.03443,239.55917,171.13701,230.51904,177.38245,232.46483,,
456.2443,295,250,176,250,185,152,239,175,208,156,239,295.36556,262.31129,199.74273,257.82761,186.68151,169.16592,240.02075,171.8819,231.25296,178.1906,233.19192,,
456.41662,282,273,197,230,189,192,236,161,225,164,255,294.39888,260.92482,198.03212,256.82681,185.39219,167.60479,238.11783,170.11697,229.6356,175.73426,232.43727,,
456.58896,335,274,214,268,201,193,258,192,238,180,255,295.26345,262.08777,198.90115,258.41367,186.65603,167.69519,238.78872,171.2336,230.41926,176.70647,233.12095,,
456.76131,303,301,239,257,216,175,256,181,246,192,250,294.87685,262.71037,198.70511,258.23883,187.1075,167.54903,238.73524,170.75737,230.22583,176.14895,232.69191,,
456.93368,280,272,207,249,192,178,229,174,226,150,249,296.01726,265.15235,200.4276,259.0663,188.61675,168.68117,240.73123,173.13445,232.38597,177.60792,233.62973,,
457.10606,311,264,212,243,170,170,270,156,249,187,229,297.09092,265.67965,200.08467,258.78233,189.76117,169.23036,241.98645,173.53208,233.28544,178.70797,234.79481,,
457.27846,297,258,197,280,191,189,250,188,241,186,252,299.72826,266.31285,201.89486,260.15971,192.23706,170.35378,243.10576,175.43919,233.77562,179.3268,236.60101,,
457.45087,301,243,202,252,184,173,230,173,226,169,236,299.14857,266.64294,200.92842,259.68088,191.5985,170.43922,243.05413,174.54794,231.91051,178.88686,236.40624,,
457.6233,307,271,241,282,191,214,252,192,245,184,250,299.21473,266.77843,201.53464,260.08648,191.92294,170.08788,243.05792,173.8518,232.12446,178.52205,236.25788,,
457.79574,289,239,191,246,188,159,222,157,213,148,205,298.25498,266.3647,200.08689,258.89689,192.42071,169.43047,242.52932,173.26173,231.0692,177.4948,235.60731,,
457.9682,312,288,224,297,224,184,239,206,250,205,245,298.5734,266.2736,199.76949,259.53879,192.48438,169.87316,242.09339,174.11735,231.44898,177.1485,236.46674,,
458.14067,256,246,164,239,158,146,204,184,219,160,214,297.54409,264.73845,199.7141,257.16216,191.58255,169.08213,240.46427,173.36723,231.23169,176.03452,235.23998,,
458.31316,308,290,226,286,204,203,258,198,249,217,280,297.85359,265.16433,201.54398,258.18718,192.26601,171.40182,240.67549,173.48955,232.16471,176.51442,235.69093,,
458.48566,285,272,199,276,198,165,232,159,240,180,223,296.58887,264.37025,201.36239,258.55195,191.85422,170.84183,239.23514,172.69327,231.71071,175.55292,234.62013,,
458.65818,322,269,204,281,207,166,265,168,245,181,237,295.83485,264.0981,201.62201,258.22254,191.30109,169.56785,238.37215,172.27298,231.5799,175.70187,233.23403,,
458.83071,304,271,194,261,188,161,225,162,238,184,213,295.32408,263.81143,202.46098,259.02768,191.71345,170.40952,237.94514,172.67879,232.1046,175.70269,234.48986,,
459.00326,324,309,218,280,216,172,285,174,280,232,256,295.00569,263.0007,202.07771,258.34615,191.30472,169.61764,236.82561,172.07207,231.91497,175.11674,233.65757,,
459.17583,312,250,201,239,193,155,268,154,239,192,225,294.49025,262.38212,201.23831,258.95377,191.03828,170.0292,236.79315,171.41713,231.06027,174.89384,233.31604,,
459.3484,282,251,202,255,202,175,239,174,237,172,239,292.94634,261.68285,200.94263,258.72885,191.26116,169.4828,235.74813,170.23387,230.22553,173.48015,232.3972,,
459.521,271,264,182,232,175,144,208,145,193,160,207,292.21697,262.37768,200.05513,259.60636,190.98106,168.93647,234.89991,169.67675,231.70156,173.45704,231.84459,,
459.69361,297,261,205,255,214,175,235,172,230,175,234,292.48031,263.04596,199.92208,260.23978,191.67028,168.91565,235.23896,169.23239,233.07282,174.44486,231.70058,,
459.86623,302,271,197,259,218,158,239,175,222,175,239,292.59956,263.01726,199.09504,260.50656,191.53041,168.15998,235.06421,168.24367,233.14091,175.28725,230.58099,,
460.03887,284,257,142,226,159,141,224,175,204,133,221,292.89069,263.95271,199.36341,261.10666,191.71372,168.39104,235.5939,168.91268,233.12426,176.52862,231.05898,,
460.21152,252,223,175,206,143,122,184,122,181,130,194,291.71943,262.16888,197.91338,259.85825,190.42291,167.02,234.32021,165.31577,231.6891,175.88917,229.46359,,
460.38419,317,275,228,300,220,217,270,202,258,198,270,290.68149,261.37706,196.86222,260.0967,189.79506,165.80464,233.27249,163.26451,230.21072,175.31054,228.46497,,
460.55687,312,271,207,258,200,160,239,168,224,168,241,290.14336,260.81336,195.99753,259.80303,189.19235,164.12936,232.24537,162.91855,229.87184,174.79003,227.08166,,
460.72957,316,289,224,299,221,204,264,210,262,184,243,290.72418,261.40751,195.77021,259.44531,189.44184,164.43953,232.60511,163.87551,229.9954,175.25557,227.83993,,
460.90228,274,236,184,236,163,174,217,158,205,138,222,290.20034,261.17855,194.82863,258.34809,188.87252,164.53632,232.0677,163.17122,229.41772,174.09681,228.69426,,
461.07501,313,253,210,270,188,172,252,184,244,196,238,292.14322,261.46968,194.6185,258.49695,189.21174,165.59752,232.74235,163.5775,229.40309,174.24223,228.69995,,
461.24775,271,239,188,255,175,165,206,146,220,175,228,291.70686,261.39534,194.42676,258.04188,188.68423,165.21264,231.45356,163.59517,228.76994,173.26225,228.52153,,
461.42051,282,246,198,265,169,161,210,158,216,154,207,291.06242,262.04462,194.65988,258.06671,188.6368,165.70051,231.06397,164.0986,228.69068,172.88595,229.21119,,
461.59329,234,256,154,236,143,140,204,126,234,163,195,291.27045,261.69725,194.40499,257.03298,187.30782,165.97733,231.40701,163.23088,228.75234,172.55487,228.96351,,
461.76608,288,265,207,254,207,156,221,150,253,175,233,291.98922,261.70085,195.07654,258.2376,187.67954,167.03094,232.83701,164.23079,230.07167,173.8513,230.0352,,
461.93888,289,253,207,255,192,174,221,175,225,192,223,292.97425,260.91495,195.53725,257.9193,186.53895,167.93993,232.62463,164.59841,230.1333,174.42767,230.51548,,
462.1117,294,249,212,258,174,164,225,155,239,175,224,294.28175,261.6341,196.86224,258.91175,186.17602,170.42615,232.76899,165.03626,230.81884,175.21618,231.44379,,
462.28453,256,238,186,233,175,140,203,130,196,144,180,295.11285,260.92784,197.32436,258.50923,186.47806,170.86851,232.61204,164.11907,231.06002,174.57195,230.3235,,
462.45738,327,300,220,320,210,193,266,175,257,200,258,296.39996,262.26954,198.22784,260.23602,187.98457,172.36909,233.45007,165.93357,232.34436,175.7156,231.43084,,
462.63024,274,260,156,246,172,138,223,168,210,155,216,294.63225,260.8236,196.50828,258.6141,186.54119,171.01373,231.8807,165.64932,231.53177,174.63265,230.16723,,
462.80312,296,259,188,263,185,175,241,157,236,176,255,295.133,262.3165,197.55872,259.32959,186.86081,172.33387,232.95896,166.11232,232.56602,175.87785,231.60914,,
462.97602,310,277,207,276,209,204,244,170,244,189,261,295.20748,262.53811,197.21658,260.01411,186.83263,172.99216,232.65852,166.23937,233.03658,175.94589,231.53933,,
463.14893,306,283,175,265,186,183,236,158,223,175,228,296.0593,263.09651,197.40402,261.9858,187.43874,172.99989,234.33052,166.91069,234.21369,176.51227,231.65503,,
463.32185,303,285,207,287,206,186,271,178,250,207,243,296.0108,263.16216,196.5671,261.80976,186.86908,172.85626,233.06342,166.86251,234.30664,176.57763,230.5628,,
463.49479,303,290,220,269,204,169,226,177,259,180,239,298.32377,265.9279,198.3594,264.2225,188.56615,174.12215,235.65601,167.81386,237.49507,179.76736,232.21097,,
463.66774,320,264,186,250,175,158,250,161,240,211,238,300.48579,265.77805,199.02671,264.69238,189.47768,174.11441,237.73021,168.35838,239.05971,181.67055,232.74276,,
463.84071,312,268,217,255,205,190,257,174,224,194,242,300.6363,265.8041,199.25219,265.5259,190.18315,174.35611,237.47573,168.90589,239.23115,181.9928,233.20666,,
464.0137,292,250,180,239,194,174,233,166,208,170,232,300.35358,266.44615,198.75102,264.7925,189.92897,173.93637,236.43616,168.24791,238.04396,181.64806,232.33847,,
464.18669,296,260,230,245,184,175,239,175,239,164,241,300.90507,267.77295,199.25527,264.84054,191.47394,174.14727,237.36406,169.02485,238.80482,182.13355,232.70885,,
464.35971,302,239,178,238,192,154,216,145,222,162,216,302.34939,268.80072,199.22302,264.7739,193.55091,174.27464,238.66774,169.60536,238.91334,182.67675,233.56681,,
464.53274,324,281,217,277,191,188,239,230,262,175,249,302.5688,269.49691,197.74144,264.0424,192.72006,173.36422,238.86992,170.07475,238.30506,181.60758,233.8954,,
464.70578,330,276,214,271,189,180,244,207,267,190,243,301.86512,268.49222,197.38506,261.24068,191.65635,172.50171,237.69209,169.81481,236.80326,180.03728,233.02034,,
464.87884,304,282,201,272,187,232,255,194,242,193,260,303.70348,269.74992,199.47272,262.92149,193.77161,174.21822,240.04605,171.03099,237.84953,181.33822,235.04084,,
465.05192,282,224,167,268,165,143,212,136,208,143,202,304.4121,270.31151,199.89304,262.83807,194.1181,173.55904,240.4823,171.66013,237.87667,180.97003,235.23751,,
465.22501,304,271,207,271,194,189,237,175,244,202,212,306.14909,271.77325,201.45299,263.40583,196.16739,174.73725,242.05973,173.9557,239.2613,181.13955,236.51974,,
465.39811,274,256,201,266,175,162,218,170,239,175,244,305.17119,270.5732,200.402,262.02428,194.67741,174.46357,241.49036,173.55609,237.77003,179.0364,236.15357,,
465.57123,328,303,234,278,225,197,290,176,274,232,252,306.44384,270.92849,201.11228,262.46413,195.20016,176.19525,242.98743,175.85574,238.80742,179.84294,236.92693,,
465.74436,316,257,195,253,191,174,239,153,240,173,226,305.18974,269.38655,200.74548,261.81297,194.2085,176.13038,241.82421,175.35634,237.35156,177.98303,236.84197,,
465.91751,322,285,220,281,213,174,260,180,262,209,239,303.85961,269.25794,201.97221,262.38366,193.97878,176.4447,241.45729,175.6987,237.10324,177.29817,236.87021,,
466.09068,294,269,174,242,175,168,207,148,214,155,218,300.99164,268.68946,200.96693,261.1878,192.16043,175.27813,240.33328,173.99518,236.86009,176.51501,235.46896,,
466.26386,288,280,182,265,220,157,241,153,240,158,222,300.72045,268.24635,202.04573,261.72914,192.69059,174.93078,240.54026,173.27396,238.1492,176.68237,235.67893,,
466.43705,282,256,194,251,204,145,254,171,239,162,221,300.04745,267.74853,201.4953,261.34796,192.15217,175.03438,239.66815,173.32859,238.03955,177.28932,235.32669,,
466.61026,277,270,174,262,178,159,236,185,220,170,245,299.13989,266.75664,202.16007,260.39605,190.70122,174.78274,239.35342,172.24426,238.54327,177.36565,234.95855,,
466.78349,282,248,191,241,173,145,216,143,218,164,207,296.90883,265.22886,201.19267,258.81766,189.5623,173.23346,237.57571,169.44746,237.0909,175.93083,232.84423,,
466.95673,329,303,221,300,207,204,260,198,259,196,256,296.9149,266.01108,201.55822,260.13384,190.39315,174.04797,238.43978,169.85003,237.88174,177.03719,233.54461,,
467.12998,305,250,190,273,193,175,224,197,228,178,236,295.97463,266.09482,200.51847,259.72169,189.571,172.02612,237.83923,170.19692,236.97078,176.48044,232.30069,,
467.30325,297,278,214,270,202,162,246,175,240,186,235,294.80212,265.08344,199.17262,258.15645,188.77431,171.50699,237.04786,169.36608,236.35348,176.06451,231.77927,,
467.47654,310,266,204,233,193,185,213,165,222,171,244,293.91565,265.31545,198.97966,258.33045,189.07203,172.18947,236.71664,169.17271,235.71612,176.00136,232.18961,,
467.64984,330,288,233,288,218,187,276,184,254,193,264,293.16875,265.27217,197.64622,258.02231,188.53251,171.66278,236.30771,168.42144,234.5124,175.8074,230.70321,,
467.82315,274,239,170,220,172,149,210,163,194,139,216,292.37851,265.29808,197.24143,257.81893,188.95302,171.38388,236.57243,167.9694,234.4565,175.40853,230.51061,,
467.99648,266,281,190,239,175,172,214,154,207,143,222,291.75963,264.88081,197.00738,257.29534,189.05153,170.55319,236.00827,167.22533,233.64133,174.21491,230.24723,,
468.16982,302,276,207,236,191,184,269,172,253,175,238,291.83696,264.47501,195.93141,256.44348,187.8667,169.47453,235.96847,166.64445,233.14734,174.64491,230.95237,,
468.34319,303,268,213,261,197,175,269,184,256,185,252,291.87719,263.73786,195.31305,255.65508,187.99357,169.11065,236.41636,165.83429,232.21212,174.0453,231.25645,,
468.51656,299,239,203,254,175,184,229,161,224,171,237,291.05037,262.84804,194.21794,254.42728,186.91828,168.28263,235.35999,164.362,230.52234,172.76418,231.08748,,
468.68995,272,256,216,261,162,170,218,171,236,168,226,290.49754,262.13685,193.94095,253.2579,186.76851,168.83284,234.88514,164.43244,230.15484,171.71777,231.32769,,
468.86336,292,251,207,246,200,185,238,177,239,176,224,289.8163,260.7527,193.21563,251.15527,186.42545,168.25033,233.56108,163.88088,228.41851,170.55011,230.87139,,
469.03678,284,269,194,289,185,156,239,143,239,182,232,289.80618,260.50318,192.94831,250.76874,185.34313,168.2654,232.3126,164.20929,227.97459,169.2319,230.281,,
469.21021,255,239,160,229,148,160,200,169,226,148,207,290.28576,260.45226,192.91581,250.45983,184.80265,168.05327,231.7129,165.18399,228.43865,168.46617,229.31516,,
469.38366,287,257,195,246,188,187,234,157,226,173,243,289.89171,260.64439,192.29722,250.88337,183.94331,168.78052,231.64479,166.23844,228.18934,168.4982,229.53906,,
469.55713,255,245,174,268,152,172,222,143,217,170,209,289.08236,259.42232,191.73456,251.44758,183.14659,168.249,230.19516,165.87325,227.3517,167.45136,228.75442,,
469.73061,302,282,224,275,214,197,249,185,258,200,243,288.7141,258.70751,191.79626,251.48506,182.66289,168.72149,229.47498,165.97169,227.34748,167.89687,228.11135,,
469.9041,262,242,192,246,169,125,213,117,209,158,220,287.75467,257.34216,191.41872,251.76221,181.3526,168.26637,228.41446,166.00797,227.22558,167.97239,227.81769,,
470.07761,303,289,207,268,206,174,256,169,270,233,239,288.13226,258.13081,192.90645,252.60808,182.02967,169.06202,229.05776,166.30331,228.2068,168.92543,228.70572,,
470.25114,316,244,159,235,171,154,229,148,224,175,210,288.99436,258.8884,193.30737,252.99891,181.62484,169.16814,229.47593,166.64008,228.54844,169.66547,228.84573,,
470.42468,317,264,181,262,191,178,243,180,239,184,239,289.23874,259.25763,194.09069,253.33045,181.84636,169.48685,229.92784,166.67381,229.85726,170.97012,228.81447,,
470.59823,276,268,154,214,171,161,208,166,205,161,218,289.66878,259.96211,192.93656,252.54812,181.78432,169.44411,228.85404,166.161,229.76736,171.31308,228.14757,,
470.7718,286,256,208,239,193,160,239,163,221,161,224,289.89259,260.86339,192.58855,253.29477,182.36051,169.7877,229.61349,166.00985,230.39224,172.1089,227.99323,,
470.94539,297,265,173,259,207,159,220,182,210,160,222,289.09862,260.1123,191.84262,251.88666,182.13228,168.82935,229.99982,165.29541,230.36594,171.7734,227.3791,,
471.11899,300,268,201,252,197,174,242,216,227,175,230,288.37231,259.88899,190.75044,251.90457,181.85345,168.02439,229.9308,164.99982,230.02985,171.81107,227.55367,,
471.29261,294,251,191,242,164,143,213,152,207,140,207,286.97701,258.29702,189.25086,251.25681,180.48905,165.2495,228.19948,163.13285,228.44889,170.52377,225.17672,,
471.46624,271,233,170,227,179,181,217,143,213,145,229,288.59564,260.14653,190.36128,252.8523,181.42189,166.88034,229.40132,165.29337,230.27597,171.70167,226.71071,,
471.63988,296,265,206,282,188,164,239,168,224,154,245,289.61476,260.30923,190.64287,254.73854,182.65922,167.44848,229.9472,167.72414,230.91087,172.19726,227.83218,,
471.81354,302,239,186,239,175,153,227,157,233,152,225,290.68015,260.88385,191.03962,255.62128,183.12329,168.07339,230.59551,168.40689,231.56348,172.83601,228.36322,,
471.98722,296,254,190,244,180,176,220,161,231,138,261,291.22324,260.30424,190.04131,254.67059,182.77259,168.03663,228.31831,168.56024,230.27244,171.29011,228.39836,,
472.16091,296,256,188,266,166,174,234,170,218,177,236,292.61145,261.34948,191.84901,256.34501,184.11543,169.18057,228.84772,169.69748,231.50536,171.75216,229.51913,,
472.33462,291,282,198,265,175,178,218,182,258,182,237,292.73721,261.13121,191.67259,255.68645,183.53926,168.93368,228.27351,170.02458,230.88759,171.06039,229.58511,,
472.50834,286,260,194,259,189,175,222,161,234,162,202,293.11733,261.92682,192.52316,255.84247,183.17665,169.29915,228.80097,170.27027,230.91513,170.98684,229.87569,,
472.68207,281,277,212,262,174,185,213,182,233,186,217,293.93277,262.25604,192.83766,255.08843,181.99696,170.09839,229.99137,170.82749,231.56699,171.01099,230.18782,,
472.85582,290,265,193,260,207,190,241,201,240,190,222,295.05139,263.35912,194.47313,255.70298,182.35942,171.26336,232.08961,172.0853,233.15633,171.96872,231.80774,,
473.02959,283,268,219,262,166,144,228,160,224,177,216,295.92453,262.64724,195.53854,255.92312,182.42624,171.96643,232.41528,171.47435,233.51994,171.79499,232.04045,,
473.20337,293,268,185,287,178,156,232,146,254,178,211,295.78412,262.64944,196.05013,256.32981,182.27541,172.01624,232.33555,171.68133,234.07923,171.67544,232.45584,,
473.37717,296,272,209,272,204,168,253,206,256,198,249,296.39625,262.53834,197.22025,256.28395,183.21665,171.51639,233.0118,172.32952,234.8183,171.81318,233.26936,,
473.55098,292,264,204,269,186,170,240,175,239,201,264,296.36091,262.74572,197.96652,257.33684,183.59163,171.20383,234.07024,171.87497,235.15896,171.78561,233.35561,,
473.72481,301,265,216,248,196,200,237,166,244,184,250,294.77968,262.02136,197.21738,257.01511,182.23108,170.51061,233.32936,171.42848,235.00159,171.15713,232.82758,,
473.89865,294,252,178,239,169,159,242,154,229,170,228,294.47673,262.09418,197.34205,257.28671,182.02693,170.44839,233.5637,170.98138,235.35768,171.13167,232.84378,,
474.0725,302,279,193,261,184,169,242,174,235,178,228,292.12662,261.54812,196.20728,257.75327,180.9894,170.29063,232.19339,170.49729,234.25554,170.45174,232.27645,,
474.24637,292,290,204,250,193,175,234,173,236,166,249,292.33092,262.7862,197.36327,258.8633,182.2979,171.07246,233.60049,171.10811,235.0301,171.6975,232.92355,,
474.42026,303,270,177,244,178,170,254,172,239,201,221,290.99099,261.78926,197.26587,258.65471,182.02802,169.76101,233.43684,169.75304,234.95393,171.60019,233.14881,,
474.59416,280,225,175,233,184,174,217,145,232,156,220,292.02492,262.34934,197.97155,260.2519,182.7062,169.97871,234.5148,169.83189,235.75257,173.37924,233.99443,,
474.76808,313,264,187,264,188,168,239,181,224,175,239,292.68402,261.68566,196.72473,259.61476,181.8245,169.39249,234.80237,168.85982,235.73501,173.44778,233.54246,,
474.94201,283,237,208,266,159,175,239,168,223,154,241,293.95545,263.01509,196.72824,260.32017,182.65286,170.38753,236.33908,169.45226,237.17821,174.30395,234.69376,,
475.11596,282,239,186,236,182,148,207,156,222,133,226,292.37052,261.66686,193.85064,257.95724,181.56266,169.3591,235.2191,167.69071,236.08888,173.71166,233.43806,,
475.28992,310,271,211,298,200,175,233,193,245,169,239,292.76303,261.68226,194.11801,257.98211,182.56355,169.55079,236.74665,167.16438,236.5654,174.09837,234.44003,,
475.46389,303,269,203,266,178,182,233,200,238,162,238,292.79164,260.77345,193.18834,257.3189,183.28474,169.13869,237.0627,167.12732,235.67682,173.99219,234.07706,,
475.63789,333,297,236,269,210,239,272,218,281,202,292,293.34612,261.16628,194.29622,257.79474,184.86441,169.39192,238.79402,167.60996,236.12107,175.55782,234.77594,,
475.81189,283,239,182,256,168,154,220,138,210,153,212,294.07463,261.26857,194.53122,257.17704,185.25955,169.04401,238.43466,167.53985,235.63424,175.36264,233.50882,,
475.98591,282,242,178,222,141,162,204,126,218,158,204,293.49009,259.82897,194.03006,256.23221,185.29219,168.2753,237.22913,166.38848,234.76104,174.75981,232.72511,,
476.15995,271,254,198,253,174,143,219,162,228,161,220,292.47052,259.43471,194.48758,256.26424,185.25631,167.83859,237.05004,165.78432,234.14607,174.29027,232.40952,,
476.334,303,285,243,280,196,188,289,170,280,226,248,293.54407,259.53938,194.73173,256.54586,186.1656,168.2174,238.09187,166.49467,234.82351,174.31083,233.08161,,
476.50807,302,257,185,249,168,153,268,156,232,189,238,293.81646,258.01262,194.48792,256.30243,186.348,168.14582,237.81818,165.9667,234.27321,173.26508,233.49349,,
476.68215,292,250,189,260,189,159,246,162,233,175,228,293.10693,257.02507,193.73533,256.068,185.55161,167.56194,237.2642,165.30365,233.21292,171.87411,233.25423,,
476.85625,269,256,168,246,184,157,207,152,216,150,223,293.29364,256.85599,194.21183,256.08662,185.82031,167.4341,236.55082,165.47498,233.88401,171.85943,233.12632,,
477.03036,286,271,202,271,233,153,239,156,239,174,238,293.73159,257.20564,195.41568,256.59979,187.17357,168.25022,237.16068,165.87864,235.06116,172.06766,233.0137,,
477.20449,277,238,164,249,195,128,214,143,213,152,209,293.41808,257.50026,194.93773,256.50189,187.24112,167.78244,236.17022,165.38798,234.80835,172.38252,232.13337,,
477.37863,281,268,171,255,185,149,236,184,221,176,243,293.34855,257.18882,194.6346,256.14535,187.38569,167.72606,236.11767,165.88926,234.5734,172.4726,231.45278,,
477.55279,286,259,205,256,176,156,238,168,224,171,227,292.88611,257.06673,195.24904,256.06252,187.20972,166.33666,235.4618,164.83769,233.57276,172.58149,230.24669,,
477.72696,277,256,177,256,175,193,232,160,220,170,208,292.93603,257.28454,195.39679,257.42579,187.54527,165.83988,235.44033,163.30553,233.86344,172.91008,229.68414,,
477.90115,289,263,177,265,180,160,220,161,234,184,239,293.22132,257.48692,195.23822,258.10607,188.26904,164.68699,235.77338,164.6847,233.94167,173.90095,229.18805,,
478.07535,310,264,189,253,200,175,239,186,239,170,234,292.21328,257.36807,194.91044,257.18216,188.06861,163.90736,235.64305,164.5736,233.11459,174.62758,229.38952,,
478.24957,297,252,191,245,201,184,238,176,220,172,253,292.29496,257.38488,195.20399,256.84944,188.39267,164.3774,235.4873,164.99873,232.68128,175.02843,230.22845,,
478.4238,335,258,213,260,193,177,285,160,260,193,241,292.18725,257.36773,195.16048,256.36187,188.49396,164.14786,235.8884,164.5891,231.91585,175.35192,229.11189,,
478.59805,297,232,188,248,175,175,222,163,242,161,234,291.9595,257.6344,194.15212,255.83134,188.41355,164.06911,235.57088,164.5151,230.76081,174.50404,228.93694,,
478.77231,309,266,202,265,184,174,238,157,222,164,225,291.8699,258.83128,194.58527,255.59197,188.62239,164.40803,235.4893,164.65451,230.70319,173.86181,229.19436,,
478.94658,266,262,192,224,190,168,240,153,256,180,221,292.56907,258.99817,194.21466,255.33421,188.57863,164.28986,236.82323,164.98652,230.98154,174.73159,228.99493,,
479.12088,292,260,210,264,212,175,243,164,244,189,234,292.68344,257.42268,193.86799,254.57075,189.04501,164.56975,237.36418,164.24406,229.93266,174.57079,229.13792,,
479.29518,275,206,186,244,175,143,214,139,208,175,205,292.3304,256.55813,192.68357,253.3461,187.02892,163.42887,236.10827,163.6486,228.63741,173.74663,228.2967,,
479.46951,334,301,257,300,222,195,269,207,258,205,266,292.06881,255.4623,192.40805,253.24352,186.42386,163.77141,237.00557,163.46416,227.82575,173.35657,228.71986,,
479.64384,277,246,209,241,175,152,209,165,218,173,193,291.52409,254.41931,191.7079,252.26166,185.57381,163.53634,235.17588,161.88729,226.67712,171.60611,227.78532,,
479.8182,299,288,217,284,202,168,227,168,250,188,232,292.10773,255.22583,191.68058,253.51904,186.79698,164.04184,235.45598,163.03959,227.40642,171.62717,228.19466,,
479.99256,285,250,174,239,166,159,196,193,219,144,200,290.65159,254.38973,191.00446,252.24035,185.14367,163.42701,233.41335,163.28447,226.60185,169.34934,226.80203,,
480.16695,271,240,191,263,169,143,233,152,225,162,239,291.01282,255.94412,192.70276,252.39419,186.08075,166.10539,234.39013,165.48753,227.70969,169.82903,228.78319,,
480.34135,288,270,191,255,193,194,265,175,239,174,244,291.40719,256.24102,193.60633,253.5324,186.09586,166.60579,234.63397,165.72826,228.20277,169.58916,228.50212,,
480.51576,329,266,192,278,207,169,256,181,239,174,248,291.34334,256.35142,194.54755,253.1176,184.93291,166.5245,233.97402,164.67827,228.18909,168.96353,227.37561,,
480.69019,266,218,177,226,161,124,201,121,200,149,193,289.45371,255.23833,194.30528,252.29045,183.08764,165.03823,231.61879,163.51906,227.10211,166.51559,226.14596,,
480.86463,285,284,194,241,187,156,233,160,236,162,237,289.55689,256.30861,195.50794,253.03785,182.65607,165.94668,233.02458,163.46891,228.55992,167.43702,226.094,,
481.03909,321,270,209,261,206,172,257,173,239,212,239,288.87608,255.03293,195.31661,252.52463,181.27219,165.15599,233.3729,162.72656,228.08741,167.56984,225.90111,,
481.21356,288,272,176,253,177,162,248,158,220,175,239,289.12696,255.05545,195.8804,253.26295,181.45539,165.5825,233.72287,163.11731,228.27595,167.94822,226.68948,,
481.38805,271,233,140,228,149,124,202,125,174,144,199,288.28155,255.63539,195.47799,253.17704,180.48173,165.37949,232.88494,162.15425,227.82641,167.1436,227.20571,,
481.56255,287,250,213,249,172,177,241,174,214,160,233,288.23332,256.53972,195.88287,253.80249,182.31645,165.30814,233.4926,162.18263,228.46246,167.309,227.88521,,
481.73707,285,260,191,256,204,174,236,165,218,173,229,287.65791,256.11264,193.86079,253.22925,182.56663,163.53102,232.78616,160.81451,227.60799,166.39192,226.90043,,
481.9116,289,258,187,249,175,175,244,181,226,160,239,287.99615,257.25366,193.37373,253.83741,182.32184,162.8508,233.80894,161.7351,228.07833,167.21131,227.79177,,
482.08615,279,247,167,225,164,153,225,184,211,151,207,287.70754,257.61446,193.167,253.16283,181.57122,161.69358,234.0482,161.55347,227.23455,166.83173,227.74251,,
482.26071,271,252,200,233,175,187,234,147,222,147,241,286.61881,258.39444,192.65302,253.21033,181.0446,162.04134,234.38445,160.18737,226.64033,167.06333,227.50665,,
482.43529,311,256,205,289,190,180,239,170,239,161,239,286.48166,259.42112,192.4987,254.05694,181.43115,161.27557,234.17285,160.28809,227.34291,167.42782,227.59521,,
482.60988,285,253,201,252,184,173,238,142,234,157,207,286.93814,260.38452,192.26678,253.44502,181.9019,161.52395,235.0444,161.30046,228.14918,167.57238,228.24424,,
482.78449,284,239,174,245,162,158,224,154,232,143,253,286.71381,260.79547,191.43263,253.081,182.81268,161.88111,234.93841,161.98643,227.8226,167.24959,229.16392,,
482.95911,297,256,221,268,179,161,250,161,254,191,222,287.39124,260.14952,190.55802,252.2304,182.62556,161.76622,235.88179,161.22381,228.12084,167.38975,229.65761,,
483.13375,283,239,186,248,178,152,236,153,220,175,229,287.41473,258.6937,189.95148,251.43312,182.255,162.14918,234.48946,161.456,227.38343,165.85703,229.93049,,
483.30841,265,257,184,239,170,162,207,144,210,161,216,287.11004,259.00618,189.81293,251.25452,181.64887,162.72253,233.71422,160.84455,226.32818,164.48028,229.89042,,
483.48307,256,271,175,239,154,152,190,149,249,150,197,286.19545,259.80208,189.6498,250.03674,181.59089,163.46968,233.62998,160.54735,227.33756,165.16755,230.3507,,
483.65776,304,288,213,286,246,197,271,180,253,191,248,285.57129,259.59526,189.43133,249.80289,181.70785,163.85112,233.23765,160.28741,228.03393,165.22245,230.13266,,
483.83246,272,272,207,255,172,157,199,156,237,155,209,284.44866,257.96315,188.1569,248.68416,180.7257,163.20449,231.89902,158.73399,227.50601,165.01851,229.56262,,
484.00717,276,271,202,254,201,146,256,193,248,174,240,285.21645,259.38535,190.45095,250.37154,180.61,164.12376,232.79961,159.91001,228.70357,166.37493,230.80294,,
484.1819,263,239,207,241,148,143,207,140,207,144,207,284.16739,258.67623,191.19314,249.61764,179.92654,163.14077,232.13817,157.85633,228.34753,165.83868,228.96693,,
484.35664,330,297,228,304,225,191,288,184,254,216,271,283.71929,259.23018,191.07957,250.06754,180.0398,163.70908,231.03749,157.2803,229.42203,166.50823,229.70946,,
484.5314,310,252,188,267,174,146,233,145,241,169,221,283.44658,259.25507,190.72663,249.9829,179.32415,163.43768,229.46198,157.78006,229.32365,166.33919,228.48178,,
484.70617,262,236,160,220,161,137,205,130,191,143,221,283.01037,259.50391,191.70575,250.10444,179.09074,163.13679,229.48642,158.05651,230.24621,166.88512,229.11622,,
484.88096,271,238,144,230,164,161,210,152,207,154,238,282.07173,259.22401,191.09459,249.68176,178.31564,163.15128,228.9272,157.52832,230.62636,166.68482,228.93536,,
485.05577,321,291,199,271,216,190,280,190,252,220,258,283.24356,259.49143,191.41559,250.6042,178.31602,162.91569,228.82498,158.17883,230.48513,167.04231,228.75046,,
485.23059,288,253,202,248,194,156,230,164,224,181,252,281.9048,258.75777,190.82262,250.15683,177.50411,161.10456,226.54178,156.31337,228.87433,165.88464,227.6987,,
485.40542,319,312,197,262,200,181,255,175,248,180,254,281.56067,259.69549,190.93812,250.01287,177.78038,161.03099,225.84428,156.21341,229.9142,166.02222,227.45836,,
485.58027,281,266,173,229,166,144,240,141,229,160,212,281.88824,260.61807,191.27996,249.72822,178.18041,160.96308,226.11425,155.9397,230.44343,167.51129,227.62479,,
485.75513,293,252,179,239,200,160,241,175,233,173,212,283.29813,260.97219,191.83273,250.12446,179.29287,160.88267,227.12109,156.15257,230.74572,168.86179,228.55668,,
485.93001,280,256,182,238,157,148,221,143,218,162,219,283.0547,260.93735,190.08066,249.61431,177.73218,159.8315,226.37829,154.98557,229.40347,168.3495,228.02476,,
486.10491,286,268,227,257,175,176,238,174,242,175,246,284.9115,262.23754,191.93316,250.21887,178.83341,160.39566,226.98344,156.2687,229.90718,169.18494,229.50434,,
486.27981,253,243,179,220,182,155,196,136,201,136,216,285.44943,262.74939,192.27117,250.30782,179.99764,160.04738,227.3018,155.98815,229.56753,169.72817,229.91798,,
486.45474,273,260,202,263,190,176,220,157,246,169,232,285.56511,262.7939,191.01162,249.91259,179.74695,160.19081,227.26472,156.86797,229.43682,169.05898,230.25108,,
486.62968,288,241,184,239,180,165,207,192,234,145,216,285.37582,262.39996,189.92781,248.04111,179.05914,159.88643,226.88206,158.15853,229.04947,168.16648,229.42816,,
486.80463,264,236,165,218,149,173,207,144,201,152,234,285.76255,262.72054,190.95413,247.7821,179.65718,161.04757,227.07239,158.89726,229.90158,168.29867,230.68085,,
486.9796,262,236,173,254,162,154,181,136,198,143,210,285.78097,262.09572,191.3545,248.28768,179.65766,161.86833,226.65046,159.90727,229.31335,167.77109,229.66649,,
487.15458,271,239,193,236,146,161,207,136,213,158,220,285.07343,260.85284,191.12066,246.99506,179.32091,160.98684,225.65569,159.25604,228.65283,166.52966,227.67399,,
487.32958,282,281,221,268,174,174,221,169,233,165,225,284.13402,259.62844,190.37573,246.25203,178.50771,160.6582,224.22168,159.27543,228.09937,165.86392,227.79345,,
487.5046,270,285,191,257,160,158,242,137,258,194,227,285.14698,260.13409,191.70933,247.58416,179.03114,161.7737,225.59902,161.19575,229.12005,166.93721,228.56031,,
487.67963,296,260,189,255,174,151,239,157,255,196,229,284.38411,257.95549,191.27987,247.01445,177.66126,161.34322,225.73585,160.86817,228.34587,166.81621,227.90457,,
487.85467,274,239,179,248,160,137,219,139,223,143,205,282.80749,256.70772,190.79882,245.86111,176.22284,161.43222,223.9896,160.36345,226.59107,165.94383,227.5722,,
488.02973,288,271,200,253,178,155,234,145,225,175,240,282.16009,256.29283,190.45448,245.62991,174.28547,161.26705,222.78077,159.89988,227.40508,165.15747,226.30171,,
488.20481,288,262,216,265,181,156,238,161,230,174,222,282.22721,256.74264,191.41471,246.5136,176.1104,162.09742,223.20238,160.70681,228.01764,165.46049,226.58445,,
488.37989,287,252,172,229,205,155,219,137,222,155,222,281.25389,256.61639,191.3466,246.88604,176.15921,161.59107,221.94136,160.46028,227.96516,165.3507,225.27962,,
488.555,297,273,182,255,184,180,211,213,237,193,256,280.60187,256.75146,192.22626,247.03293,175.82249,160.75102,222.77551,162.35865,229.34076,165.24229,225.42169,,
488.73012,302,277,226,261,187,143,241,174,222,173,205,279.49072,256.70892,192.67028,246.20154,174.147,159.47972,221.91667,161.92004,228.58891,164.74609,223.94967,,
488.90525,285,261,196,236,181,161,223,169,232,157,236,281.74702,257.36891,195.16986,248.71177,176.20897,160.77789,223.87875,162.82321,229.70812,166.66937,225.48044,,
489.0804,274,239,164,252,164,142,199,137,200,145,209,281.83384,256.08342,194.88007,248.90788,175.13923,158.88088,223.29192,162.16037,229.33353,166.40465,223.53797,,
489.25557,308,287,218,266,208,184,254,189,231,182,244,280.51261,254.82287,194.23063,247.25267,174.53492,157.60862,223.05196,161.78147,227.81667,165.8971,223.25595,,
489.43075,284,270,190,248,205,175,239,162,254,166,256,279.69524,253.20263,193.05848,246.87046,173.75028,157.54998,222.80765,161.41507,226.67299,165.09178,223.07124,,
489.60594,311,253,206,242,191,184,262,189,270,194,232,281.651,254.25459,194.09545,248.44483,175.47356,159.33625,225.47285,163.25262,227.91323,167.3406,224.38816,,
489.78115,298,260,200,242,180,154,242,168,217,163,248,282.90054,253.80287,194.87515,249.09536,176.51138,159.45369,225.90414,164.26537,227.01787,166.74192,225.72484,,
489.95638,319,249,212,268,200,170,238,192,239,171,241,283.78992,254.68889,195.48846,249.64744,177.30451,160.09516,226.97431,164.58905,227.42243,166.8571,227.24279,,
490.13162,253,273,172,239,148,162,207,165,229,142,217,283.12143,254.34338,194.57881,249.22553,176.88865,158.89495,227.718,164.56187,226.82405,166.21935,227.02367,,
490.30687,288,246,207,241,207,152,216,177,233,171,223,285.19889,253.96539,195.15593,250.37244,178.90333,160.21237,230.23905,166.07386,227.72683,167.96913,227.82971,,
490.48214,226,208,152,218,134,145,204,140,201,136,181,285.47734,253.4119,193.76548,250.01744,177.91015,160.14283,230.44832,166.01101,226.88113,167.89896,227.79581,,
490.65743,261,237,178,239,159,175,206,186,228,155,207,285.98931,253.24411,194.94201,250.15912,177.44103,160.43435,231.64878,166.82333,227.1497,167.66344,227.94215,,
490.83273,277,248,230,248,178,163,226,168,227,184,218,285.6671,252.77952,194.7219,249.44187,178.625,160.82758,230.93873,165.90974,226.24064,166.89857,227.64717,,
491.00804,276,249,206,274,180,156,219,162,217,184,223,286.58495,253.5073,195.2201,251.31756,181.16866,162.27366,232.52808,167.45682,227.22857,167.43353,228.98559,,
491.18337,242,224,164,223,142,139,206,143,177,141,181,287.36877,253.55322,196.2516,251.43711,182.57788,163.05139,232.95218,169.8301,227.99003,167.29724,229.09982,,
491.35872,293,256,189,253,174,144,232,154,239,173,257,287.17903,252.99538,195.99891,250.29217,182.44295,164.23081,233.17998,170.73526,227.14338,166.58309,229.51988,,
491.53408,297,275,210,285,181,200,256,183,240,195,264,287.10861,251.70215,195.5606,250.4572,182.42157,164.97948,232.58817,170.115,226.05189,165.84949,228.94539,,
491.70945,308,260,202,264,174,172,264,173,237,160,244,287.03975,250.98202,195.81284,250.97975,182.36486,164.97957,231.49562,169.03121,225.81159,165.86367,228.04027,,
491.88484,256,212,179,216,140,123,197,111,207,146,191,287.08698,251.41772,197.22456,252.87202,182.62858,166.50601,230.45659,169.63347,226.13434,165.46554,228.0713,,
492.06025,303,282,206,260,202,162,225,175,234,172,244,286.62622,252.30975,197.43263,253.22313,181.91637,166.58559,231.24347,168.74792,226.93841,165.94648,227.91893,,
492.23567,316,270,207,273,200,153,262,172,258,186,220,287.21441,252.25634,197.337,254.01083,181.62513,166.3189,232.29915,168.76674,227.5261,167.34295,228.04353,,
492.4111,273,258,192,241,202,149,224,175,211,172,228,288.46008,252.07343,197.26039,254.64729,181.4244,166.10136,233.31874,169.19271,227.269,167.01259,228.00455,,
492.58655,296,249,185,252,172,162,252,165,224,178,225,288.99583,252.3955,197.8508,254.70948,180.39426,165.76308,234.50359,168.536,226.62898,168.12016,228.11545,,
492.76202,303,256,219,242,162,172,242,180,234,157,241,289.00367,252.58402,198.34148,255.17115,180.22041,165.4683,235.10533,168.49661,226.57963,168.89343,227.6351,,
492.9375,297,248,186,249,207,173,229,147,197,175,223,288.78819,252.38039,196.54332,254.52649,181.79005,165.15368,235.49356,167.07749,225.99117,168.87361,227.83934,,
493.11299,299,217,209,271,204,185,239,174,225,156,245,289.48927,253.17518,195.50712,254.68826,182.10489,165.83812,235.43931,168.73789,226.48357,169.82625,228.9462,,
493.2885,252,249,164,225,156,148,229,175,207,145,209,289.45254,253.29924,195.50083,253.52128,181.84208,164.39337,235.20392,168.63403,225.99676,169.03398,227.7614,,
493.46403,312,275,222,274,217,217,271,194,249,176,284,289.83893,253.66654,195.3994,253.20703,181.72457,163.98435,234.99871,167.55088,226.06104,168.60597,227.95024,,
493.63957,318,258,207,296,191,191,234,168,239,156,232,290.18324,253.63743,194.74085,254.38449,182.36014,164.47202,234.96566,167.57213,226.21912,168.8658,227.81019,,
493.81513,312,270,203,264,200,175,236,188,239,173,248,291.56592,255.1304,195.60384,255.72647,184.09044,166.25144,236.4158,168.64436,227.06736,169.61453,228.80077,,
493.9907,271,233,178,239,170,143,209,154,202,137,222,291.1171,255.6064,195.14308,255.78464,185.00802,166.62534,236.65578,168.44977,228.08277,169.36991,229.63111,,
494.16628,262,246,189,248,175,166,239,157,248,202,219,292.89402,255.38495,195.68785,255.78942,186.26261,167.6028,238.50493,169.28993,229.78679,170.48232,230.28821,,
494.34188,309,265,190,268,194,176,248,195,232,185,218,293.63114,254.69469,195.27097,255.44703,186.78425,167.45034,238.9961,169.49442,228.92011,170.37942,230.99318,,
494.5175,334,270,218,271,206,207,252,176,252,196,236,294.62439,255.31004,196.26146,256.38171,187.93558,168.36443,239.09482,170.89574,229.05769,169.74244,232.15212,,
494.69313,255,260,170,224,159,137,194,157,206,127,196,294.2683,257.49704,195.79827,256.69007,187.66273,168.9026,238.61446,171.79352,230.29346,169.96319,232.48257,,
494.86878,302,272,239,271,220,168,252,178,250,175,226,294.88577,257.88702,196.97452,257.00091,189.30257,169.55831,238.49519,173.26263,231.972,170.52937,233.34037,,
495.04444,303,276,204,277,226,186,239,181,240,198,250,293.84437,256.75499,195.29299,256.7154,188.26223,169.33217,238.17079,172.87153,232.36848,170.17337,232.18327,,
495.22011,298,264,207,271,181,164,264,205,240,179,239,293.25364,256.19151,195.34549,256.71829,187.39385,169.63322,237.53215,174.32719,233.47655,170.2092,231.84478,,
495.3958,271,239,207,223,140,148,207,140,220,166,197,293.48855,255.95508,196.61714,256.91864,187.4608,169.67992,237.43836,173.70758,234.25964,171.1477,231.18324,,
495.57151,288,239,169,256,164,159,228,144,216,162,218,292.86097,255.60842,197.34916,258.06419,187.50921,170.10754,236.92111,173.3307,234.67098,172.41648,230.91391,,
495.74723,296,249,186,276,181,153,230,142,235,186,224,290.74176,253.90568,196.26535,257.26143,186.23369,168.33951,235.4951,172.40166,232.92414,171.4729,228.25894,,
495.92297,286,271,194,268,186,146,224,180,236,176,233,290.48282,254.40785,196.97422,257.16175,186.72545,168.40737,235.96213,172.77676,234.22836,173.14037,229.81406,,
496.09872,291,252,187,236,165,177,262,194,217,162,255,289.63779,254.27076,196.39086,257.44703,185.67508,168.27654,235.7325,172.42583,234.18897,173.70439,229.82323,,
496.27448,297,255,175,216,176,138,278,170,214,182,230,289.60819,254.34012,196.58633,257.82994,185.30601,169.37652,236.21407,172.65628,234.40841,173.88745,230.24764,,
496.45027,302,248,185,256,193,170,242,188,224,186,239,287.27552,251.43589,194.47374,255.44035,182.66038,166.94607,233.23529,169.57431,232.71408,172.47564,228.44481,,
496.62606,293,258,191,239,192,175,232,176,234,163,233,286.45965,252.80219,194.35711,255.81132,182.91458,167.33009,232.81769,170.14469,233.21369,173.37002,230.64169,,
496.80187,244,239,176,234,172,156,210,138,234,168,211,287.11178,254.83381,194.72115,256.43315,183.63419,166.76992,233.79023,170.8978,234.30855,174.6893,230.49874,,
496.9777,275,252,169,257,218,175,214,173,251,147,239,286.40603,253.94756,194.2278,255.2557,184.06641,165.39018,233.63841,170.68217,233.76203,175.18968,229.58876,,
497.15354,292,249,188,258,196,175,237,165,239,155,244,285.46705,252.91911,193.09907,253.99649,181.84108,164.01182,233.46939,169.68153,232.86453,174.75635,228.79617,,
497.3294,300,252,224,260,162,175,224,185,252,160,220,285.94582,253.61768,193.79261,253.7493,180.34268,163.61136,233.86491,170.07579,233.35192,174.87128,229.05617,,
497.50527,280,239,209,258,184,168,226,158,233,165,224,285.72156,252.92532,193.17493,252.96439,181.47213,163.00077,233.31219,168.58844,232.08503,174.63231,229.17029,,
497.68116,314,270,224,317,210,207,263,184,254,211,253,285.78733,251.15883,192.48126,252.98621,181.57222,162.11205,233.00206,167.92883,231.2668,173.42087,229.01391,,
497.85706,286,250,204,270,204,194,248,219,249,188,239,284.15391,249.59435,191.45245,251.13269,180.34402,160.90808,231.86863,167.63927,230.04874,172.13251,227.96534,,
498.03297,273,239,188,233,159,142,213,149,211,149,222,284.73979,249.76233,192.168,251.24322,181.59725,162.62896,232.89325,167.98267,230.36431,172.37339,229.31899,,
498.2089,269,234,188,239,162,134,212,161,212,166,216,284.75981,249.18857,192.07799,252.17919,181.57974,163.42776,232.13917,167.79904,230.44683,171.25799,229.27246,,
498.38485,309,255,207,265,190,173,239,178,230,186,237,284.9614,248.72138,192.12859,252.24696,181.66844,162.92353,231.60561,167.42814,230.0815,170.16419,228.60973,,
498.56081,262,265,190,261,167,165,209,172,229,172,222,283.1041,247.15291,190.80742,251.32105,179.72933,161.88389,229.51621,166.22492,228.274,167.65166,227.57634,,
498.73679,285,294,220,273,180,175,237,175,270,186,239,281.23002,245.79388,190.05681,250.65025,178.04458,160.94367,228.90584,165.40993,228.23083,167.44273,226.32243,,
498.91278,303,242,188,258,180,154,250,160,265,218,220,280.67433,244.30932,189.32816,250.72425,177.16997,160.42791,228.4435,165.74464,228.32726,167.48114,225.36019,,
499.08879,284,209,196,250,174,157,239,149,221,161,223,281.96283,244.17735,190.35854,251.81565,177.90152,162.00736,228.09726,165.7947,228.54513,168.21194,224.95436,,
499.26481,282,239,172,248,165,138,232,137,207,175,207,281.18141,244.17538,190.17244,251.73512,176.85433,161.25475,227.25733,165.49437,228.27308,167.3625,224.51559,,
499.44085,268,246,210,238,179,154,221,157,212,168,226,282.14238,244.82638,191.44633,252.5703,177.98895,161.45589,228.16875,165.78872,229.21081,167.54946,224.4307,,
499.6169,276,249,170,241,192,164,226,135,208,168,216,281.66921,245.13685,190.62837,252.21108,178.8805,161.16743,227.476,164.76779,228.1294,168.22893,224.6961,,
499.79297,256,246,178,238,177,161,222,188,214,165,234,282.05778,246.23514,190.99153,253.18528,178.47313,160.98904,228.79755,166.13819,228.95576,168.89554,225.01332,,
499.96905,278,249,173,229,178,137,225,176,212,154,224,281.25312,246.19208,190.83787,251.89927,176.88206,160.06861,227.70122,164.9554,228.24617,169.33303,224.13226,,
500.14515,288,268,188,239,180,191,238,174,238,184,260,280.33077,245.40343,189.80883,251.62504,175.55512,158.91646,227.10915,162.61032,227.13806,168.80958,222.91837,,
500.32126,270,221,143,239,143,128,193,134,189,121,190,280.3174,246.28291,189.77225,252.41634,175.88228,157.74541,227.36671,161.72282,227.25672,169.34198,221.75879,,
500.49738,294,262,205,260,199,191,239,186,234,179,254,280.43978,247.65485,190.07971,253.07006,176.12075,157.11373,227.16238,162.15029,227.57725,170.30737,222.50207,,
500.67353,280,243,172,239,168,124,228,159,224,158,227,280.60024,247.95239,189.64821,252.74371,175.14911,157.29174,228.13633,162.6132,226.84011,169.72482,222.8867,,
500.84968,306,296,228,284,207,190,282,207,260,196,249,281.28476,248.82351,189.17144,251.88749,174.81379,156.69419,229.60692,162.66262,226.28812,170.23203,223.48595,,
501.02586,303,221,190,232,169,128,222,143,212,141,159,282.62441,249.02328,188.84425,252.09563,174.98408,157.15285,230.28879,163.31446,225.0817,169.97445,224.34309,,
501.20204,270,181,175,235,150,144,210,128,216,136,206,281.73071,250.22145,188.3353,251.69925,174.85916,156.97767,230.04748,163.13332,224.68151,169.44021,224.72661,,
501.37825,271,265,188,264,160,163,207,160,224,146,238,281.04113,251.24608,187.27518,251.39682,175.6459,157.07325,230.37838,162.64593,224.9516,169.69358,224.67182,,
501.55446,301,264,202,280,223,175,234,177,248,184,232,281.36479,252.07654,186.32929,251.51088,177.52003,157.7628,230.51512,163.14977,226.61209,169.71508,225.63675,,
501.73069,261,210,175,235,190,152,205,144,211,143,212,280.79035,252.54445,184.61281,251.30612,177.49249,158.15167,230.09407,162.22524,226.51412,168.9626,225.4338,,
501.90694,278,245,186,257,143,160,221,172,229,170,195,281.23122,252.79282,184.76967,250.91667,175.65662,158.46264,229.15907,162.33899,226.86999,168.26243,225.15011,,
502.0832,270,246,214,253,175,186,221,170,239,185,224,280.79762,253.26064,185.56339,251.19158,175.98845,158.46959,228.45038,160.7587,227.07901,167.85959,225.01866,,
502.25948,276,269,180,271,170,162,239,159,233,175,217,282.01644,254.98525,186.58452,253.80654,177.7146,160.93214,229.54078,161.12295,228.7457,169.28456,226.62964,,
502.43577,256,239,176,254,143,132,210,158,222,151,212,281.64194,255.29745,186.13332,254.52282,178.02505,160.61913,229.72865,161.4259,229.18295,169.42823,226.05683,,
502.61208,284,249,191,254,159,140,236,150,221,175,211,280.97243,254.63546,185.65954,252.97062,176.63619,159.53156,228.1094,160.31043,228.15996,167.94632,225.32193,,
502.7884,277,261,184,257,164,171,232,178,238,193,252,280.51587,254.37369,185.98523,253.15366,176.26909,159.11772,227.4594,159.73578,228.31747,167.70027,225.31004,,
502.96474,309,264,206,267,205,157,259,175,251,208,245,281.71798,255.0248,187.17742,254.43562,176.73811,160.50425,228.40957,160.67467,229.0383,169.08671,225.13878,,
503.1411,301,271,198,268,205,176,241,163,239,201,253,280.92956,255.72736,187.40395,255.25008,176.15045,160.57354,227.26943,160.88093,228.55141,168.62131,224.58423,,
503.31746,307,302,199,266,202,176,250,163,220,184,245,280.51088,257.23629,188.95515,256.39528,175.98935,161.6201,227.3259,160.8848,230.0067,169.08455,224.68434,,
503.49385,278,271,168,237,164,141,258,156,238,177,248,282.18404,257.75999,189.87631,257.50502,176.25326,161.86208,228.27043,161.52848,231.69954,171.19228,224.73759,,
503.67024,269,262,156,224,176,149,216,146,207,159,207,283.05984,256.59412,189.96883,257.68169,176.06129,161.83046,228.95207,160.64984,231.29607,171.13359,224.30084,,
503.84666,251,256,173,234,163,143,209,143,205,166,219,283.94679,256.918,189.86029,257.56891,175.39034,161.3225,229.65322,160.23226,231.10014,172.23627,224.27702,,
504.02308,303,279,216,286,185,181,253,194,268,175,233,283.54407,256.25097,190.38846,257.12181,174.78754,161.12082,229.25532,159.14071,230.2377,171.82464,223.90265,,
504.19953,273,246,184,241,191,160,214,143,207,159,224,283.86876,256.59172,189.96303,256.43446,175.2873,161.24984,229.71712,157.47439,229.60013,171.58366,223.98174,,
504.37598,286,260,206,269,189,169,239,164,238,151,220,283.9058,257.05688,189.7939,256.15518,176.02822,162.88999,229.67426,157.86267,229.78573,171.65845,224.84611,,
504.55246,309,287,200,268,202,190,242,207,248,177,250,283.55902,256.43532,189.0643,253.80369,175.39983,160.94435,229.31258,157.03916,228.7158,170.12152,223.63673,,
504.72895,291,241,181,256,162,189,214,154,226,166,258,284.31729,257.27169,189.77155,253.02836,176.14447,162.03837,229.90269,156.98573,228.74964,170.35167,225.02242,,
504.90545,278,246,175,257,168,164,220,143,220,140,203,285.39068,257.46384,188.89957,252.89415,176.53417,162.17792,229.93828,157.03527,228.56645,169.63111,224.6228,,
505.08197,282,266,192,259,187,168,218,157,236,176,239,286.24275,258.22023,190.13463,253.72425,177.61322,162.72939,231.06623,158.50146,228.18062,170.03221,225.9665,,
505.2585,271,251,179,252,175,154,223,148,224,159,209,285.55825,257.3656,188.48384,252.59079,177.55376,160.86414,229.95175,158.03305,227.07998,169.06335,226.39185,,
505.43505,253,268,180,252,175,146,218,145,256,193,207,286.4772,258.65671,189.16281,252.6066,178.38304,161.58579,231.13821,159.14025,227.27396,169.61929,227.26481,,
505.61161,324,245,191,254,187,174,241,163,242,184,216,287.13901,257.05934,189.30725,251.77864,178.38316,160.99948,231.08517,159.12351,227.10109,168.34667,225.5209,,
505.78819,268,228,194,241,133,146,196,131,220,162,205,287.49367,255.31256,189.81447,251.44166,178.84471,161.62316,230.69125,158.8812,226.55675,167.07085,225.89848,,
505.96478,256,243,179,246,137,142,197,124,187,143,193,286.74887,255.68971,190.15724,251.78618,177.72563,161.77651,230.23783,158.71814,227.06825,166.21566,226.88969,,
506.14139,303,251,224,258,182,152,236,162,234,171,239,287.00999,255.84106,190.36128,252.17597,179.31154,161.88505,229.81662,158.65363,227.34705,166.12564,226.87669,,
506.31801,281,262,204,269,214,156,243,148,236,172,220,286.23421,253.93092,189.42325,251.38927,180.08716,161.74434,228.60291,157.49895,227.33969,164.73879,226.52321,,
506.49465,293,240,172,246,164,161,239,181,225,165,217,286.92308,253.42492,190.25033,251.60389,179.14469,162.14503,228.99194,158.00593,228.08052,164.53834,226.10741,,
506.67131,274,225,182,229,142,118,218,143,196,150,185,287.094,252.7636,191.19239,251.0631,179.46037,162.81467,228.60889,158.46157,228.51485,164.8282,226.07235,,
506.84797,305,252,219,252,188,208,239,189,235,175,248,287.23115,252.73945,191.28261,251.82901,179.51315,162.92029,228.77093,158.03461,228.92496,164.53297,225.87755,,
507.02466,306,275,210,296,206,192,271,176,250,194,242,286.45922,252.36705,191.18424,252.14376,178.86448,161.44735,228.05137,157.95128,228.6534,164.27149,224.5341,,
507.20136,296,256,184,243,174,160,239,171,208,169,211,286.9887,252.30762,191.31446,252.01678,178.64171,160.5303,227.78568,157.80328,228.36039,164.1772,224.45131,,
507.37807,282,244,173,228,173,134,210,137,201,131,238,286.06954,251.58144,190.88199,251.80425,177.98091,160.50207,227.62631,157.81291,228.17633,164.48739,224.71313,,
507.5548,305,253,189,238,187,171,250,156,240,179,240,285.73329,250.90142,190.92451,251.59553,178.23654,159.76554,227.44644,157.80958,228.40862,165.19235,224.93554,,
507.73154,319,261,176,239,187,150,239,169,220,164,239,285.63238,250.30866,190.10822,251.44132,178.54461,159.96095,227.00933,157.71999,227.19382,165.60923,224.97216,,
507.9083,270,246,165,224,174,156,225,132,213,144,224,286.12818,252.08874,190.69512,252.15389,179.69277,160.2075,226.97203,158.50436,227.09885,165.78896,225.32123,,
508.08508,278,266,201,245,184,168,225,170,244,162,245,286.15776,252.65895,190.07944,251.48805,179.31686,159.49111,228.19672,158.73374,227.17615,165.70846,225.69465,,
508.26186,274,240,184,252,192,164,217,138,222,133,214,285.95098,252.5852,188.68239,250.33767,179.47666,159.35953,228.3423,158.80815,226.99817,166.23559,225.58466,,
508.43867,303,280,202,252,207,168,243,178,248,176,244,284.6329,252.50991,186.75324,248.69626,177.7033,157.68815,227.65841,157.73175,225.31727,165.43131,224.62758,,
508.61549,286,250,197,262,188,168,218,176,236,172,219,285.45779,254.11815,187.60221,249.81791,177.75247,158.27466,229.2138,159.31675,226.47625,166.25206,225.47168,,
508.79232,271,240,195,243,166,110,229,161,210,158,208,284.47772,252.93724,186.19493,248.16311,177.61317,157.22592,227.38284,157.65909,224.49978,165.26703,224.87508,,
508.96917,303,280,209,305,216,205,243,198,248,203,272,284.07701,253.30094,185.32977,247.8925,178.14225,157.26161,227.76391,157.71025,224.32202,164.69066,224.51111,,
509.14603,276,253,174,264,175,161,225,178,239,178,228,284.49032,254.79522,185.17332,248.12567,179.40762,157.57018,228.25539,159.45138,224.81567,164.73818,225.5356,,
509.32291,241,223,175,239,143,127,192,132,192,143,218,284.65746,254.77691,185.6563,247.79372,179.69467,159.13416,228.69154,160.44042,224.77642,165.35826,227.17371,,
509.49981,266,238,158,222,170,174,191,130,238,156,221,284.20786,254.70104,184.97452,247.58101,179.0713,159.39781,228.21013,160.05128,224.51294,164.07812,226.83334,,
509.67672,305,274,223,265,178,193,256,169,256,182,228,284.1759,255.80998,185.56067,248.49258,179.38735,159.65909,228.14521,160.2847,225.00904,164.77044,227.05554,,
509.85364,280,260,207,276,190,175,241,170,256,172,239,283.45799,256.25905,185.64636,249.01758,179.26334,160.60377,228.14127,160.81089,225.05751,163.72518,227.58805,,
510.03058,290,288,193,256,184,158,229,147,224,181,236,283.13608,258.2683,186.12634,250.03907,180.40753,161.55199,229.16802,161.38957,227.21273,165.78312,227.92192,,
510.20753,267,245,162,237,143,124,226,131,238,172,201,283.67485,257.84652,185.87635,249.80795,180.31756,162.18687,229.29738,161.21523,228.25119,166.37768,227.40501,,
510.3845,303,249,175,239,201,153,220,154,207,162,207,283.80303,256.87966,186.59904,249.8053,179.62887,162.98634,228.91402,160.66606,228.22071,165.84414,226.72944,,
510.56149,303,257,194,256,177,168,245,170,239,173,236,282.34567,256.20483,185.82838,249.30361,177.00331,162.18157,227.2379,159.39752,227.23142,165.22963,225.38465,,
510.73849,301,271,208,252,177,154,244,177,211,176,228,283.45695,257.44275,187.77569,250.22524,178.03561,162.6221,228.38674,160.46196,228.37609,166.68251,226.81417,,
510.9155,265,254,156,237,187,140,201,149,197,160,207,282.86459,257.28941,187.97171,250.91291,178.50726,162.21656,228.2266,159.33738,228.54216,167.21135,226.25008,,
511.09253,269,258,178,258,173,157,222,149,214,158,217,283.26947,258.10931,188.1046,252.1518,178.68291,162.79696,229.2167,160.67395,229.84337,168.65911,226.8723,,
511.26957,271,260,172,232,175,154,220,169,207,169,212,282.87587,257.87397,188.11144,251.57333,177.74119,161.87642,229.30028,160.4883,229.58737,168.95153,225.45992,,
511.44663,276,240,169,228,166,176,218,157,216,140,244,283.7154,258.00743,189.38178,251.73639,177.69639,163.7595,229.03284,160.59886,229.92131,169.66305,225.48735,,
511.62371,253,233,172,240,159,162,226,149,212,153,196,284.99452,259.60414,190.91128,253.21457,178.80679,165.10295,230.83816,161.954,230.69598,171.10775,225.368,,
511.8008,292,266,182,245,173,162,218,173,224,158,223,285.07511,260.43122,190.47,253.27978,178.89984,164.49682,231.02317,162.32565,230.30112,171.76337,224.04163,,
511.9779,309,271,189,257,184,174,250,177,226,165,221,284.73589,260.28719,190.28306,252.23316,180.03769,163.61114,231.09882,161.95662,228.96901,170.46644,223.80835,,
512.15502,301,281,216,261,189,164,249,173,271,176,241,286.36909,261.2114,190.72398,252.32309,180.33049,165.1774,232.63539,162.20379,229.67401,171.51675,224.74493,,
512.33216,293,238,173,232,162,166,252,144,218,174,229,288.43555,261.41543,190.60846,251.82668,180.74165,165.52264,233.50622,163.40567,229.43222,171.80989,225.31351,,
512.50931,282,252,180,248,175,164,224,154,230,181,237,288.99053,261.21706,189.80926,251.046,180.42633,165.75882,233.64545,162.9646,228.82034,171.30592,225.52259,,
512.68647,278,268,189,247,166,148,219,146,205,142,213,289.71021,261.26852,189.50737,250.46717,181.2046,166.65515,233.82937,163.27539,229.35879,170.81064,226.05889,,
512.86365,293,265,223,271,220,193,237,180,250,194,253,289.86339,260.73429,188.89257,249.89422,180.82172,166.75993,233.22198,162.34309,228.44601,168.77103,225.2345,,
513.04085,270,232,175,231,184,157,204,143,220,150,207,290.63847,260.70348,189.27736,249.44637,181.36741,167.23464,233.40336,161.96224,228.68063,168.45303,225.84552,,
513.21806,302,297,224,284,201,196,284,207,271,197,248,291.32071,260.63761,190.18666,248.97715,182.54135,168.54099,233.68085,162.78949,229.24707,168.14893,226.269,,
513.39528,297,263,237,271,181,173,240,175,246,177,239,291.32445,259.68527,190.76833,248.85585,181.91859,166.57775,233.87658,163.21846,228.59587,167.7927,224.94437,,
513.57252,297,256,217,259,172,192,244,168,239,184,225,292.53926,260.24884,191.95194,250.17411,183.26442,168.29776,234.40153,165.0516,229.43752,168.79404,226.41335,,
513.74977,292,264,178,271,164,156,218,144,239,155,217,292.03617,259.31897,191.16453,250.22084,182.63988,167.38932,233.81884,164.95848,228.31351,168.3013,226.23389,,
513.92704,302,271,210,273,199,179,254,178,242,192,230,290.69761,258.57788,191.52511,250.11339,181.70282,166.52137,233.20936,164.75483,227.60047,167.5992,226.23394,,
514.10433,293,252,184,239,189,188,239,172,234,161,249,289.55761,257.10578,190.38327,249.11482,180.56683,166.41104,231.31996,163.84124,226.75553,166.65517,225.94281,,
514.28163,306,260,186,244,195,152,242,152,239,206,209,290.67127,257.91015,192.1304,250.08025,180.21865,167.91687,232.50176,164.60425,227.78647,167.5341,226.21779,,
514.45895,270,222,169,224,150,138,198,142,200,137,207,290.8862,257.63578,192.3044,250.95939,179.58545,168.41179,232.82348,164.53575,228.31371,167.68722,226.81914,,
514.63628,313,281,203,268,204,175,250,185,225,180,242,291.15855,258.14,193.1405,251.65555,179.68038,168.70407,233.48232,164.58559,228.74194,169.40723,228.00949,,
514.81362,274,284,173,248,168,140,221,166,241,202,236,290.90806,257.84722,192.31933,251.62131,177.82237,167.68346,233.81542,164.02478,229.617,169.42338,228.24066,,
514.99098,312,291,208,270,233,187,261,179,238,188,244,290.5515,257.27618,191.09731,251.09817,177.1099,166.59947,233.0366,163.26334,228.72443,169.08616,227.18168,,
515.16836,271,233,162,234,152,153,201,133,208,143,192,290.7665,256.60588,191.31865,250.77922,176.89914,166.24796,233.29142,162.99169,229.25394,168.81162,227.35568,,
515.34575,308,292,205,254,206,185,253,192,244,174,239,291.06381,256.82779,191.08811,250.65492,177.1779,165.72846,233.80631,163.71284,229.06399,168.9896,227.26825,,
515.52315,288,237,175,210,169,157,212,143,193,133,192,290.22,255.84068,190.29992,249.45097,177.10822,163.97937,232.85329,163.13386,227.64393,168.24295,226.68575,,
515.70057,296,250,185,248,178,159,218,154,208,150,220,289.70758,255.08836,189.6358,248.72742,176.50101,163.40085,232.59551,162.56774,226.73893,167.31527,226.46246,,
515.87801,286,260,180,243,191,152,251,193,222,157,232,289.87116,254.70312,189.7501,249.24696,177.91155,163.65379,233.00274,163.33942,226.53107,167.54617,227.02292,,
516.05546,274,232,164,246,173,160,218,143,224,152,236,289.32981,253.34701,188.62957,248.49562,177.9368,162.82434,232.60774,163.06684,225.53899,166.58053,226.98408,,
516.23292,308,236,206,244,176,200,246,173,221,154,249,287.73148,252.54047,188.04809,248.99508,177.69632,163.13463,231.57938,163.15604,225.11303,165.8086,226.62962,,
516.4104,313,253,186,265,133,186,220,164,242,179,242,287.30619,251.7674,186.90858,248.33706,177.08295,162.45179,229.93572,162.7518,223.59585,164.38488,225.94147,,
516.5879,271,220,178,233,170,137,207,159,210,144,206,286.92777,250.53741,185.90369,248.21269,177.03198,162.30116,229.15144,162.92777,223.18687,163.55956,225.95323,,
516.76541,272,248,181,250,165,153,218,137,220,152,217,286.84337,250.26343,185.84835,248.59861,176.96435,162.30537,228.27099,163.40825,223.76407,162.09998,226.33348,,
516.94294,273,244,189,240,175,159,228,150,222,154,213,286.82369,249.48216,184.76552,247.91175,175.4567,161.98763,228.56676,163.15676,223.28327,162.07096,226.44015,,
517.12048,270,254,209,250,144,146,225,159,212,168,223,286.11289,249.44764,184.49881,248.38737,175.18607,161.72115,227.65327,162.69141,223.49514,161.94985,226.97119,,
517.29803,281,246,207,257,191,168,243,168,240,190,240,284.99092,249.18721,183.23131,248.29973,174.01092,159.92186,226.59707,161.58246,222.07441,160.60158,226.09708,,
517.4756,289,270,194,254,180,160,245,192,230,175,223,285.75082,250.26565,184.33126,250.435,175.28374,161.25674,227.46875,162.5095,223.19083,161.98981,227.63512,,
517.65319,276,243,172,268,140,129,217,154,208,173,203,284.68951,249.58756,183.66686,249.65211,175.13794,160.57184,225.71877,161.72172,222.6259,161.18166,227.03205,,
517.83079,281,260,180,238,175,175,228,152,220,160,249,284.14755,250.55039,184.83719,250.82557,175.43829,160.77465,226.62414,161.89205,223.34889,161.80824,227.04908,,
518.00841,270,249,174,255,159,143,232,142,205,160,223,283.5093,250.57464,185.64248,251.7903,174.74418,159.94249,226.39152,161.46726,223.4498,161.9757,226.3372,,
518.18604,302,276,207,266,188,193,255,194,268,192,241,283.55573,251.18354,187.55507,252.25382,174.73395,160.5871,226.76147,161.74831,223.17994,162.92494,226.48551,,
518.36368,292,236,166,248,163,156,220,153,207,165,226,282.10863,250.69607,186.89868,252.82937,173.23849,159.67703,225.29729,160.48977,223.35242,162.23437,225.16404,,
518.54134,306,270,194,258,193,175,256,169,256,184,239,281.62989,251.12066,187.86378,254.36791,173.8939,160.52774,225.85884,160.62144,224.54524,163.30506,225.66654,,
518.71902,268,227,159,232,175,142,216,148,216,148,228,281.14562,250.34997,187.81918,253.698,174.34649,160.94899,226.20497,160.60502,224.23452,162.80797,225.69558,,
518.89671,271,248,200,248,200,160,232,179,239,162,230,280.78308,250.78448,188.4883,253.6146,175.16612,161.35387,226.35901,160.23226,225.35247,164.31246,225.28981,,
519.07442,276,252,165,236,173,149,207,152,213,114,208,279.16415,249.55598,187.19199,252.21384,173.62393,159.81941,225.18322,158.43981,223.96385,162.79725,223.07287,,
519.25214,266,236,186,239,197,153,210,150,210,159,200,280.16592,250.55562,188.29174,252.54506,174.25391,160.35525,225.88274,158.82736,224.7373,163.13722,223.22777,,
519.42987,305,245,211,255,221,180,239,176,238,160,245,279.80817,251.82342,187.55048,252.8838,174.3926,160.0559,226.39265,158.41677,225.25206,164.51326,223.01364,,
519.60763,291,255,182,267,187,172,230,178,222,169,234,280.7739,253.48119,189.96566,254.21674,175.86525,161.17092,227.8527,159.2201,226.36504,166.20775,223.82251,,
519.78539,290,239,216,260,170,164,222,154,217,158,238,279.94498,253.04517,189.63872,253.96134,175.72878,160.78616,226.87708,157.58341,225.79816,166.13106,222.80776,,
519.96317,293,264,184,285,193,191,226,170,241,174,234,281.14111,255.1759,190.53999,254.94161,178.03402,162.09814,228.76493,158.87515,227.43231,167.68966,224.01298,,
520.14097,282,262,198,297,201,168,218,168,239,179,230,280.42354,254.3292,189.859,253.57243,178.4628,161.72763,228.00849,158.57945,226.5298,166.95862,222.22266,,
520.31878,254,253,161,230,131,132,186,140,204,150,193,280.40198,254.6445,189.60244,252.90867,179.35061,162.21221,227.67825,158.94292,226.56228,167.0227,222.49904,,
520.49661,276,266,194,264,161,190,202,161,235,157,244,280.21461,255.24306,189.34732,252.59508,180.14632,162.77857,228.14451,159.99459,226.56269,167.1812,222.78964,,
520.67445,283,236,174,229,156,138,227,136,208,158,205,280.21561,255.84992,189.2138,252.7489,181.78688,163.8817,227.9877,160.10759,227.68858,167.28442,223.01314,,
520.8523,278,266,200,271,178,169,239,175,256,184,239,280.20302,255.97144,190.07604,252.8819,182.34544,165.93622,227.89599,160.57168,227.47412,166.54312,223.15457,,
521.03018,296,294,204,268,169,164,245,163,222,172,212,281.7337,257.57725,190.84131,254.4281,182.31783,168.2471,228.68378,161.6389,229.68527,168.60414,225.18694,,
521.20806,282,282,204,258,175,148,255,150,238,210,218,281.68357,257.09425,190.64035,254.10904,182.5972,167.94013,228.20478,160.6811,230.16777,168.3955,224.49097,,
521.38596,272,260,199,266,198,159,224,142,225,165,215,282.07857,256.32055,190.37804,254.19966,181.66484,167.86672,227.85599,159.92697,230.35194,168.33348,223.90306,,
521.56388,283,246,175,240,168,154,239,154,211,178,207,282.32461,256.5025,190.48481,254.26952,181.9123,168.16669,227.60389,159.59945,230.87245,168.61089,223.43111,,
521.74181,292,271,218,256,188,190,239,165,239,182,229,283.56524,257.786,191.97123,255.71395,182.22406,168.95801,228.45025,160.48832,231.55009,170.21724,224.03735,,
521.91976,239,223,176,201,161,129,188,127,196,140,185,282.82047,257.20318,192.05654,255.44447,181.92113,168.64627,227.90899,158.88847,231.54434,170.9125,223.35693,,
522.09772,271,244,188,255,176,160,239,143,221,169,207,282.96,258.17511,190.72185,255.33131,182.48314,168.35815,228.12265,159.84154,231.93194,171.60056,222.81839,,
522.2757,284,254,175,242,181,172,233,177,232,169,226,282.81807,257.94383,190.07719,254.98032,181.30932,167.53027,227.60783,159.19724,231.29407,172.6561,221.86389,,
522.45369,285,257,209,239,200,192,235,174,236,169,248,282.88786,258.89449,189.87393,254.41102,181.15484,167.50114,227.69655,157.98267,231.38257,173.22494,222.26263,,
522.6317,262,229,158,245,169,168,221,145,248,151,207,283.27869,259.41217,189.38522,253.83336,180.44266,167.38479,227.74196,156.99305,230.50051,173.03812,221.50846,,
522.80972,310,275,207,256,212,190,260,172,239,178,249,284.4317,260.72056,190.13681,254.62792,181.57745,167.7966,229.27006,158.48033,232.20306,174.24367,221.93902,,
522.98776,293,256,187,228,178,156,232,160,210,157,200,283.99672,260.26848,188.85803,253.56269,181.03459,167.48601,228.66325,157.85841,231.31919,173.78432,221.98528,,
523.16581,288,282,198,270,178,185,228,162,257,182,237,286.05561,262.13443,189.88614,253.82783,182.57675,168.50586,231.14374,158.84151,232.99651,175.27973,223.64878,,
523.34387,302,252,175,256,174,152,241,154,218,164,213,286.12025,260.65503,188.90817,252.70622,182.06077,168.22093,231.16666,158.42685,232.41851,175.11776,223.94258,,
523.52196,314,269,225,281,211,203,243,192,266,202,273,285.34236,259.65245,188.30528,251.34909,181.58065,167.16852,230.54182,158.55424,231.43557,173.94978,224.19824,,
523.70005,271,253,180,270,196,173,232,165,218,186,233,284.58255,258.98587,186.85877,250.05959,180.17699,166.66672,229.15887,158.46271,230.71331,172.11303,223.81542,,
523.87817,278,252,214,253,180,166,209,178,245,181,245,284.64131,258.9026,186.19876,249.28041,180.70661,165.71093,228.38431,158.60053,230.24148,171.72205,223.75888,,
524.05629,271,252,140,242,207,165,216,153,226,163,223,285.35745,258.00498,186.05538,248.4719,182.48096,166.41491,228.52017,159.04394,230.92306,171.04539,224.92455,,
524.23444,292,268,181,260,187,185,239,191,255,179,232,285.41453,258.07624,185.20818,248.4073,182.54051,166.03658,229.06118,160.10784,230.59288,170.74321,225.76933,,
524.41259,260,242,180,236,157,162,191,153,218,153,200,285.57215,256.21948,185.89474,246.85576,182.33369,165.4748,227.95087,160.23149,229.66495,169.87626,226.53881,,
524.59077,308,293,205,268,184,195,238,158,253,188,253,286.19144,255.70119,185.85284,247.22499,182.58971,166.32698,228.2128,159.65519,229.47718,169.03146,227.07237,,
524.76895,298,270,202,282,177,170,228,142,234,176,208,286.97064,255.21138,186.24857,249.01509,183.46071,165.99309,227.97592,160.12886,230.0817,169.69517,227.01463,,
524.94715,298,274,198,268,196,158,236,158,249,179,217,286.61813,255.04784,185.10338,247.80101,181.86342,164.70364,227.20872,159.78921,229.90518,168.76151,226.82713,,
525.12537,280,245,174,255,149,143,226,139,212,175,224,286.14168,256.02831,184.94054,248.46812,181.52114,165.23803,226.09882,159.57299,229.98322,168.20943,228.01925,,
525.3036,319,261,179,252,186,150,255,154,254,207,245,286.64584,255.4242,184.24922,248.39108,180.77911,164.67225,226.36766,158.95089,229.57351,168.04394,228.75719,,
525.48185,280,223,160,222,157,128,200,122,192,137,175,286.91338,254.33713,184.57154,249.36556,180.58094,164.42624,225.8645,159.30316,229.48443,167.14705,229.24322,,
525.66011,294,254,180,249,176,164,224,185,213,175,227,287.10666,255.77889,184.73311,250.44449,180.95943,164.68029,225.96949,159.50923,229.39437,166.89132,229.28676,,
525.83839,278,291,182,249,213,169,227,156,229,175,233,287.24365,256.06308,184.45525,251.22818,180.19158,164.01873,226.47994,159.20875,229.16433,167.56848,228.82933,,
526.01668,281,256,175,236,185,161,233,150,217,162,224,286.86561,255.78872,184.67655,252.37978,180.29514,163.84915,227.10696,158.73055,229.45294,167.74187,229.20497,,
526.19499,237,224,145,190,145,125,189,111,195,124,193,286.39514,255.18231,182.57865,251.35679,178.51929,162.49313,227.24669,157.72559,227.68672,167.61546,227.83834,,
526.37332,312,277,191,249,210,181,254,205,244,175,255,287.33274,256.32667,183.53994,252.1531,178.01543,162.98944,227.9385,158.14077,227.74283,168.14872,227.9344,,
526.55165,294,250,234,240,173,175,237,150,223,163,239,286.44941,255.05284,183.5592,250.36476,177.32621,161.39509,227.04847,156.746,226.29199,166.75123,226.8597,,
526.73001,292,264,193,264,188,159,236,169,234,147,233,287.21858,255.22546,183.78065,251.27711,177.88725,161.58506,228.88691,157.49072,226.22628,167.76593,226.95903,,
526.90837,290,239,184,242,185,176,226,189,218,146,235,287.23224,255.14145,183.83664,250.39122,177.86874,160.55356,229.23645,158.24877,225.35099,167.32834,226.89137,,
527.08676,265,239,185,258,186,145,232,173,232,168,254,287.35224,255.27792,185.28617,249.52581,178.46135,161.01311,230.21516,159.68955,225.76924,167.41154,227.5428,,
527.26515,268,237,175,222,148,177,206,142,207,153,237,286.25129,253.8159,184.05916,248.85655,177.96713,160.24019,229.793,158.8973,225.59931,166.40227,226.86858,,
527.44357,316,255,203,267,175,168,245,175,234,185,239,287.48733,254.31998,185.26522,249.19248,178.61046,160.78468,231.78903,160.31099,225.67886,166.31104,227.3174,,
527.622,248,205,149,232,128,140,175,136,194,138,197,286.81284,254.03429,185.22118,248.22175,178.50894,161.05463,231.0962,160.58042,224.24857,165.42694,226.93726,,
527.80044,274,271,175,250,175,146,214,160,229,154,232,286.40617,253.93277,185.30272,248.18306,177.95175,161.53707,231.3774,160.79735,224.42508,165.37174,227.12057,,
527.9789,304,276,202,274,202,188,253,175,270,202,238,287.43729,254.11928,185.76142,248.72255,178.4736,162.09522,232.33305,161.36769,224.80024,166.03989,227.20802,,
528.15737,311,271,197,261,213,158,258,158,240,175,239,288.69913,253.41949,187.27366,249.67997,179.48939,163.35006,233.74339,162.78919,225.26578,166.31446,228.67014,,
528.33586,272,232,190,244,175,175,241,145,226,165,216,288.22764,253.28071,187.73866,250.65075,179.46343,163.8318,234.20152,163.55825,225.3174,167.0014,228.49501,,
528.51436,288,264,201,260,160,145,241,160,212,174,217,288.02014,253.12625,189.26479,251.18558,179.86854,164.41675,234.05056,164.67136,226.24628,167.73349,229.80987,,
528.69288,301,239,200,249,188,175,220,143,229,170,218,287.72224,253.4637,188.664,251.9128,181.18417,165.18034,234.37693,164.40619,227.13054,168.20433,230.55976,,
528.87141,301,288,185,299,181,176,271,150,244,178,226,288.42893,253.80736,189.12691,253.59469,182.7571,167.01923,235.77329,166.71424,229.33745,169.25278,231.73408,,
529.04996,292,271,179,269,190,158,232,193,246,196,233,287.78983,254.10456,190.19196,253.35002,182.68355,167.73565,235.2914,167.81243,229.46329,169.53184,231.74319,,
529.22852,276,272,177,241,182,179,241,161,220,152,254,288.1538,255.6766,191.80838,254.29045,183.36325,169.32873,235.86299,167.84401,230.78718,170.82342,232.97486,,
529.4071,282,253,190,280,195,175,222,160,207,175,221,287.51693,255.64878,192.14567,255.27826,182.66482,169.31509,235.20771,167.34125,230.29185,170.68321,231.12166,,
529.5857,306,224,188,252,177,172,243,177,225,166,223,288.58269,257.64717,193.8024,257.48094,184.04455,170.03348,236.52157,168.67342,231.4734,172.15194,231.19713,,
529.7643,280,242,185,240,181,157,218,166,211,149,196,288.14442,258.55102,194.56928,258.39435,183.24848,170.74249,237.44658,168.73508,231.88654,173.3536,231.88337,,
529.94293,281,289,175,244,182,175,258,173,249,201,236,289.35618,259.59664,195.23303,259.06752,184.34531,170.77682,238.64885,169.49743,233.45797,175.5828,232.74874,,
530.12157,303,237,186,239,149,153,250,170,218,172,225,289.63317,258.66455,194.61003,258.0427,183.22995,169.55421,238.48284,168.08129,231.97785,175.55514,230.6994,,
530.30022,294,270,206,239,190,165,254,176,239,184,248,290.57098,259.93592,195.80018,258.80761,183.60375,170.18789,238.90593,169.86711,232.00025,176.2752,231.39068,,
530.47889,302,273,189,234,186,156,222,174,208,160,216,290.50518,261.34583,195.583,258.64454,183.71965,170.36905,238.77012,169.85655,232.16904,176.45609,231.33681,,
530.65757,319,273,250,284,225,191,255,207,263,184,267,289.86754,261.73506,194.91624,257.59175,183.16315,169.49134,238.48017,168.92808,231.87669,175.91959,230.64914,,
530.83627,283,239,198,240,208,168,241,175,232,169,243,288.26802,259.9723,191.79746,254.22762,181.15686,167.40676,235.97952,166.2422,229.67424,173.40243,228.5011,,
531.01498,287,271,191,269,189,178,242,200,239,193,237,289.27264,261.43281,191.94784,253.92675,181.40578,168.55922,237.23828,167.41256,230.04014,174.1514,230.48121,,
531.19371,253,238,196,226,157,143,194,139,212,136,212,290.2454,262.52971,193.11602,253.43958,181.71707,169.2434,237.16462,167.24025,229.71825,173.94514,230.84734,,
531.37246,286,253,188,273,178,197,236,170,250,183,233,290.66088,262.97499,193.8694,253.99744,182.1612,169.2858,237.19375,167.06582,229.59184,173.89526,230.78575,,
531.55121,282,247,174,271,177,173,216,145,211,166,233,290.25434,262.67909,194.08005,253.85866,182.77929,169.14981,236.95316,168.06632,229.06904,173.18408,229.73941,,
531.72999,298,271,214,272,183,197,249,192,245,184,238,290.26787,262.48078,194.43346,253.05728,184.17201,169.32218,237.34452,169.28569,230.2446,173.72486,231.01635,,
531.90878,265,250,181,250,190,181,207,144,232,181,244,289.41931,261.54407,193.4215,251.55283,183.2229,169.33167,235.68914,168.87014,229.19563,172.80921,231.40497,,
532.08758,316,259,206,265,185,158,275,170,256,189,223,289.92371,261.11119,192.83807,251.63582,183.32411,169.0537,235.49686,168.98213,228.92054,173.64088,231.0455,,
532.2664,307,284,218,278,202,181,243,175,254,189,239,288.36062,257.90401,191.43582,250.01753,180.80011,167.14012,232.28476,167.76874,226.44932,170.61702,229.30349,,
532.44523,274,248,184,248,160,145,235,154,210,146,217,287.90344,258.33767,191.69041,250.18449,180.62495,166.75864,231.47559,168.53272,226.62765,170.37389,229.62796,,
532.62408,280,299,201,262,180,173,223,164,258,200,232,288.77121,258.61786,192.61292,250.85164,180.58373,166.93144,231.49702,168.8166,228.44418,170.78351,230.00179,,
532.80295,297,270,196,256,207,175,246,162,229,178,255,289.42966,257.45303,192.4714,250.81309,181.17273,165.72074,231.76874,167.53331,228.72896,170.53566,229.30347,,
532.98183,294,271,197,256,180,166,244,165,226,175,220,289.30581,255.94432,191.96317,249.93986,180.08177,165.19896,231.42597,166.01425,228.42637,170.31335,228.80097,,
533.16072,288,254,194,236,178,158,232,190,207,166,216,289.51544,256.40277,193.13839,250.76405,179.4685,164.29511,231.97463,165.43378,228.24442,170.26019,228.23065,,
533.33963,272,271,194,216,149,140,216,143,187,161,207,290.68144,255.7636,194.31713,250.79676,179.66088,164.33192,231.39045,163.91116,228.72335,170.92118,227.73057,,
533.51855,281,246,169,253,169,153,226,144,217,158,208,291.6014,256.67605,193.47041,252.52909,180.43154,164.33652,232.60001,163.12625,229.47014,170.90949,227.2386,,
533.69749,294,254,172,244,166,157,233,184,210,156,216,291.79345,257.00326,192.83008,252.35276,180.63621,163.4261,232.29172,163.35949,230.17996,171.81655,226.37235,,
533.87645,325,293,216,261,207,192,268,188,257,196,280,292.11328,257.58839,192.093,253.03205,180.86432,163.63648,231.81997,163.17427,230.51899,170.94935,227.21033,,
534.05542,271,232,170,207,157,157,210,139,220,146,225,291.90795,257.06696,191.16505,252.99785,180.74543,163.73746,230.73617,161.29292,228.75223,169.87409,226.36599,,
534.2344,304,236,172,234,180,136,208,157,207,148,207,292.76471,256.31564,190.59782,253.33711,180.78695,162.97459,230.77284,160.98394,228.14569,168.83787,225.08467,,
534.4134,291,243,175,237,147,159,226,142,207,145,220,292.04926,255.15629,190.19516,253.02856,181.31994,162.49546,229.5341,160.32288,227.14157,166.68228,223.39351,,
534.59242,286,269,195,262,189,175,214,178,248,148,246,292.78156,256.32719,189.20646,253.12437,182.48377,162.70022,230.22632,160.43186,228.07864,167.68647,223.46314,,
534.77144,276,219,146,224,153,143,210,128,214,155,198,292.59125,253.87279,187.92226,252.0034,181.18043,161.46404,230.05776,159.64359,227.15683,166.58973,222.41691,,
534.95049,293,250,190,253,201,161,228,157,222,174,226,293.38477,252.98636,187.93549,251.29826,181.65206,161.03887,229.81037,159.4097,226.22222,165.52921,222.46273,,
535.12955,317,252,197,271,204,191,239,181,224,188,239,293.54647,253.58713,187.38184,250.04208,180.34279,160.54817,229.24655,159.29464,225.2931,164.2524,221.33654,,
535.30862,304,293,251,303,216,197,270,200,266,219,257,295.56663,255.60568,189.72835,252.15928,183.59958,162.95203,230.87884,162.16315,227.15568,165.33611,223.86469,,
535.48771,289,237,187,257,210,141,206,165,230,159,175,294.98226,254.23369,188.88086,250.6124,184.38214,162.04908,230.71546,161.46277,226.72092,164.11853,223.2962,,
535.66682,273,218,200,253,175,149,234,157,234,179,210,295.4052,254.92645,188.60126,251.06034,184.44282,162.53333,230.85008,162.81438,227.23919,164.48869,224.02095,,
535.84594,289,250,177,240,185,152,230,175,240,154,217,295.20043,254.36341,188.96195,249.30037,184.32377,161.99076,229.83184,161.95425,227.09346,163.53661,223.39745,,
536.02507,318,248,184,239,177,175,228,158,239,169,255,295.67777,253.88013,189.99896,250.12836,184.62599,163.40776,229.67007,161.77857,227.98018,163.74779,223.81048,,
536.20422,278,239,177,278,149,130,209,134,192,143,198,296.32975,254.49562,190.73034,251.3953,185.59569,163.48604,229.45417,161.78824,228.22232,164.12818,223.92022,,
536.38339,306,257,212,267,185,163,249,153,238,173,210,297.40855,255.58427,192.23153,252.19763,185.74853,164.63403,230.24433,163.05015,229.41666,165.02501,224.64133,,
536.56257,312,256,231,258,172,165,239,166,239,143,239,296.42067,255.77567,192.10904,252.25086,185.61392,165.41539,229.19901,162.64554,229.10077,165.16515,224.67111,,
536.74176,317,299,207,283,210,193,271,171,276,228,245,298.00247,256.33425,193.52905,253.53396,186.3051,166.13285,230.4319,163.02736,230.23833,166.67952,225.53929,,
536.92097,303,240,170,239,173,143,223,121,221,148,207,298.34995,256.03577,193.49367,254.13097,186.29693,165.75673,231.21964,162.82124,230.02723,166.29738,224.97948,,
537.1002,288,251,169,245,197,164,232,147,207,173,209,297.2618,255.78144,193.62341,254.44284,185.24866,165.23645,230.11078,162.43476,228.71521,165.20413,224.38205,,
537.27944,306,302,200,258,194,184,232,184,232,172,249,297.45464,257.46628,193.84401,254.77168,184.76774,165.45464,229.87852,161.98195,229.76602,166.36977,224.02947,,
537.45869,295,280,208,271,220,181,239,180,240,160,221,297.94768,258.1511,194.40295,255.56857,185.68262,166.04947,230.301,161.5505,230.22059,167.5392,225.17421,,
537.63796,298,244,161,228,190,164,208,162,220,161,221,298.48189,259.90276,194.32461,256.48098,186.52438,166.90675,231.40757,161.39453,230.98793,168.69732,225.14954,,
537.81725,278,253,155,240,190,160,221,175,210,128,216,298.53741,260.59643,195.20605,256.54262,185.78844,167.56889,231.58624,161.90034,230.59227,169.24198,225.04088,,
537.99655,286,249,207,233,162,163,210,153,214,154,221,298.51994,262.37301,196.83583,256.1234,185.86364,167.75433,231.97377,161.85959,229.35385,170.00251,224.75999,,
538.17586,303,255,194,274,189,177,223,161,218,140,242,298.55797,262.67906,197.42248,256.54146,186.03835,168.5869,232.31532,161.43972,228.99452,170.52676,224.9183,,
538.35519,281,249,193,216,181,161,238,143,202,153,208,297.47091,262.24544,196.36137,255.46943,184.44624,166.63909,231.29937,161.13298,226.85563,169.36239,223.0547,,
538.53454,302,269,213,280,209,162,241,200,258,182,233,298.4905,263.75023,197.14261,254.67879,184.8802,166.93468,232.89646,162.33507,227.12958,169.86657,225.06098,,
538.7139,291,244,201,244,189,192,224,168,238,174,252,298.04249,264.30728,197.34331,253.66511,184.7908,167.74212,232.48461,162.679,226.8872,170.04329,226.14616,,
538.89327,321,271,192,252,175,170,242,171,237,196,239,297.53274,263.87714,196.47541,253.10338,184.64679,167.35722,231.57211,161.95497,225.77315,169.09792,225.26843,,
539.07266,271,240,200,239,150,165,217,152,208,142,217,296.25452,263.79592,195.57349,251.99178,182.71626,167.93536,230.16075,162.04691,223.62665,167.71879,225.53881,,
539.25207,325,316,222,274,195,194,242,181,240,187,245,295.0783,264.30177,195.94288,252.44203,183.28916,168.47564,229.82314,163.06707,224.07857,167.3659,226.77368,,
539.43149,286,305,202,260,173,181,256,172,266,205,235,293.86575,263.25466,193.94881,250.26324,181.12553,167.85214,228.02494,161.35609,222.96349,166.22839,225.76754,,
539.61093,318,265,207,273,234,175,239,169,238,195,246,294.34766,263.04383,194.7939,250.40422,182.23557,168.57621,228.84584,161.97128,223.27378,166.64282,226.99719,,
539.79038,276,216,174,207,121,108,196,100,197,139,172,295.11735,263.38261,195.12949,251.02603,181.50026,170.05765,228.65863,162.74611,224.01262,167.03715,228.01549,,
539.96984,332,296,239,288,189,197,244,191,246,204,256,294.90677,264.0569,196.50776,251.92118,181.19119,170.86446,229.46232,163.83581,224.44504,168.22338,229.41179,,
540.14932,305,261,220,253,200,164,239,153,223,181,210,293.63664,262.80955,196.34508,250.70862,180.31235,169.27826,227.37373,162.32411,223.72434,166.90509,227.09882,,
540.32882,288,271,207,287,173,162,228,168,216,169,229,293.70674,262.38366,197.16922,251.19074,181.11081,169.85868,227.86697,162.40875,224.9501,168.56303,227.97726,,
540.50833,292,284,175,248,175,148,238,176,217,175,213,293.6551,262.18716,197.3791,250.11418,181.17894,169.41605,227.92736,163.20603,225.36569,168.75155,228.47342,,
540.68785,278,239,164,232,146,172,218,143,196,152,223,295.12336,262.63225,198.23969,250.4425,181.644,170.96618,228.7236,163.74317,226.89268,170.32223,230.51138,,
540.86739,275,243,173,250,175,164,214,145,191,150,207,293.97354,261.14027,197.22059,250.83359,180.69934,169.86086,227.58518,162.50789,225.45204,169.43408,229.41867,,
541.04695,309,250,194,255,193,165,232,152,228,174,239,295.67859,261.15502,198.23364,252.18945,180.73456,169.97694,228.26345,162.59983,226.25124,170.7161,228.97089,,
541.22652,271,243,164,227,160,143,224,148,204,136,189,295.55827,260.99103,199.04954,252.26272,180.26168,170.03375,227.73836,163.14003,226.6163,170.03244,229.74378,,
541.40611,306,302,230,266,203,206,210,175,254,205,254,296.27366,262.4926,200.41306,253.48003,181.32963,171.49084,229.35792,164.19772,228.54235,172.7708,231.27806,,
541.58571,325,271,196,249,200,180,270,162,254,192,238,296.13409,260.68711,199.26843,252.66831,180.35319,170.36601,229.20449,162.38067,227.96691,171.6862,230.21514,,
541.76532,286,260,212,264,202,185,232,175,226,173,248,296.55786,260.893,199.10501,252.85187,180.78548,171.25416,229.87692,162.29969,227.5478,171.88883,230.44422,,
541.94496,290,271,199,244,186,179,234,175,220,154,226,297.59945,262.65646,199.62425,253.39614,180.5225,172.27973,230.82237,163.13493,228.23181,172.64269,231.24716,,
542.1246,284,237,226,239,162,163,210,171,204,150,234,298.19355,264.39795,200.74935,255.10911,182.66049,173.42465,232.10945,164.47865,229.43949,172.82065,231.46103,,
542.30426,292,254,194,245,214,160,229,179,220,160,233,298.83671,264.5917,199.5411,254.91821,183.95644,173.4898,232.17466,164.66219,230.03001,173.05552,231.15477,,
542.48394,273,232,166,234,154,153,202,152,222,144,228,299.52925,265.47478,198.45521,255.375,183.77447,173.57084,232.99801,166.09937,230.61879,172.4003,231.62176,,
542.66363,272,254,169,236,161,136,207,161,216,143,209,299.133,265.28993,198.71306,254.22893,183.72094,173.94075,232.49525,166.529,230.69739,171.83313,231.55419,,
542.84334,322,288,224,278,216,236,261,201,270,197,287,299.73796,265.64405,200.30075,255.94643,185.48049,174.38311,232.79784,167.11783,231.71793,171.45374,232.62321,,
543.02306,286,268,210,292,193,207,213,162,242,187,230,299.58386,266.07284,201.2514,255.86894,186.23636,174.25176,233.62649,167.4946,231.80631,171.91098,232.05597,,
543.20279,280,239,184,245,159,159,223,140,226,149,210,300.64561,267.06868,202.77472,256.93599,188.62629,174.07273,234.62654,169.43972,233.03289,172.7026,232.95508,,
543.38254,314,271,219,249,178,174,234,192,241,185,258,300.60389,266.49743,203.56511,257.64076,189.71555,175.64676,234.85569,169.90865,234.07432,172.39208,234.66045,,
543.56231,333,264,224,268,203,160,271,148,278,197,233,301.93363,267.39627,204.64747,258.75252,190.81035,176.62733,235.76289,171.27131,235.37034,174.04686,236.32556,,
543.74209,330,271,202,239,156,177,224,149,236,163,228,302.11144,266.32465,205.24134,259.28784,190.75981,176.74482,234.29149,171.71229,235.36327,172.82412,236.33117,,
543.92189,324,273,232,290,210,185,269,191,259,195,258,303.04772,268.05823,206.62443,260.33233,191.26089,177.87628,234.76944,172.45265,236.45523,173.07321,236.7062,,
544.1017,282,273,175,239,144,154,196,137,218,162,208,303.21527,269.89547,207.34972,260.94154,190.79685,178.1579,236.31829,172.58327,238.40357,174.1516,236.65184,,
544.28153,296,255,196,239,212,157,239,153,200,179,227,304.25425,269.41793,207.64196,261.81963,192.20718,178.18888,236.54801,172.8376,239.28873,175.23362,236.64497,,
544.46137,321,289,222,268,221,192,243,166,255,193,237,303.73544,268.00566,206.22207,261.00143,190.26091,175.82135,235.81254,170.82124,238.10909,174.48092,234.66024,,
544.64123,349,306,219,305,250,225,285,230,268,230,285,306.04161,269.41625,208.74369,263.11452,190.51623,177.25742,237.05903,172.33894,239.63877,176.49831,235.96892,,
544.8211,288,256,200,248,164,159,228,175,208,153,208,305.79397,269.07244,208.72264,262.85433,190.68631,175.74162,236.98845,170.67204,238.69918,176.56019,234.51073,,
545.00098,304,275,196,289,197,194,239,171,242,176,222,306.54103,270.09987,209.29344,265.02908,191.01434,175.46076,237.55979,171.194,238.69302,177.23183,234.76964,,
545.18089,281,248,175,239,175,148,210,164,204,140,206,308.08363,272.24519,209.60919,265.45614,191.0959,173.92799,238.73143,171.95035,238.92904,178.47231,234.29376,,
545.3608,331,303,229,277,190,189,254,200,255,194,255,307.83827,272.47122,208.91653,264.55566,190.40585,173.5274,238.61299,171.52789,238.02261,178.24166,233.96655,,
545.54073,260,271,197,237,190,178,234,174,224,148,244,307.96523,272.45566,207.95418,264.97823,189.72235,172.74076,238.36384,170.36073,236.64484,177.92639,232.39593,,
545.72068,329,276,230,273,194,182,271,172,242,181,232,309.15235,272.77007,207.96519,266.1894,190.64409,172.31878,239.15819,169.90118,236.56685,178.48194,232.18687,,
545.90064,313,266,194,265,181,164,239,160,233,152,213,308.00571,272.51161,206.36202,265.59147,189.54799,171.20691,238.35006,169.27088,234.67773,175.92421,230.6534,,
546.08062,335,326,244,296,217,203,257,207,271,207,264,308.70006,274.01857,206.98217,265.84897,190.00553,171.71299,238.34855,169.70602,234.8706,176.87125,230.98763,,
546.26061,304,271,209,271,197,153,240,172,255,192,220,309.55856,274.09615,205.73768,265.47104,190.51014,171.55165,239.34637,169.41897,235.31235,177.09214,230.61537,,
546.44062,301,272,216,274,224,166,231,179,244,175,240,310.13495,273.40898,205.70099,266.2781,191.33464,171.39378,239.97071,170.25018,234.33521,176.01402,231.03839,,
546.62064,306,255,206,250,175,159,226,161,237,183,234,310.09656,273.12465,205.60559,265.85048,191.28898,171.3806,239.83243,170.50486,234.01099,175.48341,230.52592,,
546.80068,308,270,239,271,175,178,234,184,239,182,252,309.28463,271.90308,205.5712,265.0685,190.58855,170.38508,238.56903,170.53229,233.07481,174.04034,229.57571,,
546.98073,283,251,226,258,229,172,216,155,226,175,219,309.36764,271.37009,205.46864,264.57399,192.25604,169.87424,238.06614,170.29545,232.84203,173.44837,229.16936,,
547.1608,325,280,233,306,200,162,246,165,244,194,239,308.50026,270.20111,203.27477,263.46468,191.87035,169.01975,236.6585,170.17763,231.94231,172.27086,228.86016,,
547.34088,310,266,174,253,162,172,229,165,212,170,221,306.53691,268.88971,201.91778,261.27738,189.92641,166.44257,234.96213,169.49077,230.99468,170.202,227.12879,,
547.52098,314,253,188,252,185,175,224,149,220,146,241,307.81166,270.2699,203.05708,262.29824,192.22105,168.67866,236.08985,170.87481,232.69424,171.36664,229.39908,,
547.70109,292,249,185,276,156,176,220,150,236,158,213,306.95993,269.88471,202.56416,263.14958,192.04906,169.1034,234.44391,170.43664,232.60459,170.91479,227.9535,,
547.88122,318,274,196,254,179,145,227,170,225,188,202,306.59474,269.04598,201.8617,262.95171,191.29373,167.91644,234.01764,169.89381,232.18863,169.8298,226.35016,,
548.06136,304,248,172,244,161,139,220,141,214,144,186,305.93019,268.23912,201.6194,262.25235,190.23615,167.79678,233.0571,169.84129,232.06147,169.26016,226.58167,,
548.24152,291,281,191,245,166,158,278,148,225,185,214,307.21835,268.04369,202.40277,262.75565,190.90344,166.84371,233.93515,169.40619,233.2384,168.82351,226.66833,,
548.42169,319,265,185,261,188,151,241,165,216,180,228,308.18542,266.51018,201.45947,261.95841,189.78407,166.2748,233.26161,167.9164,232.70407,168.54611,226.57363,,
548.60187,309,258,186,264,200,168,221,180,214,175,235,308.89959,266.81639,202.45849,263.41951,190.39133,166.65229,233.73984,168.52162,232.98267,168.46119,227.46547,,
548.78208,313,303,205,271,204,172,252,176,224,170,249,308.84835,267.01957,200.9783,262.41027,188.40175,165.68633,232.483,166.76763,232.86802,168.51698,227.11486,,
548.96229,326,286,231,260,207,182,241,180,252,175,241,309.34941,267.33072,200.86018,262.25031,189.37854,165.52957,233.22752,166.5693,232.19244,169.35376,227.23717,,
549.14253,287,270,162,237,197,136,218,146,207,143,209,310.30553,267.69573,200.09479,261.59931,190.19937,165.32119,233.00424,165.9036,232.7074,169.81048,226.87683,,
549.32278,353,300,234,285,216,205,260,220,270,189,258,312.14399,269.16546,200.18458,262.62049,191.57086,167.04637,234.66382,167.98081,233.93069,171.86285,228.57745,,
549.50304,306,266,207,239,186,162,229,164,233,157,218,312.83667,269.50826,200.69913,262.25353,192.17473,167.94288,235.74933,168.82174,234.24569,171.85678,228.8498,,
549.68332,278,240,180,259,194,188,216,164,222,139,223,313.9231,270.09617,200.52644,263.2217,193.60726,168.40789,236.03611,168.91429,234.95228,172.26864,228.98521,,
549.86361,320,255,194,287,186,173,237,169,234,160,224,313.68267,268.79177,199.95989,262.55598,193.2849,166.89293,235.31353,169.02985,233.84795,171.3056,227.61555,,
550.04392,300,260,205,259,211,178,234,194,238,154,248,315.23803,270.26981,200.80842,262.68307,194.25944,168.09497,236.37657,170.79338,234.85911,172.27763,228.89207,,
550.22424,294,249,188,233,174,165,212,176,226,142,234,314.14145,270.27822,200.59902,261.73093,194.96433,169.49795,236.3435,171.65927,234.70706,171.60429,229.98421,,
550.40458,334,254,207,260,207,161,257,175,262,207,225,316.00591,271.68097,201.94623,262.892,196.17301,171.77714,238.10888,172.92172,235.941,173.14823,231.32458,,
550.58493,306,251,196,268,198,168,212,164,244,159,223,315.33638,270.63136,200.62069,261.92917,195.2897,171.17808,236.89248,171.90018,234.20261,170.88641,230.66135,,
550.7653,323,271,229,274,197,168,237,175,241,175,233,316.2097,272.90004,202.37561,263.57147,196.40678,173.83318,237.70024,173.59519,235.81649,172.51926,233.21627,,
550.94568,294,288,207,248,191,175,213,148,266,206,217,316.13108,273.45263,202.92759,263.51757,197.64935,174.3018,238.54148,173.90274,237.14621,173.48343,233.94385,,
551.12608,315,289,196,268,207,166,239,166,239,170,226,316.78896,273.96969,203.59523,264.44105,199.14297,175.41602,239.46517,174.62758,238.6322,174.60513,235.34214,,
551.30649,335,288,224,273,205,184,253,170,240,195,250,316.73839,273.65424,202.91264,263.8621,197.81467,175.29573,239.45818,174.46155,239.43272,174.87506,235.64226,,
551.48692,312,280,197,267,176,163,246,190,227,175,233,317.15849,273.88378,204.49901,263.99567,196.42314,175.66448,239.5534,175.20628,240.18379,175.383,236.64792,,
551.66736,322,276,238,274,182,163,248,159,249,175,224,316.1487,274.37709,206.80353,264.27962,197.78321,176.02548,239.24594,174.31758,241.13085,176.62253,237.17808,,
551.84782,357,301,209,313,239,201,260,185,243,201,252,317.24046,275.37027,207.8742,266.17067,199.443,176.03105,239.84566,174.62561,242.25704,177.83495,238.53702,,
552.02829,298,244,175,248,150,140,218,157,206,144,196,317.33172,275.85533,208.00621,265.62128,198.82382,175.90716,239.81064,174.57523,242.15896,178.84582,238.70205,,
552.20878,334,284,217,271,211,180,265,182,240,191,271,318.50549,276.44282,209.02929,266.12177,199.95859,176.82448,239.99429,175.12927,242.84011,179.10537,240.17448,,
552.38928,308,268,197,261,196,192,232,160,235,175,261,317.99599,275.98009,209.1251,266.29092,198.84552,177.70726,239.43754,174.19785,242.81633,178.86928,240.22895,,
552.5698,353,298,216,280,224,172,261,196,240,194,252,318.26499,275.98396,209.63904,267.06392,198.24005,176.0147,239.4813,174.02215,242.98487,179.90815,239.13998,,
552.75034,312,272,189,258,193,187,241,167,238,210,237,317.3685,275.13128,208.93982,266.09559,196.58348,174.61394,238.23751,172.62189,241.84899,178.4866,237.56393,,
552.93088,325,329,228,271,205,194,250,202,261,175,239,317.10077,276.1596,209.40024,266.00032,195.66606,175.30338,239.97117,172.52762,241.80729,179.83044,236.96562,,
553.11145,334,274,196,244,200,174,261,176,264,204,239,317.56169,275.92267,209.11731,265.92466,194.43457,173.88521,240.71517,172.31829,241.028,180.33373,236.89116,,
553.29203,319,278,224,276,222,190,249,204,240,169,232,318.60529,275.75918,209.7573,266.92586,195.34871,174.31799,241.15357,173.1338,240.40175,181.0374,237.80575,,
553.47262,310,253,196,241,188,163,219,164,236,156,232,319.12225,277.20143,209.57517,267.19919,194.6274,173.64262,241.92195,173.39566,239.52617,181.3165,238.59261,,
553.65323,319,284,248,284,207,202,256,191,250,184,261,320.31151,278.99635,210.94512,267.50228,195.1154,173.99479,242.47652,173.87399,240.46785,181.88824,239.36481,,
553.83385,323,269,225,271,230,180,241,168,246,175,249,319.79266,279.01092,208.57736,266.52259,194.91864,172.51446,241.82029,172.67877,239.24247,180.72692,238.83898,,
554.01449,302,257,193,264,174,144,204,159,216,171,224,322.54074,281.61335,210.57188,268.07617,195.89042,174.69028,244.04612,175.25482,241.21024,182.01706,240.89069,,
554.19514,299,264,210,260,172,194,238,180,232,178,239,322.94451,282.34823,211.3237,267.15611,196.48828,175.67431,244.2846,176.13697,241.56124,181.79017,241.16999,,
554.37581,316,301,198,265,207,222,241,172,254,187,275,322.78081,282.17889,212.29043,268.13377,197.83114,177.09892,244.70097,175.82566,241.87415,181.26544,241.73714,,
554.5565,303,264,202,276,175,175,222,152,233,175,238,322.86428,281.39229,211.91012,268.68572,197.48169,176.7578,243.98933,175.10927,241.25264,180.28984,240.15642,,
554.7372,318,285,207,273,180,158,239,156,242,185,237,322.92849,281.76283,212.91986,269.03133,198.85365,176.58672,244.68699,176.4476,241.81465,180.30923,241.33903,,
554.91791,280,241,187,233,162,128,216,136,210,138,216,322.60565,281.81325,213.37915,268.64735,198.77372,176.87012,243.8674,176.69607,242.00129,179.00147,241.24549,,
555.09864,352,315,245,298,218,207,292,200,306,239,264,323.89005,281.39099,214.27382,268.87316,199.8995,177.23604,244.60824,177.04727,243.16478,179.96702,241.84435,,
555.27938,329,271,196,245,189,138,250,159,240,168,207,322.82025,279.45786,214.16884,268.77379,199.79374,176.40479,243.71648,176.42082,242.38137,178.19489,240.94,,
555.46014,335,280,205,281,164,159,235,174,239,180,223,323.22517,279.84292,215.75383,270.14129,200.68452,177.51116,243.23704,176.67585,242.87889,178.17033,240.886,,
555.64091,306,284,210,253,182,144,221,168,224,158,217,322.06725,279.23217,214.99574,269.24365,199.85234,176.12949,240.70056,175.19998,242.97363,178.25269,239.22897,,
555.8217,334,297,252,280,233,175,245,181,240,196,249,322.07096,278.66749,214.8498,269.71429,199.99481,175.73232,240.34789,174.60479,243.55091,178.25348,237.84555,,
556.00251,321,296,217,279,240,178,250,175,245,192,248,322.59918,278.97699,214.81164,270.06367,200.56669,175.90657,239.83082,174.2762,244.17484,179.26146,237.40096,,
556.18333,344,267,184,262,208,174,245,205,224,161,233,322.74303,279.09081,214.36245,269.85166,198.94609,175.54493,239.84684,174.48108,244.35131,179.02689,236.64984,,
556.36416,315,277,239,258,172,176,244,176,234,182,223,322.34531,278.74962,214.92272,269.78217,198.27502,174.52454,239.24315,172.66375,243.73859,178.68656,235.3548,,
556.54501,336,281,216,293,208,192,250,189,242,166,245,324.09117,280.19677,214.99982,271.35833,199.87646,175.90475,239.88691,172.42694,244.23178,179.79549,235.35337,,
556.72587,303,261,195,256,166,161,236,149,218,162,220,324.23939,280.36205,214.34868,271.51804,198.91239,174.57605,239.28576,172.65383,243.27921,179.24114,233.20734,,
556.90675,336,288,220,293,207,162,255,196,256,186,238,324.96206,281.28282,214.70115,271.98247,199.96421,174.95225,240.60432,173.63005,243.61478,180.05869,233.98367,,
557.08765,337,298,216,252,210,220,240,192,239,173,264,324.78387,280.88278,213.67537,271.57936,199.8617,175.7894,239.67918,172.47994,243.28377,179.7048,234.43154,,
557.26856,368,303,232,300,227,206,277,206,272,214,262,326.17638,281.61274,214.01056,272.45036,200.70937,175.68036,240.25505,172.63838,242.74242,180.04023,234.03273,,
557.44948,336,272,209,271,204,150,239,165,246,161,254,326.29419,281.89617,213.27029,272.95826,201.01685,176.27536,240.32628,172.49949,241.85513,180.23294,234.49956,,
557.63042,340,300,226,286,237,212,239,182,261,185,250,327.02514,284.52531,214.62223,274.39272,202.30359,178.23661,241.72378,174.61739,242.81198,181.17083,235.09828,,
557.81137,310,291,191,252,177,166,226,161,252,174,222,327.8993,284.00299,213.85318,273.64357,201.76319,178.10813,242.48536,174.84382,243.15085,182.34159,235.50644,,
557.99234,330,284,236,284,239,209,244,175,270,183,240,328.7623,284.60196,214.77417,274.11389,203.27828,179.8853,243.04675,176.90281,243.82036,182.32492,235.94521,,
558.17333,321,257,214,274,207,189,242,172,238,178,234,329.24533,283.20972,214.38776,272.79639,203.3615,179.82704,241.96417,175.70668,242.81225,181.36275,235.49299,,
558.35433,339,302,276,294,224,206,260,194,266,204,244,329.80693,283.52894,214.66532,273.45521,204.7766,181.23489,242.67768,176.52411,243.24059,181.56259,236.33206,,
558.53534,293,245,203,256,208,150,202,140,220,166,202,330.20245,282.94349,215.24046,272.81698,205.37971,181.14775,242.1444,176.12326,243.26694,180.9311,236.26537,,
558.71637,325,272,220,294,191,143,235,138,237,184,217,330.68858,282.7987,215.35471,272.9807,205.17473,180.62264,241.11869,176.15389,242.74629,180.64475,235.88498,,
558.89742,310,271,180,246,168,148,209,173,222,170,204,329.36232,280.84654,214.33036,272.03207,202.67737,180.4403,239.6888,174.90127,240.95923,179.18143,234.685,,
559.07848,340,303,234,289,214,193,265,192,263,202,276,329.85651,281.26524,214.2449,272.85542,202.84183,181.18927,240.02967,174.49983,241.14943,179.58429,235.75823,,
559.25955,320,266,196,271,180,196,213,148,226,158,207,329.17436,280.87674,214.20533,274.0222,202.01563,182.0306,239.53745,173.55643,240.98684,179.84271,235.98711,,
559.44064,322,258,191,265,188,168,236,166,221,183,234,329.6177,281.42112,214.94772,275.48767,202.0342,182.47732,240.12605,173.24435,241.79449,180.28064,236.8043,,
559.62175,304,271,188,266,175,156,225,160,220,169,196,328.58706,279.34109,213.91107,274.43913,200.35378,180.48977,239.52633,170.99939,239.99719,179.32796,235.95957,,
559.80287,357,317,206,285,207,202,232,181,271,217,239,329.64121,278.96412,213.96007,274.94328,199.78659,180.47247,240.12467,170.65995,240.68781,179.67716,236.03588,,
559.984,326,256,178,240,170,133,239,161,226,174,217,330.14571,278.10562,213.4558,273.82804,198.29885,179.05047,240.09366,169.01946,239.94537,179.29505,234.9836,,
560.16515,350,307,236,288,221,224,286,191,268,205,253,331.29874,278.37407,213.00591,274.15692,196.49856,178.68038,240.18324,168.65786,239.8204,179.57061,234.60681,,
560.34632,331,314,204,260,207,186,239,178,228,175,253,330.92478,278.02381,211.77714,273.12431,194.2548,177.39996,239.29829,167.75993,238.31747,177.95776,233.26123,,
560.5275,335,289,229,268,192,186,261,172,224,164,248,331.66849,278.28447,212.02829,272.27946,193.84582,176.95665,239.1292,167.11103,237.83153,178.09529,233.07925,,
560.70869,326,290,218,282,239,184,239,175,221,186,244,331.18014,278.56962,211.50909,270.99468,193.00371,175.86985,238.87334,166.50669,236.31656,177.15923,232.82779,,
560.8899,356,304,228,287,214,207,265,217,270,190,254,332.37188,278.30379,210.42352,270.24938,193.70595,175.57175,238.99019,166.39224,235.52724,176.44298,232.11275,,
561.07113,324,271,220,277,197,166,239,195,229,168,240,333.1145,277.83542,211.50853,269.60203,193.30035,174.60094,238.80224,166.7787,234.68862,175.99499,231.3309,,
561.25237,319,252,207,262,193,196,238,150,236,163,256,333.83553,277.65351,211.14587,269.41713,193.95409,174.10002,238.99187,167.83601,234.09262,175.17772,231.71834,,
561.43362,334,258,211,272,179,176,217,143,220,157,232,333.9742,277.64824,211.03427,269.10591,193.83839,174.21421,239.05601,168.22109,233.63585,174.56416,231.70754,,
561.61489,340,284,239,293,202,173,261,191,234,179,238,334.95069,278.79757,211.75478,270.03726,194.6594,173.74461,240.19715,169.57138,234.07658,174.6411,232.81746,,
561.79618,335,276,213,271,200,186,242,186,245,175,264,335.46341,279.11919,212.07638,269.49544,195.19554,175.39632,239.80285,170.59388,232.89547,173.59899,234.09756,,
561.97748,341,264,221,260,188,178,241,169,256,202,222,337.16918,280.72808,213.41806,271.04886,197.3931,176.99234,241.20567,172.83465,234.32223,175.18053,235.75698,,
562.15879,334,240,186,236,162,137,202,124,217,143,216,337.5397,280.52606,213.19738,270.98786,197.18757,175.92247,241.18154,172.37475,234.37607,174.06476,236.21654,,
562.34012,341,294,224,278,218,186,233,159,243,161,219,339.09665,281.07783,213.96899,272.34547,198.90346,177.35326,242.42415,173.78466,235.8028,175.4081,237.33659,,
562.52147,328,259,193,267,172,135,229,122,207,165,206,338.322,280.97277,212.56164,271.29761,197.15645,176.06759,242.0215,173.00034,235.6076,174.34651,236.56033,,
562.70283,330,299,206,292,184,165,254,192,258,180,232,337.67487,280.83664,212.59281,271.13194,196.73642,176.25996,241.46984,172.36803,235.82249,173.58833,235.92983,,
562.8842,335,271,239,268,152,152,230,152,224,166,217,337.82013,280.29586,213.06127,271.54654,197.47813,177.01291,241.40712,171.80641,236.68445,173.92167,236.83923,,
563.06559,346,286,213,303,203,182,260,170,233,185,238,338.88389,281.58416,215.04177,272.12544,198.75238,178.34091,242.81685,172.85329,237.85787,175.16186,237.24245,,
563.247,320,254,194,271,174,157,238,142,217,168,223,338.34205,280.36458,215.45238,271.6269,199.81386,177.0215,242.16623,171.95524,238.33541,174.85939,236.01447,,
563.42842,377,320,249,306,248,194,286,207,274,217,267,338.74172,280.16476,216.41317,271.94401,199.70339,176.02949,242.00646,171.18934,238.39811,174.74199,235.09525,,
563.60986,333,281,206,250,196,201,232,175,232,166,233,338.20707,279.98965,215.52112,271.4107,198.3905,174.59376,241.13937,171.24474,238.06154,174.26469,234.34313,,
563.79131,359,271,204,244,196,156,238,172,221,156,228,339.11439,281.44617,217.08757,272.56305,199.90761,174.80962,242.51974,171.75193,239.30007,175.92591,235.32336,,
563.97277,335,256,176,224,165,146,213,149,190,156,204,337.58028,280.27983,215.82113,271.82391,198.25874,174.37011,240.42776,170.18601,238.37115,174.21296,233.97873,,
564.15425,342,297,209,260,196,191,223,189,239,148,235,336.85757,279.62574,215.28094,271.91166,198.06836,173.98772,239.95735,169.74908,237.96688,174.57374,233.9793,,
564.33575,342,318,232,270,214,206,261,191,256,207,255,336.34207,280.07681,214.82627,271.52712,197.62448,172.88552,239.54393,171.58359,237.43847,174.25686,233.21817,,
564.51726,341,298,204,272,221,188,249,200,248,168,239,338.47054,281.89658,215.22084,272.63129,198.50841,173.89311,240.64305,173.02129,238.59449,175.71911,234.32458,,
564.69879,325,268,207,256,205,168,230,173,226,154,228,339.05599,281.19464,213.84559,271.51519,197.06696,172.72407,240.77449,172.74117,238.09126,175.55313,233.85182,,
564.88033,346,293,239,272,237,178,246,186,257,194,253,339.48108,282.13008,213.92818,271.3512,197.20567,173.28895,241.87069,173.45888,238.56468,176.1364,233.62382,,
565.06188,335,289,239,294,234,177,245,194,239,174,248,339.40332,283.47725,213.64049,270.71968,198.80412,173.94874,242.20422,173.35421,238.50744,176.53945,234.47616,,
565.24345,366,292,239,316,273,204,256,191,284,213,255,340.41797,284.83012,214.31299,271.45621,199.73114,175.4738,243.80638,174.68287,238.83325,176.91191,235.83139,,
565.42504,335,283,226,286,200,175,241,213,242,178,261,339.42436,284.47326,213.50454,270.35006,200.83762,174.69925,243.07561,174.58928,237.54443,176.62228,235.52216,,
565.60664,319,300,207,278,199,201,252,174,253,190,256,341.10677,286.60282,215.06956,271.82781,202.4498,176.70658,244.65426,175.78056,239.12177,178.30658,237.32735,,
565.78826,338,297,237,301,196,207,248,165,255,188,240,340.84589,286.61718,215.70926,272.14888,203.06877,177.11176,244.97878,176.86453,239.30046,178.23203,237.31872,,
565.96989,321,269,207,271,174,155,239,143,224,175,227,340.31539,286.3389,215.77836,273.00052,203.70011,177.67986,245.63607,176.89248,239.60305,178.77112,238.42411,,
566.15153,320,251,200,265,175,169,220,152,228,174,201,339.87746,286.43165,216.35183,273.17953,203.51328,178.26395,245.12433,176.46445,239.52112,178.67012,238.78457,,
566.33319,336,289,208,273,185,154,258,160,269,201,219,340.53981,287.35285,218.41924,274.66054,204.96713,179.47168,246.17883,177.57718,239.90192,179.90817,240.63847,,
566.51487,330,252,188,248,142,143,239,133,217,156,205,340.47587,287.19409,218.69641,274.83014,205.15772,180.05932,246.13735,177.69929,239.6618,180.13094,241.8163,,
566.69656,348,281,217,274,198,174,254,184,239,196,240,340.07033,287.28046,220.04272,275.60219,205.62826,181.26782,246.60699,178.90045,240.3345,181.26134,242.14879,,
566.87827,312,285,200,239,167,149,209,136,207,133,216,340.5464,286.343,219.91298,274.27674,203.46309,179.93155,245.5628,178.04464,239.96331,180.96795,241.45421,,
567.05999,360,304,239,284,226,197,248,188,255,202,253,341.37249,288.26136,220.98007,275.48497,204.54889,180.5616,246.39781,178.3827,240.89024,181.09855,242.00462,,
567.24173,380,304,240,288,253,196,274,201,268,206,271,341.02732,287.76919,219.46341,274.9812,203.74654,179.03511,245.80267,176.56144,240.2909,181.58513,240.71096,,
567.42348,348,292,207,260,191,162,261,202,218,166,215,340.92149,288.50572,219.14388,276.04994,202.58158,179.28981,246.52135,176.7115,240.83868,182.33666,240.79812,,
567.60524,335,275,224,276,192,161,232,175,236,161,242,341.15432,288.67791,220.64996,275.96075,201.69673,178.71256,246.62939,175.90106,240.51618,182.67784,240.00326,,
567.78703,340,303,210,276,185,196,241,188,212,175,256,341.51018,289.4131,221.55419,277.33081,201.46626,178.336,246.7484,175.4481,240.28979,182.77943,239.74899,,
567.96882,335,294,207,289,208,174,254,177,239,187,260,342.28614,289.47915,221.47732,278.45636,201.97259,177.88582,247.83352,175.24583,240.33582,183.73463,239.54432,,
568.15063,349,292,228,271,226,189,250,182,236,187,239,345.05429,291.77676,223.77619,280.2931,204.58649,179.23584,250.35541,177.13425,241.99085,185.57947,241.57415,,
568.33246,328,269,197,254,175,178,228,190,223,146,255,345.64842,292.49197,223.84872,280.70244,204.61238,181.03513,250.74611,177.3039,242.65712,186.23722,242.59066,,
568.5143,394,324,258,303,251,210,297,222,262,218,271,346.63879,292.41131,223.57238,279.91909,204.25326,180.69517,250.78509,177.26811,241.92836,185.87585,242.76946,,
568.69616,374,300,230,271,213,185,269,206,239,175,254,346.81388,290.3962,222.54114,278.84097,203.45276,179.95216,249.18261,176.45276,239.70187,184.67494,242.02591,,
568.87803,348,272,221,288,207,197,257,118,239,184,239,347.51818,291.31797,223.24653,279.24859,203.94442,180.99502,248.84113,177.34227,239.98958,184.32094,242.43346,,
569.05992,307,271,206,257,192,173,207,143,234,175,212,348.09726,292.37899,223.66586,278.96276,204.46257,182.18053,249.39102,177.48058,240.55589,184.8243,243.09629,,
569.24182,324,296,234,285,234,175,241,178,248,192,239,348.42973,292.16229,223.74074,279.2295,204.88777,183.05327,249.99771,178.30454,241.42551,184.49607,243.63752,,
569.42374,353,293,245,303,237,210,260,175,262,204,269,347.71617,291.40873,223.07214,278.04131,204.34259,183.36481,249.05873,177.62613,240.60993,182.69016,243.44248,,
569.60567,354,293,230,296,177,177,244,194,245,186,238,348.55435,292.1244,224.78799,278.32852,205.97325,183.84677,249.02412,178.51716,241.37614,183.39113,244.62982,,
569.78761,319,271,224,256,180,146,222,138,225,175,216,348.99341,292.57156,226.21654,279.18564,207.89744,184.39328,249.07808,178.23847,241.73537,183.48139,245.21937,,
569.96958,378,335,270,337,224,225,282,187,276,223,271,349.93137,293.3285,226.69714,280.6715,210.68448,185.89993,248.87927,178.76539,243.43462,184.13121,245.54031,,
570.15155,319,271,204,261,188,160,234,193,232,165,212,350.05391,293.846,228.30556,280.99438,211.40819,185.90414,249.06992,180.51086,243.92745,184.51582,246.36329,,
570.33355,352,312,228,292,205,173,252,184,240,204,261,349.79218,294.71148,229.26492,281.12125,212.38848,187.39811,249.17699,181.41186,245.14607,185.22594,247.10906,,
570.51555,355,303,236,258,200,200,239,176,242,178,244,349.98809,295.29482,230.42137,282.46726,212.38721,188.65673,249.03167,181.25264,245.49596,185.43709,247.57967,,
570.69757,368,293,223,289,212,184,255,180,237,191,248,350.2757,295.64124,231.02469,283.33512,212.12446,187.50819,248.66038,179.29226,245.40714,184.72341,246.69988,,
570.87961,338,289,200,268,176,158,246,175,232,165,200,348.42207,293.72901,229.96473,283.12745,210.48758,187.0832,246.39179,177.67891,244.32021,182.88364,244.83986,,
571.06166,358,320,236,293,216,192,268,210,266,195,249,348.46678,294.84102,230.92124,284.7327,210.70097,187.39084,247.35296,177.71381,245.83782,183.83753,244.41124,,
571.24373,380,301,208,260,194,164,252,159,252,196,238,347.82779,293.01866,229.85669,283.78221,207.81642,185.81732,246.389,175.64482,244.84704,182.85848,242.6693,,
571.42581,346,308,219,303,257,207,262,177,250,186,266,348.1502,292.18127,229.23031,283.65603,206.81386,184.84045,245.40932,175.51535,244.04634,182.08388,242.39172,,
571.60791,340,260,213,256,206,190,223,164,230,185,224,347.55947,292.3649,228.27579,282.54665,204.83177,184.44601,244.02016,174.5813,242.61494,181.13131,241.27783,,
571.79002,367,303,272,303,225,213,264,194,242,173,270,347.27348,292.71893,227.15815,282.36735,204.85936,184.81266,243.48046,174.18304,242.64407,181.19011,240.83456,,
571.97215,362,302,248,278,251,180,245,197,254,176,249,348.32424,293.41797,227.42334,282.36486,206.11636,185.05221,243.9491,174.69327,243.20954,181.43992,240.69655,,
572.15429,356,294,222,296,207,192,240,192,252,173,264,348.87087,294.41056,226.09778,281.9176,205.08508,185.10734,244.97798,175.42198,243.14456,181.29027,239.99848,,
572.33645,365,288,217,286,233,217,271,198,258,200,269,347.58595,293.2157,225.34399,280.276,204.10938,183.43213,244.09604,175.02297,242.2167,179.00503,238.32261,,
572.51862,322,273,228,264,175,197,216,157,230,152,254,348.1244,294.23276,225.60491,280.65437,203.95477,184.46252,244.52185,175.3683,242.58359,178.91332,239.18684,,
572.70081,306,258,201,276,172,172,212,145,231,169,222,346.68185,293.13253,224.22422,279.74921,203.02526,183.02283,243.19443,174.40386,241.33376,177.5045,237.83538,,
572.88301,333,270,234,268,208,164,228,170,222,157,220,346.7626,293.56139,224.25251,279.02571,203.17131,182.79007,242.76176,174.91003,240.7132,177.25668,237.59211,,
573.06523,345,282,244,298,221,190,242,172,255,175,239,345.26014,291.98777,222.84478,277.50767,201.95771,183.00011,241.50889,175.29172,239.4399,175.67372,236.81639,,
573.24746,350,331,239,282,201,189,271,171,272,200,241,346.13704,292.73739,223.46053,277.87893,202.967,183.99162,242.41167,176.59412,239.2319,176.03889,237.9263,,
573.42971,338,272,207,259,180,170,234,148,232,157,227,347.09901,291.23027,222.5944,276.16435,202.12252,183.42959,242.43872,176.81352,237.41799,174.08988,237.02777,,
573.61197,341,290,239,289,193,182,239,175,239,184,237,346.18111,290.19627,221.8886,275.83599,201.50321,183.24678,241.90242,175.12977,236.19778,172.45229,236.47376,,
573.79425,348,320,223,271,204,177,224,163,220,174,224,344.001,288.35056,220.19586,273.70697,200.02376,182.19124,240.14043,172.56778,234.83483,171.12331,233.94426,,
573.97654,368,312,250,303,224,174,255,189,253,208,234,343.22589,287.91717,219.5857,273.17137,200.05506,180.81393,239.16197,172.09749,234.32313,171.10064,232.42071,,
574.15885,336,287,201,267,185,175,239,148,230,162,208,342.73492,286.7819,218.48345,273.01878,199.98881,180.72008,238.71245,170.40644,234.03121,170.60871,231.75157,,
574.34117,336,292,210,268,173,169,233,198,224,159,220,343.07194,286.09083,218.20388,272.9718,197.73166,179.78312,238.44438,170.29011,233.55421,170.51174,230.58626,,
574.52351,351,284,246,272,188,162,253,173,224,179,236,341.71397,284.63888,218.03001,271.46893,196.23194,177.44857,236.77175,167.35083,232.66228,170.01669,228.54613,,
574.70587,350,281,196,286,189,184,224,157,224,153,227,343.80611,286.62531,220.76491,273.69512,197.26007,178.86022,238.69091,167.64681,234.19618,172.69777,229.78351,,
574.88823,344,285,192,287,175,159,235,146,207,149,226,342.95015,285.72432,220.01647,273.3095,196.02947,178.37881,238.74926,167.60053,233.76387,172.35489,227.63911,,
575.07062,344,293,211,271,202,175,239,169,238,161,218,342.95427,285.82206,220.23022,273.01681,195.87368,177.63503,238.78799,167.78901,234.07006,172.94466,228.12514,,
575.25301,318,270,196,256,184,207,236,207,220,178,249,343.33706,285.98385,220.27394,272.11715,195.53227,177.73032,239.37337,167.72051,233.7339,172.95771,228.05925,,
575.43543,386,324,241,283,227,197,281,205,255,218,254,344.51994,286.32755,220.24134,272.55392,195.42241,177.47584,240.14979,168.46878,233.49027,173.48622,227.92097,,
575.61786,337,255,174,223,169,152,208,154,208,153,217,343.27052,285.78301,218.83021,271.61587,193.68455,175.13126,239.59258,168.32236,231.60534,171.85823,226.15896,,
575.8003,351,312,212,276,222,197,252,192,239,170,240,342.99139,286.67474,218.66305,271.53777,193.12764,174.07139,240.4724,169.32705,231.81694,172.55156,225.96657,,
575.98276,334,306,221,270,210,207,271,175,254,204,220,343.89481,286.84869,217.90353,270.9528,192.70341,172.95753,241.11457,168.879,231.74031,173.24469,225.95681,,
576.16523,322,273,211,262,209,158,239,148,242,143,218,344.9274,287.86924,217.77422,271.72495,194.22981,173.54728,242.70049,169.02883,232.11824,174.73811,227.24916,,
576.34772,356,284,257,270,198,175,245,176,239,171,228,344.3022,286.71934,216.78625,270.59002,193.19147,172.57544,242.33484,168.35342,231.26254,174.02519,226.67929,,
576.53022,335,272,217,268,188,180,239,160,238,172,239,345.67515,288.04417,218.70989,272.13085,194.37253,174.00403,244.02091,169.82998,231.6621,174.80305,228.71578,,
576.71274,320,245,239,251,206,148,207,155,207,143,199,346.32368,288.29101,219.5645,271.56182,195.90582,173.34882,244.15577,170.30852,231.80106,174.9663,229.22678,,
576.89527,368,297,238,306,203,200,239,166,250,207,255,347.62151,288.90199,219.30952,272.64434,197.64158,173.78423,245.04118,171.88514,232.704,175.88056,230.4363,,
577.07782,308,246,186,236,161,140,197,152,174,144,181,347.98048,288.53834,218.85703,272.48515,199.06383,174.84756,246.68054,173.36744,233.17212,176.78699,231.90385,,
577.26039,367,308,233,291,205,200,268,186,248,200,261,347.912,288.07085,219.75836,272.01105,199.20705,176.10564,246.10399,173.65358,233.18152,176.50866,233.16759,,
577.44296,329,253,204,268,188,175,237,140,223,163,204,346.23135,286.70577,219.26793,271.74185,198.25869,175.98575,245.23421,172.82321,232.48912,176.69635,233.31602,,
577.62556,360,293,217,274,179,145,241,149,228,162,237,346.61064,286.81436,220.31126,272.24975,199.75517,175.57451,245.87087,173.18628,232.88779,177.10845,233.81721,,
577.80817,350,269,208,257,177,146,240,152,230,166,190,345.33274,285.92303,221.31262,272.14567,199.89187,175.71216,244.79306,172.19715,232.39865,176.34809,234.1273,,
577.99079,334,328,234,298,206,173,250,180,266,207,243,345.53582,286.41725,222.16383,272.68103,200.29072,176.28089,245.36644,171.91583,233.45842,177.32716,234.43124,,
578.17343,377,287,221,270,194,173,264,154,250,212,218,345.8578,285.69508,222.54674,272.52846,199.76042,176.72726,245.51154,171.53118,234.33489,177.5045,234.92938,,
578.35608,382,312,239,301,208,179,257,202,252,198,257,346.80847,285.70271,224.33267,273.74418,200.63859,176.89307,245.70484,172.2993,234.48975,177.84328,236.61603,,
578.53875,349,290,232,276,202,192,264,166,239,173,252,346.99495,287.29151,224.9814,274.09869,200.39845,176.59505,245.4437,171.98113,234.75947,178.10408,236.83938,,
578.72144,369,314,268,285,217,188,271,208,250,207,261,348.38372,288.70108,226.73918,275.98888,202.22694,177.08229,246.56946,172.10426,236.04446,179.74896,238.41109,,
578.90413,345,303,233,280,238,188,254,180,244,182,255,348.23244,289.5033,225.99531,276.21767,202.25133,176.82777,246.91583,171.28302,236.22227,180.1102,238.32984,,
579.08685,367,308,225,291,216,204,282,224,238,186,266,347.02637,289.32445,224.60092,275.45668,200.43725,176.04154,245.93658,171.13901,235.36223,179.20243,237.70889,,
579.26958,307,256,172,248,173,157,223,165,206,126,212,347.03099,289.02788,225.23842,274.50642,199.54273,175.01989,245.93502,171.2256,234.42529,179.23887,238.1567,,
579.45232,344,289,222,261,213,154,238,186,228,168,270,347.02349,289.06589,224.57231,274.53913,198.95735,174.58719,245.17131,169.67376,234.36583,178.40737,238.04999,,
579.63508,345,297,211,289,193,170,257,173,207,176,233,346.66792,288.79311,223.59705,274.87148,197.94059,172.94686,244.86686,169.02963,232.75478,176.82854,237.68502,,
579.81785,335,290,226,277,193,168,225,175,228,172,238,346.84496,289.24397,223.90451,274.48762,197.81624,172.27038,244.79805,168.81347,232.56647,176.29983,237.68203,,
580.00064,320,274,217,261,197,164,232,150,218,168,248,346.62556,289.58747,223.38615,274.49328,197.34662,174.07801,245.82715,171.20365,231.97873,176.45154,239.22184,,
580.18345,374,300,240,287,216,209,271,174,270,219,256,348.81737,291.0959,224.21167,275.41668,199.4885,174.9504,247.135,173.04329,232.44513,178.02969,241.11889,,
580.36627,366,286,236,286,218,204,250,174,239,175,253,349.97701,290.12662,223.32823,274.43448,199.01461,174.74878,246.32114,173.33154,231.78573,177.01379,242.27414,,
580.5491,355,296,230,271,193,180,246,175,240,180,239,350.5809,291.16234,223.85497,275.27813,200.31853,176.4466,246.71105,175.51471,232.17366,177.04782,244.08367,,
580.73195,318,277,218,268,193,165,225,172,225,143,225,350.35693,291.76206,223.20236,274.89522,200.90625,177.42225,247.21319,176.31917,232.72092,177.91429,243.89184,,
580.91481,367,302,241,287,238,206,251,188,248,220,248,350.15001,290.74749,222.3736,274.87558,201.11728,177.05712,247.35609,175.90836,233.21339,176.88392,243.74249,,
581.09769,328,258,205,242,187,152,221,145,217,161,206,351.34168,291.09196,222.757,274.84953,201.66199,177.7334,247.52882,176.44705,233.64466,176.65834,244.42223,,
581.28059,350,294,223,290,208,192,256,185,239,184,239,352.01244,291.94331,223.64928,275.34515,201.61263,179.17957,248.2528,177.40581,234.61922,177.51811,245.51424,,
581.4635,323,275,239,254,160,169,225,146,213,154,235,350.91248,289.83164,223.95472,273.92414,201.13935,178.57091,246.44307,175.6252,233.33523,175.36497,243.72901,,
581.64642,367,303,244,289,197,177,230,156,236,182,238,351.06997,289.74296,223.60785,274.19031,201.00267,179.20999,245.56432,174.17733,233.17869,175.66273,243.67435,,
581.82936,340,292,210,280,182,154,250,154,225,175,236,349.22626,288.09271,222.70547,272.77467,199.75947,177.77481,243.71657,172.87103,230.82077,174.12413,241.1837,,
582.01232,375,305,228,286,211,175,252,175,250,173,244,349.8701,288.61476,223.72273,272.72181,199.86097,178.63723,244.55757,174.10082,231.37509,175.01092,242.12902,,
582.19528,328,261,207,250,160,175,210,156,201,148,228,349.28825,287.3777,223.06331,272.51618,199.80561,178.78894,243.88944,173.39272,231.09993,174.60069,241.13894,,
582.37827,398,303,220,303,221,183,281,206,265,204,254,350.2372,287.49763,223.31217,273.30619,199.15042,178.17319,244.4319,173.01019,231.22907,173.71544,240.58115,,
582.56127,359,312,224,271,197,170,262,186,239,175,262,349.25915,286.27656,222.37512,272.32055,198.08399,177.41444,242.90765,171.84552,230.09971,172.01266,238.31566,,
582.74428,343,300,207,270,207,153,243,165,207,158,245,349.31276,287.43944,223.19545,273.64647,198.25582,177.32245,243.0301,172.48327,231.33344,173.20771,237.49569,,
582.92731,320,293,187,251,168,172,245,148,237,177,213,350.79014,287.7407,222.83483,274.1735,197.59922,176.99135,243.02673,171.13153,232.13115,174.84,236.40615,,
583.11036,350,271,207,260,216,184,243,170,212,170,248,353.03103,287.74405,223.43263,275.26499,197.833,178.01271,243.98267,171.63696,232.26861,175.35392,236.04113,,
583.29342,330,271,196,238,168,153,224,183,207,158,210,352.98147,287.35036,222.73805,274.39693,196.3866,177.23364,243.40101,170.0159,231.50558,174.52207,234.60878,,
583.47649,350,265,232,256,188,177,232,175,220,154,235,353.74373,288.14234,223.61064,274.36119,196.72625,177.03085,243.53795,170.41394,231.36644,174.88582,234.10234,,
583.65958,388,303,266,290,238,190,271,206,249,191,264,354.15849,288.44671,223.70427,274.06992,197.77281,176.45772,242.99388,168.88777,231.15923,173.80004,233.76835,,
583.84269,367,302,241,305,225,192,262,180,254,180,246,355.50447,289.52749,222.59847,274.65471,198.66368,176.99443,244.08455,170.38293,231.00265,174.56948,234.12209,,
584.02581,371,288,239,292,218,197,261,224,224,183,258,354.23045,288.11384,220.53111,273.05733,197.45188,176.2225,243.0892,170.36325,229.87626,171.91465,232.26481,,
584.20894,382,303,244,289,219,218,256,184,258,203,269,354.94362,289.18603,221.43355,273.6001,199.04258,176.47467,243.80419,171.31414,230.02233,172.19557,233.59086,,
584.39209,368,288,217,303,217,206,252,192,242,178,250,355.76052,289.41985,221.47027,275.14585,199.90056,176.88462,244.6168,172.30966,229.8373,172.64436,233.06546,,
584.57526,354,265,226,276,212,157,207,143,238,170,228,357.05434,290.92573,221.69039,277.45457,201.4582,176.8568,245.18696,174.21878,230.64165,173.45659,233.67247,,
584.75844,340,278,225,271,165,182,241,162,239,164,221,355.76274,289.48377,221.23416,277.43077,201.79048,175.9701,244.17079,174.18415,229.10281,172.69125,233.3018,,
584.94163,325,293,212,271,191,173,239,163,230,189,204,357.58511,290.53104,222.58375,278.85558,203.64255,177.8424,245.47043,175.60436,230.99422,174.7262,234.91522,,
585.12484,355,281,192,255,180,150,238,132,222,168,196,358.59521,289.43269,222.71179,279.80423,204.23217,178.77513,245.21677,175.40395,230.60828,174.8583,234.44391,,
585.30807,367,294,238,290,193,188,257,159,233,175,239,359.28628,290.51333,223.255,280.1764,205.07414,179.45118,244.8689,175.75997,230.32223,175.12134,234.69025,,
585.49131,352,320,235,269,207,188,240,170,225,178,232,359.22232,290.36311,224.16216,280.62441,205.58803,179.20895,244.40798,176.24723,230.60912,174.52176,234.47736,,
585.67456,335,286,245,275,185,168,244,163,224,175,208,360.62457,291.88446,225.68921,281.72581,208.1596,180.82172,245.19507,177.63623,232.17006,176.91048,235.19262,,
585.85783,327,251,189,252,192,143,216,127,202,134,198,361.1468,291.38993,225.4237,281.92616,209.01114,180.72613,245.01622,177.22762,232.82468,177.37219,234.33466,,
586.04112,367,318,229,297,226,175,265,212,244,202,250,361.58717,292.12557,225.62538,282.98664,209.3097,182.09497,245.72033,177.99597,233.82722,178.02217,235.04204,,
586.22442,375,302,257,300,217,185,265,218,251,186,248,360.86697,291.05004,226.66097,282.19955,208.8438,181.9564,244.77748,177.1234,233.65866,177.79309,234.35602,,
586.40773,386,303,225,290,212,197,253,204,249,187,256,362.11359,292.23822,228.87676,283.98738,210.08055,183.41657,245.36628,176.61494,235.28528,179.12974,235.20102,,
586.59106,362,290,202,300,209,180,229,152,220,159,216,360.61229,290.61406,226.8245,283.03527,207.68751,179.77542,243.36766,173.73347,233.42291,177.57304,232.43577,,
586.77441,367,293,227,286,197,182,249,167,221,164,220,362.14893,291.5293,227.56851,283.57045,208.57494,180.24798,244.10963,174.22723,234.87932,178.58096,232.73125,,
586.95777,345,283,205,256,205,175,207,157,207,175,233,362.79229,291.08424,228.05547,283.3839,207.05921,180.30716,243.14723,173.22068,234.43405,178.67934,232.67943,,
587.14115,405,303,233,297,214,174,274,181,250,207,239,365.62332,292.47976,229.37276,285.0217,208.846,181.38492,245.62067,175.01583,236.01271,180.66851,233.82083,,
587.32454,357,283,197,260,200,174,229,144,208,152,239,366.94727,293.2957,229.83245,285.23738,209.55972,182.27201,246.07001,175.63963,236.11362,180.81041,235.08696,,
587.50794,352,272,222,257,217,181,248,182,207,143,220,367.0354,294.23314,229.77839,285.77542,210.51806,181.72126,246.20836,176.03943,235.89159,180.78072,235.70604,,
587.69136,334,309,207,268,202,137,208,168,233,169,232,367.1111,295.93327,229.3808,286.20877,210.27047,182.41328,247.35104,176.54955,236.80779,182.00374,236.18385,,
587.8748,382,306,247,315,259,212,269,209,256,193,269,367.28035,295.52092,229.54477,286.30071,210.82675,182.60574,247.78052,176.47313,237.00367,182.55507,237.37389,,
588.05825,381,294,239,303,222,196,260,190,253,193,255,366.8465,295.25514,227.60667,284.76568,209.56164,182.06064,247.63372,177.21228,236.58323,181.74126,236.91252,,
588.24172,374,305,239,314,228,216,274,239,257,228,250,367.38594,295.11106,228.1668,284.59363,209.05348,182.35503,248.0848,178.32098,236.65764,181.53002,237.55474,,
588.4252,368,288,280,303,220,204,255,194,256,176,244,368.63109,295.96611,230.05307,284.99916,210.70781,182.71336,249.01533,179.34341,237.12705,182.31951,238.60031,,
588.60869,399,322,264,341,253,207,272,194,260,234,269,369.87128,297.18793,230.70905,286.2584,213.07778,183.17944,250.66407,180.57444,238.4808,183.33502,240.46977,,
588.7922,368,268,210,283,200,166,227,185,239,176,221,370.2109,297.45238,231.20365,285.95656,214.39808,183.01126,251.35779,182.65286,238.76853,183.52375,240.81583,,
588.97573,365,304,225,276,204,171,241,172,226,177,249,371.10367,298.1986,232.59548,286.04895,215.73021,184.45491,252.2396,184.20983,239.40794,184.79753,242.17667,,
589.15927,334,252,233,234,175,181,213,139,207,158,214,371.80509,298.54085,232.82092,286.91517,216.7433,186.23711,253.15699,185.50692,240.14847,185.28549,243.34474,,
589.34283,403,335,249,292,217,206,270,174,276,207,258,372.30891,298.60926,233.22737,287.44221,218.20438,186.40651,252.38549,185.51029,240.95658,185.62423,243.32531,,
589.5264,353,279,212,268,184,159,233,143,216,168,200,371.33292,298.7966,233.90265,286.76122,217.00007,186.83064,251.86317,185.9291,240.86802,184.81678,243.014,,
589.70998,376,342,253,284,232,190,269,197,268,193,271,370.17092,298.7462,234.4726,286.23031,216.51979,187.45621,251.83771,185.63768,241.16227,185.20705,242.5944,,
589.89358,380,282,238,290,201,178,274,182,274,197,238,369.73757,297.81408,233.86602,284.94677,215.42064,187.01287,251.61018,184.60479,241.16947,185.61195,241.28066,,
590.0772,367,304,213,284,210,194,259,175,244,189,239,370.37161,297.91162,234.94514,284.7963,215.13608,188.23609,252.08716,184.72375,241.32223,185.43784,242.38911,,
590.26083,364,271,213,281,186,174,242,160,224,165,230,369.67895,298.61745,235.63406,284.32975,214.03255,188.51657,251.92272,184.47222,241.44089,186.01348,241.98202,,
590.44448,352,291,237,262,192,177,242,175,221,172,239,367.98034,298.67467,236.33779,283.91597,213.19855,188.10385,251.9692,183.77941,240.96489,186.20404,241.28266,,
590.62814,373,281,239,276,232,164,245,173,228,188,214,366.71732,297.77619,235.09368,282.33509,212.00571,187.08385,250.81929,181.10392,239.75777,185.12476,239.65437,,
590.81182,384,324,229,303,209,192,271,189,240,188,257,366.61347,299.26678,235.52835,282.68355,212.38218,187.79078,251.92432,182.42859,240.77288,186.30515,240.43374,,
590.99551,360,276,194,248,181,142,220,184,197,160,207,366.43292,299.65453,236.45804,282.05549,212.11531,187.52873,252.77861,183.71263,241.23239,186.70373,240.30839,,
591.17921,431,367,310,335,292,297,332,268,307,257,334,366.69506,300.6483,236.84525,282.46035,211.92369,188.08306,253.66724,183.87968,242.42191,187.34569,241.28159,,
591.36293,369,303,241,298,217,187,250,181,226,174,249,366.34574,301.29396,236.7542,282.99952,212.23015,188.26193,254.03407,183.39095,242.51247,186.98347,240.62932,,
591.54667,349,305,228,286,248,202,264,214,239,175,246,365.92643,301.61349,236.91785,282.96168,211.31989,187.3524,254.75218,182.84965,242.0386,186.60905,239.56355,,
591.73042,341,282,208,276,196,176,216,172,234,164,232,364.56941,301.37226,236.22918,281.43774,210.60611,186.94539,253.08632,181.88682,240.38979,185.36877,239.25072,,
591.91419,353,314,239,294,207,166,269,196,264,200,239,365.02874,301.46753,235.68291,281.32239,209.81467,186.60724,253.51818,181.62257,240.27933,185.81843,239.45682,,
592.09797,377,303,239,281,207,193,265,184,244,189,248,364.773,301.06125,234.68359,280.31776,209.01259,186.3823,253.02009,180.38952,238.91406,184.18977,239.30504,,
592.28177,348,269,225,259,204,165,232,157,233,162,218,363.00546,300.57831,233.44465,279.39976,208.6953,186.10587,252.57761,179.67716,237.10956,182.43111,238.47793,,
592.46558,368,316,218,271,222,192,252,194,229,174,224,361.228,301.22272,232.49344,278.1865,208.56001,184.32875,251.26696,179.41249,237.03776,181.42425,238.32553,,
592.64941,364,310,276,298,236,184,250,180,239,207,239,360.68812,301.4924,232.24216,278.79562,209.43582,184.19251,251.55236,179.48178,237.58586,181.08974,238.94523,,
592.83325,344,296,228,262,228,175,232,157,230,180,222,359.78747,301.03552,230.83671,278.04983,209.25677,183.78958,250.7631,178.26193,237.41102,179.59236,238.29833,,
593.0171,356,298,219,271,206,185,254,192,245,181,238,359.70187,301.40812,231.06691,278.88405,209.20277,184.29077,251.60744,179.85626,238.4066,180.87615,238.71345,,
593.20098,334,285,240,256,168,185,222,161,222,161,191,359.21017,301.09352,232.18073,279.76194,209.18021,184.90679,251.39498,180.14798,238.5946,180.336,238.40225,,
593.38486,367,303,248,298,193,217,254,179,226,191,255,359.07196,301.65496,232.93042,281.39122,210.12068,185.35319,251.31457,179.00693,238.98786,181.5491,238.82242,,
593.56876,362,303,226,285,192,192,245,160,249,177,239,359.20225,301.01588,233.01153,282.4452,210.00396,184.66855,250.99253,179.40991,239.71909,181.68253,238.21645,,
593.75268,356,303,239,275,200,174,240,177,233,180,231,359.01248,302.20927,233.17849,282.05389,209.99805,184.22508,250.45514,179.04526,239.78774,181.73623,238.57433,,
593.93661,346,285,242,258,177,178,248,169,226,175,251,356.95386,300.04709,232.54993,280.39321,207.52282,183.45317,248.40667,176.99166,238.12297,180.6209,237.58959,,
594.12056,379,287,232,291,214,192,271,167,259,207,255,357.27298,300.89209,232.76976,280.78835,206.95173,183.94143,248.10338,175.80251,238.93724,180.84632,237.29763,,
594.30452,366,308,219,285,210,175,253,189,239,194,239,355.92152,300.20329,231.6833,280.14528,205.71734,182.27437,246.18374,173.72837,237.36821,179.85277,235.47423,,
594.4885,367,328,232,292,216,183,258,178,239,172,256,355.8255,301.9315,232.95411,280.45779,205.90113,182.08467,246.4389,174.07733,238.5372,180.55988,236.81707,,
594.67249,340,308,216,288,196,159,254,157,244,197,212,356.55222,301.78423,233.18481,280.65172,205.36649,181.3611,246.99998,173.67569,239.62561,181.53141,236.86584,,
594.8565,367,318,225,277,237,190,260,175,236,174,255,356.80126,301.70176,232.45532,281.26252,205.8219,181.54296,247.93914,173.51546,240.17534,182.24555,236.90312,,
595.04052,382,310,236,278,205,194,257,180,254,182,239,356.90847,301.42243,230.92874,280.77583,204.26522,180.92337,247.33158,172.19828,239.5741,181.71562,236.27844,,
595.22456,353,303,245,291,220,185,268,207,255,178,255,357.43756,302.62998,231.62683,280.79739,204.56391,181.71918,247.63376,172.19942,240.11862,182.20066,237.44479,,
595.40861,347,285,224,268,200,150,239,154,218,164,222,358.16256,302.19733,231.41165,280.46871,204.99653,180.45765,247.41831,170.50121,239.71666,181.90201,237.13332,,
595.59268,356,308,237,308,214,189,249,164,244,174,252,359.08607,303.67748,230.57009,281.4288,205.22118,180.6782,248.39353,170.57748,239.6645,181.90197,237.88163,,
595.77676,353,289,225,266,207,174,236,194,218,165,225,359.76747,303.22324,229.34834,279.75873,203.92231,178.52221,247.3591,170.73148,237.87048,180.95443,237.70224,,
595.96086,349,285,212,271,184,168,224,164,222,166,238,362.39661,306.067,232.02014,281.23215,206.55897,181.60778,249.88065,174.15362,239.66767,183.57292,241.29568,,
596.14497,354,296,222,277,209,207,225,175,237,164,253,364.10499,306.4603,233.3276,282.36245,207.57671,182.55308,250.06501,174.83859,239.65528,184.2282,243.16311,,
596.3291,361,303,224,296,208,184,258,175,260,202,239,363.99508,306.8566,231.94559,283.56273,209.52228,182.53689,250.7305,176.66681,239.63263,184.18157,243.22007,,
596.51324,361,312,245,290,220,178,253,172,252,180,225,363.47093,305.90136,230.89529,283.17151,208.66459,181.77195,248.84598,176.84851,239.10163,183.16558,242.77929,,
596.6974,338,310,221,283,206,170,239,162,253,196,235,364.03896,306.47815,231.13923,283.90684,208.83266,181.79397,249.90571,178.27199,240.03799,183.65449,243.29532,,
596.88157,382,298,250,271,205,175,253,177,264,186,236,365.57485,305.66421,231.16043,284.10116,208.79336,182.51208,250.07703,178.68955,240.90269,184.20322,243.71839,,
597.06576,362,294,222,287,180,175,237,143,228,181,220,365.51097,303.9622,231.03678,283.77302,208.77361,182.14514,248.77488,178.82507,239.88842,182.80659,243.23178,,
597.24996,367,305,236,273,203,192,239,170,228,181,230,366.8672,304.44266,231.15443,283.91103,208.73911,182.58626,249.0716,179.57539,240.04539,182.67904,243.17482,,
597.43418,384,320,273,314,207,190,270,200,252,226,265,367.61043,305.4538,232.72047,284.91748,209.65567,183.16379,249.19108,180.46581,240.59698,183.53313,243.53591,,
597.61841,353,305,221,279,212,184,232,161,218,175,228,367.2295,304.70083,231.81467,284.38368,209.7804,182.67972,247.87692,178.96883,239.80312,182.92935,242.34232,,
597.80266,361,312,236,270,206,172,250,165,246,188,248,367.71886,304.74079,231.25215,284.41439,209.79816,183.08714,247.85037,180.1641,240.34939,182.85687,242.62758,,
597.98692,386,320,241,290,212,184,267,220,248,192,254,368.05996,304.4228,232.45168,283.56377,208.76908,182.95409,246.81399,180.04673,240.4951,182.41983,241.39423,,
598.1712,351,308,209,256,198,182,230,164,216,175,244,369.25532,305.33935,234.3476,285.08344,208.92639,183.99871,247.64194,180.16775,240.66377,183.24866,242.82684,,
598.35549,358,277,214,297,195,175,246,176,220,176,239,369.22345,304.76443,233.79886,285.16877,208.0039,183.30943,247.44583,179.55865,240.29731,183.04059,241.74273,,
598.5398,390,335,248,296,249,195,266,198,255,194,249,368.93857,304.32755,233.73895,283.95067,206.86231,182.12845,246.2189,178.92777,239.71524,182.96131,240.93875,,
598.72412,384,319,239,282,230,180,265,204,242,200,273,367.51435,302.8366,233.61075,282.43242,205.13588,181.21812,245.39958,178.59979,238.70169,182.59283,240.75888,,
598.90846,399,319,248,294,221,208,288,204,267,207,271,367.44395,302.23736,233.61693,282.59911,204.68894,181.90333,246.03185,178.38744,239.26741,183.14884,241.55143,,
599.09281,385,303,208,277,223,190,254,176,228,175,236,366.53691,300.60724,232.38384,281.61227,203.43885,181.21208,245.40821,178.08209,238.01857,182.04138,240.75739,,
599.27718,366,309,228,288,220,198,253,189,242,170,250,365.62568,301.45143,231.64357,282.00584,203.92392,181.712,245.34583,178.01803,237.90328,181.69929,241.41709,,
599.46157,372,330,234,268,194,185,226,174,234,170,253,364.05282,301.18528,230.84591,281.89628,203.61915,181.11563,245.84863,177.77707,237.49632,182.10021,240.90253,,
599.64596,376,303,260,303,237,193,260,197,253,186,269,362.75279,301.23403,230.39383,281.54133,204.44062,181.57686,246.67308,178.13917,237.64606,182.6445,241.14922,,
599.83038,348,264,207,265,175,143,226,165,206,153,216,362.27765,300.50488,228.89196,279.9749,203.49023,180.98163,245.96711,177.71476,237.13563,181.80715,240.31591,,
600.01481,360,302,239,287,207,194,242,222,239,193,235,361.77279,300.85397,228.60359,279.76375,203.76027,181.32062,246.97547,179.05631,237.20598,181.55804,240.79021,,
600.19925,367,277,253,271,191,170,226,182,238,185,240,360.93787,300.13656,228.53442,278.99728,203.81571,180.72822,247.01291,177.68124,236.73123,181.14197,240.40721,,
600.38371,352,290,228,305,210,197,239,175,251,188,217,361.12995,300.94804,229.42035,280.31702,204.79107,181.76267,247.84613,177.82369,237.254,181.52287,241.3372,,
600.56818,362,268,213,290,191,182,233,154,243,168,217,360.71071,300.10206,229.37937,279.53834,204.91719,181.05654,247.40735,178.42628,236.94842,181.04177,240.26911,,
600.75267,336,289,193,271,175,153,236,165,228,154,194,360.59754,299.82795,228.87268,278.96489,204.36852,180.87708,246.99194,179.05701,236.65859,180.64937,240.11622,,
600.93717,376,289,272,255,173,202,233,160,239,174,251,359.76086,299.29163,228.76541,278.7515,204.55129,182.3237,246.22501,179.03656,236.67483,180.03456,241.05117,,
601.12169,382,310,243,298,217,207,271,175,252,194,257,358.74251,298.97506,228.18773,279.34719,203.45129,182.5946,246.57141,178.96145,237.43387,180.91486,240.2617,,
601.30622,355,289,229,280,192,169,223,156,235,180,232,357.52531,298.12977,228.51188,279.51152,204.22286,183.06782,245.74117,178.34859,236.8108,180.02562,239.52896,,
601.49077,344,328,238,287,197,169,251,179,218,168,245,356.12519,298.06784,228.69281,279.96831,203.88555,183.00872,246.12245,177.98165,237.62676,180.32544,239.65342,,
601.67534,368,326,229,281,191,175,271,159,272,207,246,356.41725,297.39219,229.25233,279.39355,203.46243,182.70119,245.79404,177.65582,238.67168,179.88346,238.95264,,
601.85992,337,299,209,273,210,172,237,173,229,175,234,357.43238,297.13269,230.85934,280.67757,204.12021,183.54606,247.20893,177.46767,239.28044,180.05855,239.23117,,
602.04451,351,274,217,269,196,157,240,154,222,175,232,358.02152,297.62837,232.40338,281.12804,203.72618,183.99055,247.76022,177.56529,240.24227,180.95533,239.18141,,
602.22912,367,319,258,284,221,181,271,212,258,201,268,359.02034,298.56051,234.44837,283.52099,205.06007,184.77177,249.12385,178.55152,241.43519,183.21436,240.71077,,
602.41374,346,294,239,270,207,158,251,157,228,186,234,359.26918,298.57374,234.69311,283.88947,204.95266,184.87771,248.94063,177.43095,241.0865,183.61394,240.96043,,
602.59838,320,289,197,280,201,174,252,168,214,176,232,359.87431,299.4661,235.12585,284.47485,205.21187,185.16118,250.21348,177.63551,242.40164,185.09559,240.9079,,
602.78303,313,258,175,236,178,168,216,176,209,159,197,360.4871,300.12639,235.58896,283.86627,204.92156,184.77687,250.68185,179.14904,242.12003,184.94084,240.68724,,
602.9677,344,305,232,268,209,208,238,181,248,178,266,360.52837,300.99481,236.21054,283.57535,204.89766,185.1832,251.05278,178.86611,241.79374,185.73363,240.74842,,
603.15239,343,301,229,303,225,213,268,200,241,175,251,360.41109,300.52246,236.05006,283.98351,204.57197,185.51299,251.42984,179.17785,241.348,185.25119,239.78906,,
603.33709,369,319,237,297,222,213,265,184,248,178,252,361.79481,302.46685,237.28875,285.5816,205.91046,185.35722,252.22764,179.85082,241.90364,186.25398,239.21233,,
603.5218,357,288,224,272,216,176,242,177,228,180,225,362.1863,303.57007,238.36273,285.69472,206.93006,185.05334,252.91488,180.84324,242.11063,186.56887,240.44314,,
603.70653,376,346,254,308,245,208,271,205,274,232,265,363.76083,304.64622,239.23251,286.4078,208.06027,185.92233,254.64248,181.83046,243.04632,187.45577,241.69571,,
603.89127,382,288,254,271,196,177,262,191,239,190,236,366.08657,305.65977,239.66799,287.18891,210.01411,187.25804,255.84666,182.33326,243.04342,187.81517,243.00048,,
604.07603,380,308,242,285,201,188,241,175,256,192,229,367.10591,306.65641,240.53473,288.17364,211.33256,187.96392,255.88195,183.43047,242.7057,187.59682,243.82231,,
604.26081,402,311,239,283,205,182,236,169,230,164,244,368.76366,308.25095,240.45473,288.16354,212.45759,188.80036,255.90706,183.35987,242.6387,187.58583,244.276,,
604.44559,399,336,292,329,239,228,290,202,274,220,269,370.23027,308.77519,242.03255,288.99225,213.21953,189.07903,256.64674,183.87723,243.39532,187.70919,245.29561,,
604.6304,377,296,271,303,218,194,250,174,264,201,245,370.80507,308.37788,242.05058,288.72541,212.79481,187.76561,255.84432,183.55052,242.39691,186.60896,245.01601,,
604.81522,383,313,248,302,207,189,256,217,248,193,241,371.74391,309.21738,243.50835,289.0824,214.64142,188.68006,255.87227,184.07824,244.1762,187.15821,244.93019,,
605.00005,356,282,229,273,188,169,238,175,239,173,224,372.89488,309.27396,244.95683,289.54373,215.0289,187.616,255.57039,184.89943,244.74047,187.55958,244.31899,,
605.1849,372,318,249,304,209,214,268,190,239,190,265,373.69866,309.65317,245.27018,289.88614,215.98383,188.65345,255.43829,185.49249,244.72289,187.91723,243.48153,,
605.36977,355,292,252,303,207,191,254,158,238,185,248,374.24703,308.2991,244.52241,289.84801,215.19692,188.16401,254.17384,184.56364,243.75225,186.67134,242.2762,,
605.55465,383,309,248,298,205,175,264,188,240,187,226,374.47428,308.07978,244.09595,290.03586,214.74554,188.04059,253.88247,184.92147,243.20827,185.90528,241.15647,,
605.73954,400,309,268,292,252,194,260,191,239,173,273,376.08927,307.4755,245.32617,289.72953,213.7761,188.79186,252.68296,184.54869,242.80847,184.71345,241.32429,,
605.92445,414,341,264,305,206,181,302,209,285,214,260,376.76652,307.79984,246.44882,290.50622,214.02757,189.98734,252.82319,184.89658,243.43256,185.25332,241.66502,,
606.10937,402,319,248,291,233,189,251,192,244,194,240,378.01622,308.57016,246.57474,290.98211,213.68715,190.25842,251.84192,183.81472,243.18814,185.12589,241.27742,,
606.29431,393,332,268,316,240,202,292,207,252,214,270,378.52321,309.2408,247.0677,291.04487,212.70079,189.69515,251.40859,183.29158,242.39124,184.43636,240.79438,,
606.47927,350,316,204,269,175,160,216,165,232,191,218,380.89026,311.22716,247.19815,291.44391,211.79642,189.6724,252.05071,183.1061,242.88797,184.89542,241.62257,,
606.66424,367,301,213,280,229,188,240,175,214,164,232,381.79875,313.02714,247.99468,291.87431,212.60894,190.54631,252.21326,183.68273,243.19858,185.47197,241.90131,,
606.84922,372,302,234,253,172,175,242,174,226,162,210,382.43419,312.71469,247.63064,291.03968,211.79141,190.65032,250.89021,181.69419,241.61261,183.84412,240.72391,,
607.03422,367,321,246,286,224,192,256,208,242,174,211,384.26689,314.37034,247.98077,291.11722,212.43115,189.83051,250.91311,182.10231,241.36155,183.73911,240.78985,,
607.21924,360,300,256,266,207,172,220,164,209,145,237,384.78142,314.94419,248.9706,290.41374,212.85497,188.71685,251.03991,182.30766,240.75531,183.77902,240.7807,,
607.40427,387,319,265,328,234,206,264,174,266,204,251,384.99864,316.00555,249.24168,290.48724,213.71071,188.53317,251.44526,182.78819,240.34569,183.80484,240.9716,,
607.58931,374,303,227,285,213,178,229,180,236,154,233,383.63141,314.87026,247.74396,288.44796,213.04526,187.04143,249.72686,182.24209,238.67768,181.88865,239.16573,,
607.77437,386,316,254,302,219,170,239,168,239,195,264,383.57175,315.45494,248.2051,288.19328,213.8416,186.89884,249.21815,182.53917,239.18644,181.45827,239.27944,,
607.95945,370,292,241,262,221,207,244,177,239,162,266,382.30841,315.52887,247.77619,288.35801,214.87517,187.63399,248.85726,182.63043,238.36821,179.98924,239.03241,,
608.14454,405,308,239,298,221,201,249,175,239,193,234,382.60185,315.97049,247.63795,288.50832,215.22182,188.36125,248.74156,183.05513,238.3432,179.22166,239.10417,,
608.32964,390,313,258,292,213,193,241,179,242,186,236,382.37389,315.56459,247.01869,288.07964,215.89209,187.95943,248.18974,183.0354,238.49374,179.34275,238.28442,,
608.51476,356,301,232,272,188,160,226,168,236,173,197,383.4174,316.37546,247.46649,289.01701,217.74899,188.64242,248.41013,184.16988,239.20886,180.42064,239.07742,,
608.6999,383,308,232,273,207,189,265,158,262,185,222,383.0145,315.51729,246.85044,287.54638,215.75635,187.75336,247.7975,183.83114,238.44141,179.78425,238.22345,,
608.88505,369,313,271,284,185,172,237,181,247,175,238,383.69669,316.36202,247.60742,287.51045,215.87456,187.82795,247.69481,183.89853,239.56529,180.23455,238.02532,,
609.07021,382,328,246,291,243,200,244,186,239,185,239,383.80178,316.45582,246.74328,286.50291,215.47763,186.8903,246.62622,181.76439,239.23387,179.07615,237.50878,,
609.25539,386,320,246,291,226,204,262,184,250,192,230,384.44801,317.10342,247.47369,287.35043,215.49852,187.73379,246.60536,182.29285,239.86276,179.85606,237.88448,,
609.44059,386,314,225,291,176,177,248,219,180,174,239,383.99366,316.50805,248.19405,286.77399,214.9115,187.40076,245.78029,181.23948,240.35269,180.00385,237.51784,,
609.6258,388,314,239,269,204,222,239,177,211,170,264,384.74697,315.69916,248.70627,287.46846,214.24811,187.69252,245.59156,181.37829,240.43045,180.24213,237.61397,,
609.81102,386,313,254,308,201,180,241,177,242,173,250,384.47899,314.8665,247.72967,286.90999,213.1827,187.424,244.98179,181.48626,240.26474,180.01302,236.07223,,
609.99626,407,349,276,313,242,220,272,207,271,208,261,384.67064,315.59433,247.86695,287.60747,213.44966,187.84194,245.61696,182.21391,240.54789,180.95742,236.45732,,
610.18152,393,332,241,288,213,177,240,172,244,175,229,383.74634,314.96435,247.27831,287.96806,213.17808,187.48404,245.0043,181.65659,240.46037,180.82276,236.39802,,
610.36679,386,347,264,284,223,194,265,188,250,207,237,383.62543,314.59116,247.26338,288.22207,212.67474,187.00344,245.24229,181.28121,240.25353,180.90913,235.51403,,
610.55207,432,341,244,288,225,188,260,176,229,169,239,384.49938,313.75075,247.42986,287.67671,213.32825,186.79784,245.77107,181.63453,239.09876,179.42694,236.24324,,
610.73737,392,305,265,280,221,181,250,204,241,176,239,385.9082,315.03155,248.61725,288.19799,213.56674,186.40943,247.35446,182.79275,240.16786,179.3986,236.84253,,
610.92269,406,350,264,301,249,207,257,210,240,180,256,386.71775,315.69791,248.18496,287.76516,213.5973,185.99857,247.11482,183.21316,239.67449,179.72393,236.54962,,
611.10802,365,310,270,284,243,194,242,178,252,180,212,389.56654,317.60595,250.39077,289.63802,215.5628,187.68353,249.86919,185.52456,241.34939,181.66022,238.36418,,
611.29337,378,287,223,271,203,155,221,160,216,141,213,389.14981,318.35842,248.85486,288.50425,214.6585,187.07486,249.08682,185.18945,241.04165,181.89338,238.04874,,
611.47873,397,328,264,307,244,155,271,226,271,213,258,389.71064,319.02451,248.87766,289.03735,214.81664,187.23702,250.09989,185.33985,240.26676,181.95178,238.3521,,
611.6641,370,304,285,291,222,205,260,209,267,192,257,389.60257,318.97959,248.96743,287.83721,214.07876,187.46241,249.61422,184.60815,240.08073,181.11495,237.33206,,
611.84949,390,314,249,303,216,190,238,161,253,174,228,390.37034,320.12195,249.85773,288.55134,214.91914,189.51634,249.83243,185.07842,240.61605,181.51233,237.2054,,
612.0349,365,286,224,285,191,168,226,153,228,161,214,390.47235,320.75653,250.47303,288.14689,214.48717,188.17851,248.58808,184.96938,239.70389,180.44957,236.15586,,
612.22032,400,320,248,308,212,202,257,191,260,207,239,391.44035,321.65947,251.355,288.86826,215.32173,189.33555,249.56642,184.52355,240.55929,180.69021,236.65265,,
612.40576,378,302,228,272,186,198,232,165,222,174,241,392.36352,322.39532,251.96867,289.53852,216.05316,189.97431,249.43476,185.18646,241.47435,180.16954,237.59462,,
612.59121,413,312,250,290,189,177,256,191,260,206,242,393.5946,323.27158,252.75499,289.94158,216.16317,189.84634,248.94623,184.48653,241.34542,180.58013,237.597,,
612.77667,384,317,245,286,208,180,248,164,242,186,234,393.45145,323.10179,253.66994,289.8727,216.13246,190.64765,248.24003,183.84872,240.92895,178.97875,238.66122,,
612.96215,386,313,244,278,189,181,239,168,212,154,236,394.18259,323.66223,254.01413,290.14114,215.69664,190.53723,247.90367,183.13776,240.28109,179.05472,238.21668,,
613.14765,356,332,234,264,175,175,241,154,237,174,220,395.37815,324.44547,254.75451,290.34157,215.61057,191.21384,247.81467,182.72939,240.27221,179.22854,238.42744,,
613.33316,410,335,272,308,259,198,264,191,256,196,248,396.3972,323.74226,255.19588,290.73243,214.87085,190.52826,247.4816,182.15511,240.34395,179.35783,237.70656,,
613.51869,372,294,212,271,192,175,225,160,208,162,216,397.49489,324.35018,254.04523,290.60099,214.15081,190.73082,247.92444,181.05182,241.25622,179.38886,237.18295,,
613.70423,417,320,260,300,209,203,248,229,227,186,239,397.97239,324.65641,255.29371,290.35745,212.86842,189.81671,247.43192,179.8932,241.63465,179.32275,236.71682,,
613.88978,404,330,265,287,232,194,271,176,239,178,237,398.6975,325.58733,255.52787,289.90854,214.45915,189.45272,246.90296,178.63682,240.79404,179.074,235.98745,,
614.07535,426,336,253,317,239,207,266,204,239,186,242,400.90693,327.46273,256.42545,290.81907,215.95282,190.86292,248.20123,178.84435,241.69009,180.4613,236.13194,,
614.26094,395,365,239,277,235,183,253,214,240,178,222,401.84265,328.19572,255.40273,290.5763,214.25201,189.87542,248.23799,179.62004,239.37104,179.70251,235.4341,,
614.44654,402,338,270,289,230,179,249,178,240,173,260,403.58235,329.41124,255.5372,289.79211,213.7223,191.2555,248.19504,179.88616,237.33872,179.45496,235.49967,,
614.63216,401,320,253,276,203,202,236,170,223,146,239,405.16687,330.72273,256.51709,290.52056,213.3714,192.10514,248.52864,180.08408,237.10872,179.03015,236.14927,,
614.81779,422,340,285,288,217,212,267,178,232,175,241,408.80015,333.77361,259.09894,292.77218,215.30291,193.71111,250.65102,182.14818,237.8764,180.9407,237.12804,,
615.00344,426,350,267,289,222,203,252,201,237,169,248,410.24698,335.25516,259.48291,293.02295,215.10489,194.4413,249.99542,181.55741,237.51034,180.62536,236.94163,,
615.1891,416,372,288,314,235,216,240,182,271,210,244,412.46164,338.25418,261.52778,293.98272,215.83957,195.80299,251.77492,182.30947,237.62681,181.92188,237.26105,,
615.37477,421,340,257,296,207,214,252,175,250,210,242,415.62031,340.10965,262.17439,294.13432,216.40354,196.40712,252.07065,181.82532,237.02569,181.38551,237.29935,,
615.56046,441,345,303,320,244,228,271,186,271,186,257,419.13683,341.37004,264.4548,294.89472,217.58762,197.7783,252.69136,183.20805,236.33247,181.76187,237.98084,,
615.74617,367,319,239,271,190,173,214,136,207,154,219,421.78573,344.24845,266.50572,296.04088,219.1627,200.25398,253.22589,184.07008,236.59748,182.29525,238.99099,,
615.93189,433,345,303,329,219,207,257,180,253,192,239,424.25783,346.13853,268.78942,296.96779,221.40028,201.64076,253.97407,184.60787,236.96514,182.48952,238.4418,,
616.11763,417,334,256,284,237,209,214,170,250,171,229,426.34572,346.9113,269.47756,297.71227,222.517,202.28295,253.4613,183.97726,236.3268,181.72833,237.82129,,
616.30338,448,360,271,313,209,194,264,198,239,197,249,429.21509,349.50169,270.52157,299.06118,224.34042,203.0617,254.60115,185.89227,237.77823,183.09946,238.52683,,
616.48915,416,342,255,278,202,143,257,196,228,165,213,431.07293,350.84688,274.06292,299.3059,225.76969,204.36257,255.14075,187.53227,238.52239,183.80942,239.57489,,
616.67493,431,339,276,292,228,236,272,173,240,180,268,434.11923,352.56346,276.32911,301.03434,227.60907,205.33004,255.16438,187.13149,239.26993,183.67397,239.58337,,
616.86073,431,350,282,320,214,189,241,192,236,195,233,436.0275,353.74545,278.10471,302.69637,228.91821,204.97164,254.95683,187.30528,239.64445,183.37072,238.96566,,
617.04654,422,341,254,284,196,177,242,158,202,171,196,439.49569,355.50928,280.16725,304.38162,230.49786,206.29505,255.90584,188.49104,240.93126,184.11574,239.6496,,
617.23236,425,350,274,312,222,190,262,189,236,178,259,441.23269,356.49716,281.785,304.81225,230.5869,207.36597,255.46588,188.17366,240.73714,183.5483,240.22134,,
617.41821,460,363,257,288,232,195,277,196,246,216,232,445.11835,358.02014,283.8214,306.66047,231.26324,208.63413,256.34327,189.57179,242.0935,184.73528,241.27539,,
617.60406,476,355,273,312,252,226,274,198,256,194,255,447.24596,358.3839,284.60672,307.37133,231.43854,208.71793,256.00005,189.20284,241.67732,184.01844,240.70072,,
617.78994,457,354,281,313,238,196,260,193,239,187,236,449.72742,360.47686,286.60217,308.78824,231.90944,209.73648,255.91427,190.91755,242.19303,183.52683,242.08098,,
617.97582,431,397,266,286,236,208,251,187,229,175,223,450.46746,361.98883,287.17683,308.79032,231.07751,209.99801,256.29548,190.27636,242.30544,184.0371,241.43369,,
618.16172,456,364,322,301,256,206,264,192,226,190,234,452.98464,363.94045,289.05201,310.04797,232.37455,210.08845,256.91898,190.18202,242.96077,184.88398,241.13509,,
618.34764,468,383,287,316,256,229,271,218,230,184,247,454.0747,364.89028,288.49326,310.24882,232.28257,210.1998,257.03633,189.91914,242.36388,185.10979,241.13151,,
618.53357,479,384,303,335,219,245,282,234,266,202,260,456.48588,366.00813,289.72446,311.17094,232.21808,211.31693,257.41344,191.51838,242.64069,185.72758,241.15045,,
618.71952,437,348,284,292,207,195,240,187,220,154,221,457.7674,367.27144,290.85282,311.48074,233.25172,211.96127,258.26392,190.83649,242.57668,185.80507,241.44787,,
618.90548,485,383,332,334,265,254,270,208,254,209,258,461.37935,369.74928,292.93873,313.82471,235.33951,214.00707,260.00999,192.60153,243.50212,186.72627,242.27659,,
619.09146,467,370,312,335,255,228,265,188,271,189,264,463.13423,371.8795,292.97941,313.84337,236.85572,213.704,260.28195,194.04494,243.90077,186.51462,241.48914,,
619.27745,476,367,303,328,248,209,253,189,241,198,236,465.72514,374.36569,295.4148,314.69666,238.76135,214.39756,261.92892,195.45059,245.04523,186.93859,242.59958,,
619.46346,431,346,275,286,213,228,221,154,239,154,239,466.9853,374.39197,295.70049,313.9687,239.00546,214.14718,260.76092,195.13817,244.23348,185.10091,242.11552,,
619.64948,497,388,319,332,260,220,284,209,255,197,249,470.63691,377.15554,298.57213,315.04349,240.90056,215.77257,262.03898,195.81646,244.18007,185.2102,242.05722,,
619.83552,471,358,290,306,243,217,227,180,248,177,240,473.22082,379.71463,300.61451,315.98811,243.0836,216.86204,261.66187,197.14419,244.1492,184.79805,242.56513,,
620.02157,495,399,322,340,256,241,274,211,253,204,253,475.81947,383.02707,302.88355,317.67306,245.60885,218.55714,262.12188,197.63295,246.41084,185.85678,242.48918,,
620.20764,451,390,292,314,235,210,256,178,271,180,232,478.33711,385.41342,304.09226,318.25822,246.73891,220.27949,262.08163,197.85909,247.27679,187.39088,242.34504,,
620.39372,500,386,303,324,256,198,268,207,240,177,239,482.51734,387.80867,307.37038,319.88668,248.98784,222.61039,263.21711,198.58212,248.64939,187.36103,243.27697,,
620.57982,469,385,307,317,236,224,246,190,250,188,248,483.83012,389.04113,308.90595,320.41688,246.15083,223.02879,262.64563,197.71623,248.76996,187.04523,243.12675,,
620.76593,495,400,317,308,236,208,264,211,248,177,248,487.12163,390.99336,311.93198,322.01721,247.56905,224.2229,262.7503,197.70527,249.94947,187.34751,242.9523,,
620.95206,492,380,352,324,257,194,258,195,232,174,249,489.36839,391.94602,313.67349,321.70319,249.55274,225.35527,261.35108,195.98437,251.0306,187.11681,242.69983,,
621.1382,503,400,298,352,256,223,272,195,258,178,241,492.94525,394.49775,315.51045,323.29079,251.51727,226.48024,261.31761,196.48332,251.92568,187.98129,243.21681,,
621.32436,484,399,309,319,239,222,270,220,250,189,249,496.04236,396.3464,317.5466,323.29894,252.66597,225.7775,261.6939,197.34941,252.10614,187.72745,242.50814,,
621.51053,497,387,298,303,229,246,264,190,238,179,255,500.23548,398.84319,320.61157,325.07697,254.52717,227.83703,262.67188,196.99706,253.12872,188.51924,243.81431,,
621.69672,478,399,309,326,237,225,254,191,239,190,234,503.11617,400.79861,321.96926,325.80484,255.30164,228.53111,261.83898,196.70319,252.45068,188.70692,242.89504,,
621.88292,516,408,301,335,260,233,276,217,252,206,239,507.03832,403.35151,324.25138,327.13054,256.38696,227.94199,261.61503,196.8901,251.52654,188.88824,241.06843,,
622.06914,480,399,305,303,239,204,255,185,238,182,222,509.19708,404.63775,325.41566,327.34601,256.63734,227.12023,261.30374,196.53152,249.65691,188.24705,241.26576,,
622.25537,512,447,344,337,274,245,291,218,286,234,270,514.16041,407.38714,327.06333,328.04193,258.49584,227.96532,262.383,197.64072,249.34216,189.77791,241.60955,,
622.44162,502,386,302,303,244,213,276,145,224,198,204,519.53843,409.25176,329.4358,329.42828,260.67664,228.94217,264.36406,199.0938,250.00002,190.59566,242.70523,,
622.62788,529,425,338,332,269,229,261,202,259,181,252,524.42973,411.63363,332.20993,330.3625,262.43188,229.39258,264.32252,199.47045,249.15355,190.32003,242.67413,,
622.81416,524,418,335,334,286,260,277,221,264,192,271,528.66214,415.79476,334.55045,331.08947,264.37036,230.25382,265.4546,200.62099,249.35025,191.09717,243.42422,,
623.00045,537,410,360,334,273,239,254,196,260,178,229,533.94172,419.83816,338.20419,332.61496,267.19219,231.20039,266.78339,201.85218,249.00403,192.47827,243.78885,,
623.18676,541,428,349,339,291,233,264,204,246,186,248,539.29729,423.4372,340.36553,333.83769,269.71893,232.88668,267.70074,203.75809,248.35457,192.8604,245.09438,,
623.37309,576,436,364,350,283,242,273,236,270,197,236,545.26875,427.82054,343.09058,336.39079,270.70919,235.26241,269.51261,206.50377,249.13554,194.01638,246.17416,,
623.55942,527,402,322,313,260,207,239,184,237,176,220,549.57021,430.56212,345.80883,337.4454,271.39428,236.07728,269.54264,207.72242,248.59578,193.50332,246.33491,,
623.74578,564,448,378,353,281,263,276,209,255,207,252,556.00877,435.01083,350.22945,339.8595,274.67184,239.49217,270.96621,208.89198,249.28288,195.32171,247.61974,,
623.93215,546,415,330,337,268,224,222,175,228,180,225,561.21489,437.33804,353.12462,341.50701,276.56579,240.42341,270.66688,208.64013,249.47573,195.18931,247.32288,,
624.11853,596,485,390,380,301,281,302,223,276,228,260,567.2924,439.87837,356.11579,342.5584,278.10349,241.62198,271.29874,208.85703,249.21803,195.91397,247.41371,,
624.30493,542,416,340,332,260,233,252,197,260,190,250,571.56941,441.8706,358.67424,343.64174,278.64715,243.15923,270.93033,207.83565,249.42458,195.58411,247.54656,,
624.49134,589,434,353,335,253,244,296,198,265,200,239,578.12535,445.86537,362.82663,346.24753,281.24304,245.12186,272.64751,209.22417,250.21339,196.59963,248.32245,,
624.67777,588,436,372,335,253,239,256,209,222,193,257,583.76838,447.74124,365.69943,348.02972,282.98997,246.46887,271.62115,209.61446,250.0246,196.18234,248.72373,,
624.86421,605,440,384,357,271,239,284,211,249,181,261,589.9583,452.00505,370.15821,351.13588,285.86258,249.57166,272.74287,211.2892,250.72015,197.88183,249.59476,,
625.05067,578,447,367,350,271,236,266,205,257,214,243,594.84013,455.55161,373.36714,353.06616,287.02738,251.18274,273.10141,211.8583,252.05762,198.30827,249.90054,,
625.23714,604,462,365,338,401,246,264,204,234,191,241,602.23828,459.16376,377.27607,355.85087,289.80559,253.09359,275.34857,213.8486,253.15792,199.54903,250.52133,,
625.42363,606,466,382,361,296,253,281,214,239,207,261,607.5457,462.34168,379.9622,357.44361,289.82514,254.62287,274.6004,213.52228,253.08474,199.47188,250.65039,,
625.61014,635,495,385,388,299,261,288,266,239,206,255,613.78489,466.97296,384.12061,359.79094,290.96029,255.92725,276.03253,215.8036,254.01574,200.21065,251.45328,,
625.79665,633,474,401,357,272,248,292,225,232,196,250,619.83365,470.0482,388.67963,361.76138,292.90283,256.09303,276.22642,215.64733,253.36162,200.27115,252.26259,,
625.98319,627,486,381,378,288,253,274,214,241,202,255,627.20959,475.09744,393.46336,365.74339,295.65698,258.83397,278.5483,217.46447,254.61367,201.36293,253.60427,,
626.16974,609,463,366,329,288,250,270,234,219,178,242,632.20861,478.8108,395.73469,366.58731,296.04535,258.82378,279.04838,218.67891,253.98356,200.99663,254.03651,,
626.3563,661,495,436,395,312,251,303,256,271,214,288,638.24007,483.26322,399.23819,368.60192,297.25643,261.10967,280.2075,220.42699,253.77805,201.68099,255.91631,,
626.54288,623,468,381,341,280,281,284,206,242,191,284,643.53358,487.34415,402.40284,370.77211,298.53684,263.05357,281.088,221.88636,253.83596,202.38449,257.49827,,
626.72947,693,524,442,409,333,305,310,255,308,226,282,649.73764,491.2762,405.66047,373.739,299.73947,264.40474,282.134,223.93001,253.96211,202.96534,257.59705,,
626.91608,644,495,414,374,291,255,284,216,272,195,254,653.56339,494.8219,407.77202,374.52502,300.207,265.57897,281.52164,224.80387,253.36191,202.09737,257.28035,,
627.10271,657,524,406,376,302,284,252,206,252,201,252,658.96491,499.66867,411.47249,376.9626,302.04641,267.22182,283.0489,226.56799,254.96063,204.02082,258.20342,,
627.28934,666,512,401,398,306,276,309,239,290,236,274,663.76973,503.28297,413.732,378.3644,303.7423,268.24517,284.34282,225.77904,255.055,205.50035,257.79218,,
627.476,669,502,399,381,299,275,261,207,245,190,232,670.61444,507.8899,417.96172,381.60708,306.04847,270.37974,286.03959,227.7893,255.74819,206.04082,259.06204,,
627.66267,663,477,413,367,290,271,264,206,256,181,251,675.64964,511.78935,420.70085,383.87295,307.69691,273.3615,286.58552,228.95483,256.20476,206.19468,260.00886,,
627.84935,680,514,436,394,303,271,286,209,268,208,229,682.03284,515.97175,425.07864,386.99687,310.28526,275.53068,287.16675,230.35654,257.135,206.54293,260.08985,,
628.03605,680,494,440,373,320,269,270,200,257,202,249,687.28336,519.95382,428.74659,389.22931,313.43278,277.23321,287.46316,230.22166,257.6717,206.73619,260.37774,,
628.22276,702,515,426,382,316,274,289,205,255,210,239,694.00403,524.66588,432.75814,392.44644,316.63037,279.12247,288.66772,232.56105,259.3341,207.58547,260.27043,,
628.40949,684,492,421,379,284,245,271,228,244,184,234,699.28007,528.5237,436.19423,393.70056,318.51106,280.41856,288.67705,233.77377,259.96356,207.56493,259.88688,,
628.59624,717,556,463,414,324,310,330,262,282,234,300,706.20533,534.13574,441.26164,397.66065,322.00863,283.63947,290.26972,234.83739,261.36542,208.90317,260.45856,,
628.783,705,554,461,440,335,288,292,253,273,220,266,711.75633,537.61134,444.15991,400.0301,323.27885,285.03962,289.52083,235.00603,261.39441,209.10435,259.53625,,
628.96977,725,556,452,403,336,300,291,262,255,212,269,718.78983,542.96165,449.2032,403.91318,325.98394,287.49747,290.87239,236.52742,262.69376,210.24363,259.66982,,
629.15656,719,533,445,399,314,282,282,237,250,208,259,723.19484,546.57184,452.04113,406.17468,326.69286,288.25437,289.9983,236.63259,262.87549,209.93624,259.16793,,
629.34336,732,580,464,404,328,303,320,244,278,240,264,729.68033,550.62396,455.87352,409.37421,327.96969,290.83035,291.48762,237.49727,264.48436,210.85132,259.35029,,
629.53018,746,546,446,396,303,271,296,233,255,198,263,736.11334,554.39577,459.73807,411.68441,329.05142,292.30741,291.29312,237.95576,262.8797,210.39643,259.42298,,
629.71702,753,568,461,414,340,292,307,238,253,218,262,743.08494,558.27095,463.98186,414.85019,330.6975,293.95869,291.82756,238.96745,262.73503,210.00451,259.73408,,
629.90387,719,568,448,397,306,266,253,217,228,184,257,748.92566,562.42778,467.44769,417.03583,331.76973,294.8831,291.9981,239.14086,262.93382,211.11556,258.91388,,
630.09073,762,588,497,434,383,303,332,282,276,239,285,756.08202,567.09658,471.29998,419.50638,337.3365,296.08888,292.35269,239.22333,262.75062,211.4457,258.51052,,
630.27761,761,559,462,401,350,296,277,218,240,201,266,762.15296,571.99538,474.17665,422.42982,340.37127,298.32558,293.78212,240.04804,262.71198,212.51426,259.37002,,
630.46451,770,596,491,431,346,320,313,289,276,218,269,769.70591,577.42991,478.94032,426.08247,342.86244,300.21181,294.70887,242.27258,262.85146,213.11029,259.56241,,
630.65142,738,551,431,395,318,258,253,225,236,182,242,776.17511,581.4681,483.23944,428.22571,344.67358,301.34492,296.30359,243.98682,262.19151,213.42237,259.20089,,
630.83834,802,598,527,476,383,352,312,274,294,241,281,783.48411,586.27554,488.01921,432.37747,347.43822,303.09559,297.21996,244.7518,262.09606,214.25502,260.07094,,
631.02528,784,562,477,425,346,306,285,229,271,195,239,789.08623,589.53503,490.4965,433.34456,349.33573,303.7691,297.13439,246.18243,260.27869,213.34497,258.92287,,
631.21223,790,585,498,444,348,299,281,236,262,201,222,797.46823,594.57036,496.67336,437.24261,353.13588,306.00159,299.46212,249.65478,261.26571,214.65399,260.8279,,
631.3992,798,602,485,430,375,330,296,242,273,222,273,803.14603,598.12906,499.71843,438.61292,355.51938,307.49195,299.85347,250.52982,260.64242,214.68013,261.67184,,
631.58619,847,610,527,476,383,308,335,250,286,252,269,811.83957,604.2145,505.11787,443.29047,359.65322,311.38116,302.08852,253.34472,262.44076,215.83497,263.06838,,
631.77319,830,622,517,460,376,335,304,254,264,216,277,818.0865,608.01316,508.92283,446.32454,362.05953,312.80217,302.37294,254.03187,261.94303,214.9747,262.85957,,
631.9602,844,608,527,465,352,328,301,266,253,198,255,825.30479,613.6787,513.61487,449.63141,365.39677,316.37704,302.45272,255.2926,262.60398,215.96487,263.55163,,
632.14723,802,614,495,431,354,305,270,221,265,210,239,832.94283,618.88679,518.12999,453.95175,368.88317,319.29656,304.58663,257.58937,264.91266,218.05078,264.5076,,
632.33428,860,636,545,468,399,308,325,269,282,234,270,841.26354,623.71207,522.38322,457.80754,372.17806,322.23251,305.68461,259.40925,265.39682,219.12551,264.74815,,
632.52134,830,621,520,441,360,317,303,237,266,213,258,848.30048,628.1482,526.69655,461.01658,373.88346,325.13425,306.42116,260.68128,266.07133,219.35,265.90063,,
632.70841,876,649,538,479,361,328,323,299,266,224,268,856.93377,633.64873,532.03864,465.42101,377.03656,328.43641,307.47204,262.05513,266.98679,220.46363,265.90093,,
632.8955,870,638,548,462,353,333,303,254,252,212,269,864.05753,637.43632,537.20456,468.44549,379.65929,330.99359,307.93773,261.90512,267.72806,220.75866,266.19828,,
633.08261,875,633,527,495,374,316,307,239,252,218,258,872.17593,641.34438,540.98978,472.01026,382.65322,332.91644,308.94632,261.70595,268.54452,221.16134,265.66672,,
633.26973,856,617,527,444,337,303,286,266,239,200,253,879.60477,644.74482,545.17153,474.32619,384.58574,333.64903,309.98713,262.44615,268.42452,221.56978,265.10474,,
633.45686,885,656,554,483,399,324,305,260,253,208,274,888.41765,650.7527,550.53591,478.9826,387.71528,336.78543,312.51938,265.31724,269.94704,223.47827,267.13348,,
633.64401,889,669,544,481,389,349,312,260,256,225,273,895.76199,655.29443,555.29396,483.8127,389.93137,338.97241,313.15155,266.47636,270.18997,224.03402,267.89628,,
633.83118,930,665,573,494,422,367,342,284,282,241,288,904.17067,660.0111,560.4804,487.77023,393.37394,340.92079,314.39557,268.31659,270.30664,224.44261,267.84625,,
634.01836,911,667,552,464,397,317,309,258,240,210,253,911.35863,664.09726,564.99794,491.19348,396.2068,342.96788,314.88367,269.58069,270.20737,224.40291,268.52606,,
634.20555,917,679,571,492,401,348,328,282,306,251,273,920.37339,670.04358,570.63204,495.55705,399.49097,346.01923,317.40284,271.54271,271.31804,225.9764,269.93687,,
634.39276,921,680,575,486,398,342,334,266,286,239,271,928.21156,674.09925,574.92448,498.63573,400.80434,346.84801,318.69705,272.60069,270.91526,225.61612,269.89264,,
634.57999,936,677,589,516,418,364,332,289,286,222,294,937.45394,679.43795,580.20431,502.8576,403.62796,349.72301,320.69977,274.08288,270.79356,226.03033,270.86822,,
634.76723,918,674,575,496,409,367,324,293,277,226,279,945.01524,684.8134,584.35242,506.32968,405.62278,351.24161,321.22515,274.6587,270.62642,225.77141,271.19441,,
634.95449,960,669,630,504,404,340,303,279,275,216,255,954.19142,691.14868,590.53548,510.97703,410.659,353.46644,324.45577,277.84765,272.34929,227.37047,272.52703,,
635.14176,945,681,574,512,431,361,328,290,266,232,271,962.55467,696.38422,595.20823,514.43528,414.68661,355.79096,325.35226,278.46012,272.39546,228.21822,273.53197,,
635.32904,989,712,609,540,432,377,312,273,283,233,286,971.61424,701.94727,600.21205,518.64094,417.57777,358.65218,327.25858,281.15443,272.56248,228.57227,273.9202,,
635.51634,962,702,574,497,417,363,317,296,270,221,248,978.51596,706.37847,603.75005,521.06177,419.93946,359.40164,327.49057,282.2502,272.65012,228.11346,274.50139,,
635.70366,1006,735,636,558,450,400,348,298,304,256,303,987.85594,712.78548,611.04317,527.0868,425.28241,363.71313,329.5066,284.64194,274.96276,229.35315,275.6633,,
635.89099,969,710,584,530,414,349,301,255,260,217,248,995.4225,716.67626,615.46536,530.71759,428.53122,365.48305,329.62357,285.59802,275.29366,228.62561,274.11529,,
636.07833,1029,735,639,568,431,408,351,294,285,237,285,1003.86953,722.09527,621.11332,535.57861,432.71988,367.6243,330.74237,287.46982,276.55265,229.07513,273.48268,,
636.26569,1007,708,627,530,428,360,320,280,273,236,271,1012.30603,727.46175,625.63245,539.9409,436.83236,370.74982,331.32318,288.79139,277.59322,230.026,273.64783,,
636.45307,1053,763,664,558,450,399,367,319,326,280,303,1022.1099,733.28503,632.03201,545.72067,442.09235,374.2326,333.96702,290.83812,279.65888,232.03144,275.0509,,
636.64046,1042,736,632,556,431,357,345,291,272,226,273,1031.45249,738.57186,637.89513,550.65977,446.40658,377.90208,335.43047,292.79895,280.14259,231.8325,275.15464,,
636.82787,1044,745,633,549,430,372,334,289,254,225,289,1041.08632,743.8173,643.9132,556.41992,450.10446,381.2731,336.49664,295.05366,280.95517,231.59415,275.11337,,
637.01529,1028,751,638,552,428,371,321,271,270,212,272,1048.07669,748.45084,647.98276,560.12145,452.6618,383.60457,335.97216,294.97377,281.10218,231.40062,273.83626,,
637.20272,1069,736,649,561,473,367,331,282,272,225,255,1058.12555,754.76647,654.35371,565.75531,457.75062,386.8686,338.83771,297.21405,283.9429,233.92611,274.5348,,
637.39017,1034,731,638,548,437,349,341,275,276,217,266,1065.27321,759.17212,658.27169,569.62978,460.2945,388.68593,339.84154,296.36635,284.3596,233.97252,273.9959,,
637.57764,1088,766,650,575,474,367,345,313,271,237,271,1074.60858,764.55412,663.93529,575.26678,463.26673,391.48101,342.27412,299.75703,285.70835,235.41514,274.51877,,
637.76512,1083,783,687,566,462,392,346,318,264,242,287,1082.45528,769.26358,668.80566,578.99266,465.61034,393.50939,342.70733,300.19489,285.92176,236.03345,274.14632,,
637.95262,1093,776,671,608,465,402,325,309,282,212,280,1091.88602,774.44782,674.13051,584.86077,469.42522,396.4071,344.59933,301.52407,286.88575,237.37652,274.35552,,
638.14013,1082,749,676,568,463,386,334,271,264,206,258,1099.53791,778.26356,677.9132,588.41942,471.17239,397.00374,344.89275,303.66135,286.3078,236.71066,273.52814,,
638.32766,1125,801,703,596,512,400,367,324,303,239,269,1108.6095,783.95436,683.56647,593.27455,475.13595,399.14431,346.2972,306.41602,287.15108,237.75494,274.20512,,
638.5152,1115,805,686,597,480,426,349,318,294,238,303,1116.53963,789.32997,688.26082,597.71318,478.34119,402.2237,347.53929,308.75608,288.09026,238.48422,275.0882,,
638.70275,1158,808,705,616,481,410,368,318,298,251,271,1126.00288,794.60516,693.78994,603.57668,482.88065,406.14202,349.60713,312.08304,289.84536,239.8679,275.70174,,
638.89032,1114,796,689,592,480,399,341,303,288,232,248,1134.15348,798.90999,698.27339,607.38526,486.80142,407.47134,350.11282,313.84799,288.51559,239.21808,275.18818,,
639.07791,1174,832,719,630,524,446,363,324,322,259,296,1142.5466,804.24852,703.25126,612.54774,490.5637,409.8163,351.97266,316.86756,290.4895,240.95828,275.33369,,
639.26551,1141,815,702,613,515,399,354,316,316,256,261,1151.01386,809.22931,707.44228,616.57172,493.87676,411.65086,353.57276,318.43743,291.35459,242.11932,274.80518,,
639.45313,1165,817,728,623,512,416,348,325,292,245,276,1160.71345,814.15511,713.10417,622.28583,498.57286,414.34164,356.1624,320.74226,292.5927,242.7985,276.02664,,
639.64076,1153,807,711,623,489,429,333,303,273,237,271,1168.41521,818.94833,717.56173,626.68113,502.10036,416.8956,357.12037,322.85384,293.64509,243.04578,276.12329,,
639.82841,1182,815,730,633,495,421,358,328,292,224,264,1178.09973,823.43926,724.30975,631.19058,506.57145,419.65415,358.37222,325.24143,294.46384,243.63426,276.60708,,
640.01607,1169,843,752,640,534,430,361,333,327,257,289,1186.5866,827.85379,728.9687,635.92833,510.76396,422.14027,359.89137,327.59295,295.53727,245.01273,276.93042,,
640.20374,1209,838,742,668,527,440,356,328,292,248,253,1196.61671,833.05946,733.73114,641.36934,515.78199,425.27011,360.7978,329.55034,297.30248,246.07733,277.74149,,
640.39144,1191,815,708,632,492,414,351,336,273,250,269,1204.72158,838.08132,737.8207,645.14109,519.68036,428.01352,361.95418,332.59557,298.58946,247.14351,277.47002,,
640.57914,1238,863,757,669,529,461,391,344,322,275,322,1214.25808,843.79694,743.42585,650.72615,524.49038,432.2651,363.73184,335.65768,300.73297,248.94682,278.97839,,
640.76686,1217,831,736,650,498,445,352,318,284,240,271,1222.50792,848.43786,747.82613,655.54454,528.44447,435.51143,364.84888,337.09864,301.85026,250.02131,278.84237,,
640.9546,1225,847,760,654,528,446,384,341,303,242,292,1233.13509,854.02281,753.945,661.97271,533.26075,439.49711,367.0231,339.83155,303.5006,251.67537,279.78443,,
641.14235,1231,838,738,655,500,412,357,324,284,239,245,1241.63698,857.84693,758.52302,666.34852,536.03785,441.63302,366.98564,341.25595,303.62065,253.00698,280.2335,,
641.33012,1234,869,746,674,527,431,369,330,319,284,297,1251.87932,863.81007,764.66189,671.6194,540.12983,445.46366,369.35922,343.95431,306.05783,255.705,282.34474,,
641.5179,1240,857,750,655,524,436,381,333,298,271,282,1261.81678,868.39142,769.36266,676.13482,543.30349,447.24361,370.96713,345.72237,306.51974,256.97212,282.76348,,
641.7057,1289,883,783,692,565,448,405,368,335,284,307,1271.56946,873.20678,773.7727,680.53412,546.35634,449.74634,371.8441,347.23998,305.94664,257.58502,283.59406,,
641.89351,1243,847,754,664,528,414,344,338,262,216,270,1280.17411,878.24877,778.21493,684.77112,549.05672,451.8373,373.01715,348.43172,306.13314,258.05907,284.46132,,
642.08134,1313,896,815,697,580,469,385,417,329,279,300,1290.12625,883.66579,783.16653,689.90285,553.44776,454.03925,374.48443,350.25346,306.5919,259.33824,285.32055,,
642.26918,1289,894,776,676,570,448,357,344,300,244,274,1298.75508,887.93805,787.58629,693.88484,557.13953,455.28302,376.97452,352.13699,307.28714,260.2555,286.41967,,
642.45703,1341,910,816,728,585,482,407,408,325,259,307,1308.59827,892.92276,792.19758,698.85818,560.75186,457.34128,379.57428,354.59002,307.74534,261.79315,287.85954,,
642.64491,1297,889,780,694,556,435,362,367,298,238,277,1317.48468,898.08576,797.34723,702.50411,564.07486,459.62051,381.30123,356.90949,307.51496,262.85252,289.27629,,
642.83279,1338,916,830,723,586,497,392,367,335,287,306,1327.08643,903.02421,802.7578,707.92297,567.94041,462.17572,382.77479,358.82527,307.77118,262.75877,290.53623,,
643.0207,1318,888,793,719,572,465,370,339,298,234,276,1335.24818,906.2013,806.79571,711.5466,570.84652,462.49462,383.25335,358.96716,307.01291,261.85649,290.07287,,
643.20861,1362,911,813,735,591,457,380,349,292,258,266,1345.44411,911.38472,812.91135,716.05214,576.0793,464.82258,386.04591,362.02394,308.335,263.11722,291.83585,,
643.39655,1357,911,813,701,584,447,384,337,286,253,291,1354.4736,916.02865,817.4664,720.71238,580.47106,468.40834,387.80638,364.07742,309.73897,263.62097,293.53818,,
643.58449,1390,948,827,739,584,484,408,362,348,294,296,1365.0036,921.79356,822.84971,725.71943,584.47956,471.39826,390.19493,366.46975,310.63184,264.71324,294.85814,,
643.77245,1394,928,828,719,595,480,383,341,305,258,294,1375.51736,926.93708,828.14979,730.66262,589.00227,474.2892,391.65621,368.76842,310.9265,265.28698,295.53591,,
643.96043,1400,943,861,751,610,493,401,373,328,270,319,1385.8043,933.30492,834.00646,735.88505,594.25357,478.14025,393.52887,371.30599,312.62473,267.1569,297.21407,,
644.14842,1374,943,827,724,585,489,367,373,320,272,288,1397.2752,939.83506,839.59428,741.2244,599.71297,480.68937,395.24028,373.05699,314.0776,267.98743,297.22562,,
644.33643,1423,943,853,748,618,502,416,389,320,294,317,1408.64368,945.72831,845.97783,746.25969,604.89205,483.47874,396.84126,375.19131,315.44481,269.76978,297.82989,,
644.52445,1398,944,832,751,580,468,385,369,328,275,281,1419.07137,951.28812,851.31396,750.81066,608.36295,487.09081,398.21722,376.41804,315.52744,270.20685,298.7014,,
644.71249,1423,954,846,750,616,496,399,383,310,264,301,1430.22454,957.47562,857.18766,756.63179,612.98376,491.03513,400.49693,378.91789,316.39779,270.71641,299.79343,,
644.90054,1415,957,877,755,591,493,404,381,301,277,303,1437.78579,961.66432,862.48739,760.79716,616.76308,493.61986,402.05298,380.3639,317.61902,271.7125,301.13781,,
645.08861,1455,952,864,768,613,494,399,367,301,265,303,1447.70994,966.86691,867.72405,766.27774,621.85927,496.73198,404.13699,382.45627,318.27317,273.13522,301.69569,,
645.27669,1454,961,874,768,617,482,411,369,305,277,300,1453.29219,969.41609,870.14825,769.31754,624.175,498.25704,405.63263,384.51036,317.78992,274.02079,301.20671,,
645.46479,1462,973,861,768,610,462,385,378,293,264,303,1461.733,974.06786,874.62776,773.77879,628.05237,501.48728,408.54572,387.39641,318.98059,276.1215,303.30447,,
645.6529,1440,965,852,751,592,494,396,369,294,262,304,1468.31912,976.83105,877.59403,777.1603,630.05264,503.8819,409.07386,388.29215,318.19477,275.78163,304.06385,,
645.84103,1492,997,892,782,657,512,444,399,333,272,310,1475.62128,980.21412,880.82722,780.90718,633.13862,506.12456,410.55825,390.05699,318.00016,275.67496,304.45675,,
646.02917,1484,981,879,779,638,495,416,399,312,275,289,1482.52742,983.03699,884.36162,784.74305,635.4329,507.67449,411.86448,391.38449,317.70427,275.87751,304.77805,,
646.21733,1488,1004,898,805,652,524,427,408,329,274,321,1489.43321,986.82498,887.77152,788.54615,638.29129,509.39586,413.0995,392.60713,318.45763,277.43306,305.66033,,
646.40551,1498,1007,909,804,655,514,447,418,346,296,330,1496.76004,990.18877,891.07291,792.29985,640.4119,510.91674,415.09269,393.93796,319.55655,278.43004,306.2482,,
646.59369,1521,1007,913,813,664,527,427,412,336,288,318,1505.97409,994.53584,896.07742,797.65707,644.62266,513.86006,418.9438,397.31695,321.37074,280.57449,308.52642,,
646.7819,1517,975,906,790,653,518,427,399,328,271,301,1514.25971,998.43623,900.70552,802.02319,647.40252,516.1092,420.85762,399.32855,321.82226,281.006,310.09889,,
646.97011,1525,1000,910,812,639,528,401,384,322,271,301,1524.54085,1003.81737,906.92448,807.34103,652.32048,519.64624,423.65589,404.11445,323.90086,283.58912,312.73007,,
647.15835,1536,1006,911,802,678,512,398,399,322,266,292,1532.68108,1007.48542,910.75191,810.4958,655.85646,521.22023,425.0788,404.96983,323.5992,283.81291,313.17396,,
647.34659,1567,1017,930,837,680,526,428,411,335,287,309,1542.58357,1012.54214,916.00892,816.63517,660.59779,524.80654,428.16018,409.51829,324.78507,285.21609,315.28553,,
647.53486,1555,1018,905,821,665,527,414,419,335,296,310,1548.7185,1015.02458,918.76917,819.06292,662.85028,525.96106,429.24594,411.6023,325.72901,285.29536,315.61292,,
647.72314,1594,1049,956,843,696,592,456,442,351,316,350,1556.18474,1018.9865,923.25086,823.39045,666.18304,528.27122,430.92077,412.83531,326.81282,286.36977,315.92605,,
647.91143,1570,1033,914,841,670,543,413,395,319,274,285,1561.28494,1020.96097,925.5462,826.93148,668.2781,529.6358,431.99515,413.42644,327.15273,286.61684,315.09334,,
648.09974,1602,1060,950,837,668,528,431,424,305,298,322,1567.88561,1023.97939,928.09049,830.85347,671.04782,529.92462,432.96815,414.28374,326.88747,286.59462,314.04213,,
648.28806,1599,1028,942,845,680,533,431,414,324,293,306,1573.75685,1026.52003,931.04184,833.46169,673.60835,531.00763,433.82543,414.53564,326.22546,286.4244,313.68047,,
648.4764,1552,1035,926,820,657,522,437,399,334,292,300,1581.55082,1029.86344,934.71039,837.8431,676.09608,532.68957,435.5556,415.42522,327.72276,287.52343,314.06252,,
648.66475,1616,1028,933,845,674,536,447,408,322,274,312,1589.11828,1032.15835,937.98394,841.28698,678.84899,534.79619,436.99549,415.7011,327.59046,287.33654,314.07393,,
648.85312,1537,1001,920,821,658,533,447,426,328,309,336,1596.43224,1035.58106,942.34048,845.42891,682.30963,537.09062,438.06442,416.46832,328.1246,287.26134,314.76462,,
649.0415,1548,1016,911,835,661,538,446,422,306,266,333,1602.58205,1038.92928,945.16922,848.89363,685.35797,539.51122,438.75062,417.33736,328.87307,288.07853,315.34476,,
649.2299,1551,1007,921,847,692,520,436,429,325,301,320,1609.8339,1042.25747,949.32807,852.67777,688.26347,541.26318,440.19846,418.32402,329.18392,288.82545,316.06419,,
649.41832,1536,978,912,806,651,493,426,407,312,282,302,1616.11862,1045.10238,952.07364,856.73959,691.12546,542.63813,441.41156,419.65934,330.5647,290.03051,316.42683,,
649.60674,1632,1066,949,863,716,542,453,448,336,296,316,1623.63123,1047.22725,955.70063,860.64593,694.00485,544.40051,442.53686,420.78765,331.44107,290.94444,316.95989,,
649.79519,1583,1024,939,846,665,533,429,422,322,271,303,1631.05366,1051.11246,960.75614,864.66203,696.93529,546.64264,444.38893,423.08483,332.52934,292.57578,318.31745,,
649.98365,1710,1086,997,893,720,559,440,430,338,288,352,1640.02815,1054.75227,965.50805,868.83787,699.73152,548.84018,445.9243,424.40669,333.0195,293.5681,319.23989,,
650.17212,1665,1062,976,884,702,549,431,408,330,271,323,1648.77211,1058.33835,970.53444,873.40343,702.74518,550.31718,447.71408,425.49562,333.84149,294.73313,319.09946,,
650.36061,1711,1094,1008,905,733,565,475,447,362,320,320,1657.55521,1062.01427,974.69105,877.2666,705.15151,551.2511,448.60939,427.34789,333.6026,295.20483,319.87279,,
650.54911,1697,1088,1028,898,725,575,480,440,365,316,356,1664.49297,1065.2234,978.02981,880.05312,707.00294,552.22642,448.99547,427.82432,333.07486,294.4714,320.06338,,
650.73763,1717,1096,998,895,720,564,463,436,352,302,310,1673.52733,1070.40171,982.83098,884.086,711.10666,554.82369,451.15212,429.87409,334.4575,294.79089,320.60769,,
650.92616,1720,1093,1007,916,722,574,479,442,354,303,340,1680.44556,1073.3644,986.74296,887.32771,713.79941,555.77048,452.12895,430.93721,333.87544,294.4023,320.28001,,
651.11471,1708,1094,1012,898,741,586,469,438,322,315,338,1688.09611,1078.01533,991.2174,892.21833,717.31817,558.34162,454.29575,433.07987,335.41589,295.55673,321.58572,,
651.30328,1688,1084,984,876,709,548,432,399,335,294,306,1694.88722,1082.13758,995.54212,896.08177,720.53113,560.0359,456.57394,435.10528,337.07907,296.44155,322.64445,,
651.49185,1661,1054,958,874,715,527,431,408,303,280,287,1702.81227,1085.38252,999.4194,899.86387,723.48592,561.70128,458.05925,436.44497,337.55002,296.80616,322.4791,,
651.68045,1646,1039,954,865,687,527,434,389,306,262,271,1709.47442,1088.00376,1003.98915,902.99502,726.47756,563.56162,458.84799,437.26972,338.89746,296.70339,322.56857,,
651.86906,1681,1088,989,911,720,568,447,450,358,304,312,1717.89356,1092.03577,1008.50796,907.42327,729.76962,566.49802,460.52887,439.50198,341.39147,298.26173,324.02868,,
652.05768,1661,1051,974,856,690,530,437,388,335,275,283,1725.27684,1094.88978,1012.0805,910.54259,732.86604,567.13631,460.8445,440.92081,342.18553,297.71682,323.4199,,
652.24632,1736,1112,1018,946,741,559,457,430,314,293,308,1733.83572,1098.75526,1016.63859,915.09438,736.03651,568.8253,462.39097,443.12184,343.56083,298.19083,323.54366,,
652.43497,1726,1086,1008,912,733,581,465,461,346,308,337,1741.7901,1102.50803,1020.67693,919.14746,739.84432,571.04958,463.28354,445.38001,344.67046,299.06716,323.84176,,
652.62364,1784,1122,1046,936,762,585,462,456,336,281,349,1751.05042,1106.972,1025.99309,924.18342,744.2198,574.10061,465.13541,448.32429,346.6674,301.31826,324.82593,,
652.81233,1779,1106,1060,943,761,616,473,455,348,309,346,1759.15516,1111.16236,1029.82108,928.75515,747.89397,576.37693,465.64212,449.66287,346.89735,301.57924,324.35079,,
653.00103,1803,1119,1049,956,764,578,481,461,353,308,348,1768.87245,1115.94342,1034.37376,933.49498,751.6797,578.38003,466.90838,451.5074,347.16748,303.45301,325.39335,,
653.18974,1774,1130,1039,934,768,593,478,463,344,308,329,1777.9677,1119.47328,1038.56932,937.28365,755.20032,579.91918,468.03685,453.00095,347.71333,304.2671,324.90774,,
653.37847,1788,1150,1054,945,772,575,463,461,361,319,340,1786.04834,1123.23835,1043.03774,941.23511,758.94238,581.12483,469.30476,454.67895,348.22075,304.97803,324.92075,,
653.56721,1806,1129,1054,954,766,581,494,476,366,330,346,1795.21457,1127.65968,1047.06356,945.29321,761.94976,583.00664,471.47593,456.73587,348.57571,305.28087,325.11629,,
653.75597,1821,1132,1076,950,754,572,472,476,356,304,320,1801.64824,1130.59437,1050.62708,948.15167,764.67999,584.52744,472.12107,458.99146,348.90256,305.97447,325.93835,,
653.94475,1836,1132,1059,962,793,610,495,494,376,333,345,1807.85855,1133.30268,1053.93357,951.33482,767.42751,585.94383,473.54726,460.4666,348.57286,305.57963,326.88614,,
654.13354,1849,1149,1088,956,756,590,473,466,353,303,321,1814.15647,1135.32997,1056.8527,955.4731,770.62588,587.08653,475.22603,463.52291,349.99418,306.49886,328.31407,,
654.32234,1834,1188,1073,959,789,604,488,489,354,300,332,1818.62937,1136.00415,1059.08483,957.15903,772.55181,586.55261,476.14261,465.39661,349.83775,306.64294,328.42468,,
654.51116,1827,1134,1056,958,760,585,467,448,335,285,303,1825.19998,1138.66701,1061.71352,960.66763,775.88824,587.18671,477.77479,466.60536,350.15493,307.24773,328.82688,,
654.7,1810,1133,1052,964,782,585,469,463,351,290,313,1829.03445,1139.45333,1063.52108,963.15604,777.19092,586.66953,478.2386,467.40028,349.18397,306.77137,327.49929,,
654.88885,1812,1139,1049,948,777,594,469,469,340,292,345,1837.73519,1142.66411,1067.6616,967.403,781.20048,587.79929,479.78711,469.15767,349.55186,307.84364,329.63691,,
655.07771,1812,1145,1061,968,788,585,468,447,360,299,316,1844.55376,1144.47591,1070.75118,971.04906,784.03808,588.41645,479.88591,469.97384,349.50051,307.50178,329.55541,,
655.26659,1845,1150,1074,984,783,610,491,480,368,337,335,1851.83091,1146.97185,1073.86056,974.4779,786.96881,589.03336,480.4873,471.0537,349.58731,308.32456,329.23978,,
655.45548,1819,1110,1060,969,767,570,480,454,341,312,329,1860.44667,1149.92727,1079.09781,978.72307,791.09651,591.65607,483.0853,473.93531,350.99715,309.65646,331.39147,,
655.64439,1881,1166,1074,991,796,605,495,488,389,341,336,1868.87923,1153.37503,1083.30143,983.63061,795.08224,593.19106,484.98347,476.33944,352.85123,310.97724,332.22336,,
655.83332,1859,1130,1071,959,782,576,465,462,335,287,310,1876.93006,1156.59532,1087.3917,988.15846,798.63723,595.00992,487.01821,478.83472,354.50733,312.08349,334.04831,,
656.02226,1897,1149,1087,992,796,593,482,478,348,317,328,1884.11192,1159.17344,1091.07509,991.75696,801.82154,596.54882,488.15353,480.41702,354.94892,313.16261,334.28599,,
656.21121,1883,1181,1110,1007,818,607,492,501,384,331,363,1889.99826,1161.37627,1093.03751,993.93481,803.36852,596.61779,487.55784,479.75775,354.94976,312.8185,333.5437,,
656.40018,1925,1170,1081,1008,810,591,520,512,350,333,341,1894.96279,1162.41215,1094.8084,996.6071,805.35928,596.80514,487.34286,479.9014,354.41682,312.90378,332.96365,,
656.58917,1873,1141,1084,984,783,559,462,447,299,272,289,1898.5753,1162.45981,1096.49528,998.281,806.68332,595.87268,487.18358,478.3688,353.63342,312.77893,331.38533,,
656.77817,1917,1184,1117,1017,829,617,498,484,350,333,344,1903.01513,1163.65802,1099.21038,1001.47,808.99151,596.75528,487.23502,478.88315,354.48545,313.67333,331.0619,,
656.96718,1911,1160,1105,1005,837,594,483,468,342,320,335,1905.82883,1163.23063,1100.32565,1002.6553,809.88978,595.68917,487.42264,478.03006,354.65152,313.83451,329.38617,,
657.15621,1922,1162,1096,1007,804,572,488,473,351,317,329,1910.40132,1164.25702,1102.89565,1005.67576,812.36329,595.52812,488.3856,478.41025,354.08856,314.64325,329.65585,,
657.34526,1920,1169,1103,995,818,612,498,475,338,292,350,1914.01155,1164.96226,1104.53283,1007.51988,813.81465,596.0174,489.51016,479.27439,354.46085,315.61428,330.45507,,
657.53432,1939,1163,1112,1009,819,596,502,483,367,317,337,1919.29767,1166.20268,1107.12492,1010.79639,816.49306,597.25924,490.63163,480.11092,354.51695,315.52842,331.194,,
657.72339,1918,1171,1124,998,812,588,492,495,349,283,319,1923.53863,1166.54092,1109.82401,1013.80373,818.45673,598.35271,490.96655,480.55229,354.07434,315.20275,331.67388,,
657.91248,1938,1183,1132,1039,833,606,495,500,355,312,355,1928.57956,1167.39183,1112.33575,1017.37503,820.47917,598.72826,492.73259,481.93289,355.00288,316.18354,332.86525,,
658.10159,1920,1181,1105,1007,799,604,495,477,367,315,331,1931.8132,1168.42377,1114.09713,1019.175,822.07414,598.74495,493.62785,481.98485,354.51544,315.89481,332.36497,,
658.29071,1941,1146,1122,1024,836,591,472,467,361,309,334,1936.31786,1169.89701,1116.78604,1021.80765,824.06082,599.09237,495.09194,483.02267,355.06088,316.39813,333.44948,,
658.47984,1947,1157,1119,1038,826,596,525,474,368,332,338,1940.43084,1170.41802,1118.88102,1024.53924,825.4763,599.0733,496.86747,484.30302,356.21002,318.03083,334.34957,,
658.66899,1949,1167,1108,1037,821,601,501,496,367,328,334,1944.17672,1170.47029,1121.435,1026.68982,826.05864,598.08163,496.86829,484.56373,356.29036,317.7597,334.08743,,
658.85816,1929,1169,1119,1011,832,586,480,446,320,318,303,1949.00181,1171.20234,1123.78294,1029.1169,828.24904,599.2632,497.92102,485.25303,357.85089,319.22859,335.04537,,
659.04734,1952,1169,1121,1044,828,605,490,455,353,326,324,1954.02186,1172.28651,1127.07717,1031.14893,829.91975,600.02222,498.85934,486.13208,358.96888,319.53251,335.29607,,
659.23653,1961,1178,1135,1032,841,607,489,518,358,325,324,1958.536,1174.45428,1130.23362,1033.25822,831.8551,600.86124,500.22802,487.68615,360.20338,319.94152,335.806,,
659.42574,1995,1194,1147,1045,858,636,502,512,389,337,370,1962.17233,1175.34143,1132.69578,1035.6893,833.12888,601.65811,500.67503,488.80317,360.94491,319.78944,335.32087,,
659.61497,1951,1168,1122,1029,817,606,470,488,361,298,303,1964.09448,1175.05765,1133.80797,1036.88632,833.62463,601.48108,500.20395,487.95354,360.50506,318.27523,333.3165,,
659.80421,1967,1188,1134,1039,835,612,504,495,367,324,351,1966.8443,1175.74196,1135.09029,1038.55245,835.33826,601.19695,500.7284,488.62475,361.29727,318.22068,333.70502,,
659.99347,1997,1196,1167,1070,864,629,534,527,400,335,360,1969.14175,1176.58237,1137.01078,1040.19122,837.16118,601.79977,501.05953,488.41432,362.7419,318.35197,334.18241,,
660.18274,1935,1174,1119,1038,816,570,476,460,367,319,316,1972.29022,1177.92016,1139.30778,1042.6389,838.76369,603.82813,503.33724,490.11661,365.44671,320.06797,335.31081,,
660.37202,1953,1161,1122,1007,809,591,481,466,341,306,313,1974.05629,1177.28404,1140.55512,1044.17606,839.13742,604.05744,504.56488,490.15131,365.68908,320.73909,335.70824,,
660.56132,1964,1160,1131,1036,818,588,492,463,349,313,305,1976.8175,1177.98109,1141.94786,1046.05212,840.61003,605.38683,505.14716,490.79861,367.31964,321.79139,336.4922,,
660.75064,1976,1178,1149,1048,847,610,516,486,356,328,360,1977.71981,1177.15676,1142.5722,1046.33518,840.09901,605.188,505.0615,490.69875,367.17928,321.69506,335.44438,,
660.93997,1992,1176,1180,1071,871,623,541,520,383,361,367,1980.21914,1177.53063,1143.97635,1048.50814,841.57616,606.3309,505.95447,491.66908,368.93529,323.28103,335.76303,,
661.12932,1982,1176,1155,1045,860,591,527,496,367,335,341,1982.18055,1178.02236,1145.43487,1049.99572,843.04446,607.15914,506.99461,492.80609,370.82779,324.45072,337.37002,,
661.31868,1992,1180,1140,1059,847,619,526,527,372,319,352,1985.14995,1178.68242,1146.07196,1051.75556,843.69999,607.19799,510.32667,494.49344,371.85082,326.43736,337.83166,,
661.50805,1977,1178,1125,1045,836,592,531,517,367,322,346,1985.40069,1178.2574,1146.58226,1052.78321,844.07271,606.74317,510.10157,495.20453,371.34191,325.95366,336.79775,,
661.69744,1989,1185,1151,1046,842,613,514,496,368,314,360,1987.84872,1178.72969,1148.68874,1054.66534,845.78169,607.43534,510.97207,495.69551,372.36445,327.3811,337.63657,,
661.88685,1985,1188,1135,1066,828,604,503,485,368,303,312,1988.99359,1178.33348,1149.33786,1056.30309,847.11298,607.14915,511.65234,496.33702,372.09149,327.72033,337.39695,,
662.07627,1993,1165,1148,1071,847,600,502,495,365,308,317,1990.78903,1177.90097,1149.64441,1057.64935,847.83993,605.8443,512.04945,497.69046,372.66842,328.18648,337.16173,,
662.26571,1982,1174,1148,1041,828,574,495,489,364,312,331,1991.93912,1177.95092,1150.19099,1057.96353,848.75938,606.20182,512.67791,497.72665,371.88749,327.69143,337.84566,,
662.45516,2005,1183,1158,1052,847,610,532,499,394,347,340,1994.42776,1178.00405,1151.49231,1059.43473,850.21387,606.86111,513.88195,498.96353,373.06107,328.16186,339.43163,,
662.64462,1996,1172,1153,1042,845,598,492,469,354,302,320,1995.779,1177.26956,1152.12465,1059.59397,850.5221,606.14841,513.42837,499.66584,371.64932,326.35779,338.62522,,
662.8341,2022,1171,1166,1077,862,626,518,514,394,345,361,1997.10025,1177.32721,1153.90525,1061.07425,852.24848,606.54377,513.48474,500.90115,371.67671,326.48425,339.31953,,
663.0236,1982,1173,1146,1056,852,597,480,477,380,333,320,1998.13765,1177.87137,1154.14635,1061.53874,852.73449,606.66117,513.97826,500.87091,372.44286,327.06129,339.3025,,
663.21311,2002,1182,1163,1057,864,613,496,480,368,308,333,1999.14168,1176.16458,1154.67845,1061.86471,853.68507,605.9246,513.27731,500.10442,373.24626,326.84797,338.43695,,
663.40264,2024,1199,1170,1069,879,638,536,516,399,349,348,2000.58425,1175.67419,1155.49648,1063.42114,854.89343,606.09212,515.12177,500.71293,373.96392,328.15244,338.90605,,
663.59218,1998,1173,1160,1069,864,605,528,527,375,323,333,2001.92566,1174.51738,1155.63743,1064.45288,854.8992,605.66561,516.01157,501.61394,374.23185,329.02039,338.89209,,
663.78174,1999,1174,1156,1074,841,600,512,497,370,335,333,2002.30877,1173.90118,1156.19994,1064.56303,855.38134,604.89395,515.62941,499.66235,373.32422,328.91069,337.3517,,
663.97131,1994,1178,1144,1071,860,612,512,498,367,328,334,2003.11962,1172.59696,1156.14519,1065.50552,856.17135,604.48506,515.92147,498.98516,373.29641,329.21785,336.93273,,
664.16089,2007,1167,1144,1053,849,594,522,468,362,329,336,2003.83438,1172.0253,1156.3133,1065.98471,856.95164,604.15112,515.77146,500.2651,373.18766,329.39444,336.24302,,
664.35049,2039,1202,1180,1097,895,626,557,548,420,381,399,2005.92607,1171.94217,1157.75279,1066.92967,858.86826,604.9576,516.64124,501.94174,373.96548,330.54302,337.90623,,
664.54011,2000,1172,1166,1060,847,643,525,506,370,335,357,2005.98623,1170.99851,1157.41326,1067.33419,858.87436,604.61399,515.35142,501.4264,373.36948,329.4457,335.09728,,
664.72974,1997,1167,1148,1073,848,606,529,512,366,333,325,2006.5859,1171.10548,1158.33441,1068.25317,859.87862,604.76106,516.0523,502.42395,373.48912,330.20483,335.74976,,
664.91939,1983,1148,1139,1056,844,580,482,476,328,317,317,2008.16388,1171.24913,1159.726,1070.18605,861.68921,605.35525,516.56737,504.03255,374.27253,330.49872,336.90562,,
665.10905,1984,1164,1151,1065,862,596,501,502,381,328,333,2007.55736,1169.9289,1159.50425,1070.32832,861.47423,603.8407,515.34159,502.76289,373.95769,330.35849,335.86353,,
665.29873,1996,1167,1151,1070,847,589,538,515,386,348,325,2008.11289,1169.4406,1159.85927,1069.89998,861.68765,603.40169,514.99556,502.51324,373.64054,330.58445,336.22118,,
665.48842,2028,1178,1167,1087,898,609,532,516,397,335,360,2008.86292,1168.29346,1159.94568,1070.54545,861.61467,602.61467,515.43892,502.12331,372.53,330.05842,336.0431,,
665.67813,2004,1148,1150,1048,841,575,513,494,342,303,330,2009.14911,1167.59634,1159.93916,1070.73195,861.83467,601.74998,515.70788,501.74697,372.02963,330.43043,337.10465,,
665.86785,1999,1172,1168,1082,859,596,516,513,372,330,321,2008.93855,1166.57725,1160.88296,1071.39793,862.88294,601.43473,516.43263,502.64239,372.27924,331.92349,338.13747,,
666.05758,1999,1154,1164,1073,879,606,463,512,369,305,340,2009.42019,1165.71947,1162.05302,1071.35817,864.06822,600.16415,517.57884,502.50332,372.66171,332.15944,339.40404,,
666.24734,2033,1155,1165,1069,858,584,520,478,362,322,335,2009.46726,1164.19355,1161.78958,1071.4129,864.69922,599.56613,517.93164,502.81148,372.1502,331.50348,339.70536,,
666.4371,1994,1163,1138,1068,854,598,516,518,351,313,321,2009.06297,1162.39315,1160.69909,1070.64638,864.51618,597.92172,518.79485,503.58282,371.46862,331.31163,339.48739,,
666.62688,2026,1167,1172,1060,877,609,505,496,383,338,349,2008.73902,1161.33561,1161.47525,1070.72955,865.27446,597.64545,519.75533,502.97031,371.99382,331.94557,341.07457,,
666.81668,2010,1167,1172,1066,865,620,516,470,360,332,344,2007.86487,1159.9,1160.25917,1070.9265,864.71329,597.13201,519.40723,502.28078,371.73014,330.39319,339.72819,,
667.00649,2025,1154,1167,1084,870,603,517,512,390,338,335,2007.30234,1157.6539,1159.43258,1071.81601,864.74774,596.37484,519.17058,502.28161,371.43217,329.85812,339.13957,,
667.19632,1993,1142,1145,1052,850,574,500,476,350,328,288,2006.03128,1155.77177,1158.71111,1071.29921,863.49646,594.86276,518.4601,501.15753,370.96448,328.81254,338.42248,,
667.38616,2002,1173,1177,1078,879,608,547,504,421,371,346,2004.72269,1153.46139,1158.14519,1070.49204,862.53458,593.13799,518.6148,499.63367,370.51122,328.64418,337.93123,,
667.57602,2016,1158,1145,1071,850,586,536,492,381,334,332,2004.42952,1151.66835,1157.67225,1069.31897,861.69863,591.55517,518.07515,497.83712,368.75202,326.65789,336.55363,,
667.76589,2000,1137,1166,1070,852,591,522,512,367,319,333,2004.60565,1150.4864,1157.84575,1069.72876,862.48003,591.39496,518.30966,498.67086,369.56454,327.41306,337.91635,,
667.95578,2014,1174,1170,1088,869,605,538,527,357,337,367,2002.81243,1149.10553,1156.91834,1069.21615,861.87005,590.26093,517.43532,496.80009,369.39682,327.0967,336.85941,,
668.14568,1999,1137,1154,1058,848,575,504,484,364,306,328,2001.70962,1148.36162,1156.45557,1068.49419,861.85889,590.48379,517.45781,495.53682,370.3878,326.61401,336.55938,,
668.3356,1997,1164,1160,1072,881,596,512,492,378,314,340,2001.02625,1146.81046,1155.69841,1068.13497,862.05307,590.61542,517.19742,494.37195,370.49958,326.28671,335.68996,,
668.52553,2000,1144,1150,1073,876,589,532,537,366,336,360,2000.03846,1145.1945,1155.28757,1067.59206,861.86378,590.21568,518.22145,494.75522,371.39004,326.14591,335.8436,,
668.71548,1999,1164,1168,1074,860,592,516,497,361,330,341,1998.35244,1143.89637,1154.71651,1067.53836,860.52069,589.15885,517.73843,492.8715,371.35228,325.76892,335.25896,,
668.90544,2005,1146,1173,1076,872,590,527,490,364,334,349,1996.50144,1143.07774,1154.37281,1067.24873,860.16345,588.80566,518.55177,491.59487,371.41745,325.70937,335.0624,,
669.09542,1989,1144,1140,1071,851,581,502,470,364,313,316,1995.38959,1141.54287,1153.47981,1066.96138,859.57707,587.0976,518.31849,489.56706,371.16927,325.39675,334.39636,,
669.28541,2010,1145,1172,1070,873,591,539,520,384,349,405,1994.812,1141.05853,1153.29908,1066.9316,860.516,586.96639,519.45471,490.05975,372.50807,326.78115,336.42028,,
669.47542,2002,1125,1136,1057,853,579,501,474,365,309,340,1993.39965,1140.3558,1152.859,1065.73356,860.3143,587.80072,519.61394,489.97579,372.72819,326.89123,337.4285,,
669.66544,1996,1129,1150,1050,853,581,539,484,378,335,335,1991.01364,1138.78835,1152.14721,1065.57512,859.58817,587.53129,520.45331,489.70615,372.67594,327.52323,337.93375,,
669.85548,2002,1156,1154,1077,872,591,543,514,387,335,368,1988.59743,1136.19692,1150.38327,1064.36279,858.44796,585.84899,518.54022,488.00514,370.19149,326.0815,337.77211,,
670.04553,1967,1109,1128,1058,842,568,513,478,358,305,313,1985.57009,1135.18691,1149.65458,1063.75975,858.28685,585.41768,518.39054,488.23597,371.12456,327.07486,338.28417,,
670.2356,1956,1120,1136,1039,850,569,488,468,388,332,312,1982.82763,1133.5033,1148.68948,1063.208,857.00134,584.04138,518.09858,487.97164,371.36662,327.44438,337.89323,,
670.42568,1971,1115,1152,1059,864,590,512,481,372,314,319,1981.36714,1132.15278,1148.02652,1062.89268,857.85429,583.46309,519.21339,487.7385,372.46832,327.65148,338.64031,,
670.61578,1998,1118,1152,1064,861,586,524,468,373,309,329,1978.79963,1129.75626,1146.25876,1061.1044,856.44495,581.91565,518.87245,487.38542,371.70643,326.51261,338.05037,,
670.80589,1958,1106,1118,1060,846,586,498,476,351,328,293,1976.18476,1128.83685,1145.38798,1061.03065,855.87062,581.69463,519.85209,487.96779,372.20827,327.3003,337.63591,,
670.99602,1974,1128,1146,1068,849,591,525,492,385,344,334,1973.5433,1127.09559,1145.03341,1060.48259,856.23283,581.05169,518.24256,487.62119,373.34553,327.19679,337.97069,,
671.18616,1966,1134,1154,1081,862,601,516,468,388,332,349,1971.88355,1125.39013,1144.38458,1060.17205,856.73759,580.02367,518.56101,486.60565,373.83753,327.42139,337.96503,,
671.37632,1966,1114,1109,1049,830,575,495,493,346,291,303,1969.55376,1124.15686,1142.86011,1059.16442,856.66713,578.98188,518.2201,487.03318,374.26823,327.15565,337.32834,,
671.56649,1973,1129,1154,1061,853,572,526,482,369,349,353,1967.51607,1122.78199,1142.05896,1058.20037,857.16247,579.23935,517.86226,487.2386,375.7469,328.0294,337.6332,,
671.75668,1963,1133,1151,1040,846,573,520,463,365,316,329,1964.78727,1121.58479,1141.35881,1057.81096,857.11842,579.82364,518.03114,486.61637,376.51974,328.77118,338.53313,,
671.94688,1968,1128,1145,1052,866,566,527,491,367,333,345,1963.21742,1119.82496,1140.29711,1058.02906,856.90636,579.17595,518.0518,486.97807,377.55564,329.34008,337.83171,,
672.1371,1988,1154,1148,1068,873,607,537,516,400,340,348,1959.67576,1117.28091,1138.21412,1056.29747,855.92935,577.65277,515.99533,485.45149,376.48617,328.80389,335.74862,,
672.32733,1939,1128,1138,1067,866,593,522,495,411,360,360,1957.24164,1116.20492,1138.13944,1056.29976,856.02383,577.81596,516.97456,485.56651,379.32051,330.73981,336.53116,,
672.51758,1941,1103,1126,1045,824,574,520,445,367,310,308,1955.22121,1113.45623,1136.04054,1054.73109,854.57637,576.33387,516.72867,483.70036,379.19957,330.81463,335.34196,,
672.70784,1961,1107,1140,1052,857,578,516,495,390,335,348,1953.04655,1110.24392,1135.01703,1054.08415,853.61467,574.88783,515.50024,483.50839,378.34422,330.36182,334.60848,,
672.89812,1950,1090,1139,1056,847,544,493,472,337,313,334,1950.36048,1109.14755,1134.29466,1053.85458,852.443,574.30408,515.30182,483.21407,377.65487,330.49041,335.21828,,
673.08842,1954,1136,1158,1053,856,572,542,504,399,349,372,1947.82183,1107.14847,1133.25679,1052.74763,851.23421,572.79315,515.09287,483.1964,378.17665,330.80869,334.9267,,
673.27872,1933,1116,1138,1058,856,558,493,466,352,319,325,1944.73211,1105.83791,1132.41824,1052.08521,850.75186,572.07762,514.62006,481.934,378.41607,330.4895,334.73936,,
673.46905,1950,1105,1138,1045,872,573,527,516,377,339,349,1942.05912,1103.47716,1130.72935,1051.18374,850.42932,570.69003,514.417,482.67771,378.15522,331.09173,335.15124,,
673.65939,1944,1090,1113,1048,857,560,479,500,370,322,337,1938.9708,1101.8337,1129.60158,1049.29484,848.85254,568.89948,513.76677,482.0993,377.30707,329.76951,334.48984,,
673.84974,1924,1100,1124,1024,852,588,521,494,374,331,356,1936.25586,1099.87954,1128.81216,1048.39865,847.92992,567.49865,513.2721,480.86083,376.63007,330.06591,334.67494,,
674.04011,1934,1100,1134,1057,847,569,514,491,383,331,335,1933.35636,1097.77782,1127.05094,1047.69598,846.49125,565.91785,512.75626,479.88838,375.80958,329.08793,332.88179,,
674.23049,1919,1077,1130,1062,837,558,520,473,377,335,335,1930.43127,1096.10612,1126.62169,1046.47858,845.74382,564.2596,513.06238,480.34365,376.20986,329.58842,335.01153,,
674.42089,1942,1098,1118,1038,851,561,502,486,383,316,319,1928.36098,1093.7609,1125.10281,1045.00623,844.75125,563.18268,512.50681,479.61428,375.60595,328.95436,334.97486,,
674.6113,1921,1112,1140,1054,858,582,548,499,429,373,328,1925.44488,1091.69154,1124.23754,1043.85026,843.93252,561.96688,513.49036,479.83664,376.07359,329.56359,335.78761,,
674.80173,1933,1070,1112,1039,840,553,504,456,367,302,316,1923.5237,1089.59383,1122.85103,1042.58638,843.32408,560.40653,514.4015,480.39478,375.60726,329.0217,336.26879,,
674.99218,1928,1092,1114,1039,861,576,548,485,399,344,335,1920.13806,1087.25394,1121.0605,1041.05914,842.2109,558.79836,514.02331,480.1759,375.29708,328.05497,336.10551,,
675.18263,1912,1092,1116,1048,841,570,499,489,388,342,332,1916.3254,1085.19203,1119.98689,1038.99857,841.48903,557.4832,513.03638,479.56857,376.10927,328.62294,335.48028,,
675.37311,1922,1097,1135,1059,862,568,530,472,399,358,350,1913.13765,1083.04498,1118.9144,1037.23296,840.56631,556.50862,512.29473,478.81383,376.69644,328.70751,335.35697,,
675.5636,1913,1068,1122,1033,850,539,486,457,386,319,334,1910.20644,1079.91474,1117.31228,1035.34603,839.47883,555.09781,511.87601,476.95003,376.57521,327.65655,334.5001,,
675.7541,1907,1074,1098,1039,838,561,512,489,360,320,325,1906.17971,1076.1128,1115.15565,1032.96655,837.12025,554.36073,510.06503,475.66411,375.71499,327.22888,332.6932,,
675.94462,1904,1069,1105,1024,808,550,496,478,371,321,330,1902.94181,1073.90666,1113.73823,1031.34191,835.69766,553.1887,509.47901,474.64855,375.92829,327.68119,331.77089,,
676.13515,1882,1056,1102,1044,815,562,512,468,356,325,335,1899.33179,1071.58112,1112.76582,1030.16927,834.6445,552.37217,508.87157,472.63041,376.83098,327.61906,331.78056,,
676.3257,1898,1061,1107,1032,813,527,498,452,346,308,330,1895.63048,1068.05171,1109.95003,1028.18254,832.26057,550.28764,507.06797,471.37901,375.12956,325.85284,329.57446,,
676.51627,1904,1052,1103,1013,815,524,485,446,340,303,303,1892.04684,1065.2191,1108.6973,1025.61938,830.76588,549.11892,507.70366,470.24628,374.14915,325.76758,329.45598,,
676.70684,1877,1054,1110,1005,822,548,485,448,356,312,347,1888.51786,1063.08578,1107.50364,1023.40216,829.08358,547.51276,507.02684,468.27151,372.83044,325.15303,328.21504,,
676.89744,1909,1064,1122,1035,824,546,536,473,386,340,344,1885.22093,1060.53172,1106.10838,1021.52554,828.03728,546.7416,506.69843,466.90552,371.96784,324.98034,327.41913,,
677.08805,1876,1042,1084,997,813,518,480,441,323,302,298,1882.25548,1059.28395,1104.67689,1019.96553,826.94256,546.05312,505.77103,466.62785,371.10639,324.33,326.94906,,
677.27867,1871,1085,1119,1041,834,549,512,496,385,331,349,1877.6055,1057.41093,1102.86969,1018.70237,825.72695,545.64894,505.56244,465.63444,372.09448,325.32719,327.36452,,
677.46931,1854,1082,1103,1007,815,552,536,462,400,335,335,1874.38393,1055.18752,1100.80675,1016.55195,823.09756,543.93579,505.17455,463.55791,371.71884,325.00686,326.19298,,
677.65996,1881,1048,1097,1008,837,537,523,486,386,335,325,1871.78566,1052.81338,1099.53637,1015.20014,822.47485,543.73669,505.97264,463.36556,372.28861,325.86749,327.42789,,
677.85063,1858,1039,1090,1004,815,536,489,434,348,294,316,1868.4153,1049.86971,1097.77947,1013.08066,820.18154,540.94211,505.13386,462.26841,370.72622,324.78618,327.37537,,
678.04132,1870,1039,1086,997,821,526,501,481,368,316,321,1864.48062,1047.40341,1096.86004,1010.61356,818.42939,538.69324,505.2649,460.87882,370.85298,324.40144,328.08331,,
678.23202,1855,1054,1103,1002,811,540,512,463,372,303,321,1860.34975,1045.00134,1095.41199,1008.48384,817.00371,536.52436,503.61537,458.75435,369.25194,323.20875,327.53449,,
678.42273,1865,1051,1103,1037,838,558,513,473,386,365,341,1857.62029,1043.22866,1094.24553,1006.42146,817.07799,535.831,504.06897,459.72942,369.6255,323.4266,329.00027,,
678.61346,1857,1045,1100,1007,830,545,521,492,383,318,322,1855.01597,1040.96263,1092.18675,1004.45231,816.09844,534.58298,502.60812,459.92428,370.05216,322.69472,329.08274,,
678.8042,1844,1048,1101,993,827,542,496,463,388,340,357,1851.09944,1038.00256,1089.93155,1001.67039,815.20845,533.92043,501.44515,459.88231,368.87042,321.5693,329.64466,,
678.99496,1865,1034,1088,1007,826,556,504,465,367,328,319,1847.40481,1035.11316,1087.89839,999.28995,813.70668,532.72169,500.0598,459.01873,367.85635,320.34279,328.8036,,
679.18574,1828,1034,1088,1000,814,524,494,460,382,327,334,1843.26451,1032.05468,1085.91033,998.23692,812.48864,530.42642,499.59209,458.50497,367.86349,320.20123,327.73995,,
679.37653,1849,1024,1076,975,804,527,476,432,357,308,298,1839.76135,1029.90842,1084.31665,996.52651,811.87141,528.83388,497.87918,457.71395,368.43235,320.09477,327.78706,,
679.56733,1820,1053,1097,1001,814,549,482,448,400,349,344,1835.69571,1027.46107,1082.32961,994.32288,810.36286,527.21081,497.20542,457.13753,369.0677,320.54047,326.74153,,
679.75815,1830,1013,1083,989,798,527,495,436,367,335,312,1832.86647,1024.0166,1080.29928,992.00793,809.2928,525.46608,495.73275,455.36345,368.49317,319.26558,325.98018,,
679.94899,1826,1006,1060,981,785,512,485,431,356,307,320,1829.87563,1021.31958,1078.42311,989.99869,809.01606,524.68149,495.43124,455.24388,368.55797,318.93456,325.32166,,
680.13984,1812,995,1071,984,801,517,495,442,344,300,303,1825.40248,1019.06575,1075.5666,987.50341,807.18539,522.86498,493.44153,453.60572,368.17928,318.35108,323.92657,,
680.3307,1828,1025,1089,990,802,527,495,463,365,328,334,1822.01653,1017.48411,1074.3652,986.30714,806.82197,522.12311,492.95382,452.79737,368.88913,319.04691,324.68226,,
680.52158,1824,1033,1071,1002,830,502,516,448,364,324,326,1818.0041,1014.88412,1072.50939,984.73676,806.42486,520.10576,491.63465,451.01083,369.21901,319.15001,324.62418,,
680.71248,1809,997,1069,984,800,520,502,453,358,310,333,1814.34037,1012.36825,1069.74591,982.93282,805.17113,518.80781,490.71834,450.20737,368.82604,319.37559,324.1427,,
680.90338,1810,1004,1060,982,798,520,494,462,335,315,317,1811.0431,1010.02673,1067.91558,980.71714,803.26882,517.23004,489.59238,449.99031,368.31944,319.24623,323.15955,,
681.09431,1810,1024,1073,976,808,540,512,461,377,328,345,1806.44726,1007.07844,1065.54468,978.77571,800.7872,515.79415,488.11176,448.01509,367.07817,319.11699,322.44798,,
681.28525,1812,1016,1061,1007,797,505,456,446,373,328,324,1802.26377,1004.37876,1063.10657,977.21292,799.21489,513.29729,487.00625,446.32544,365.52592,318.35543,321.68611,,
681.4762,1799,997,1055,973,793,518,491,452,380,313,340,1798.82106,1001.78878,1060.50921,974.72099,797.19446,510.5907,486.38236,445.1531,363.96403,318.1251,320.80231,,
681.66717,1794,1007,1054,968,789,477,486,458,365,312,344,1794.04392,999.25131,1058.22771,972.18981,795.75025,508.9737,485.16469,443.52699,363.27591,318.21219,321.69474,,
681.85816,1805,992,1057,971,799,513,521,450,402,337,341,1789.96636,995.94167,1055.8882,969.96861,793.98451,507.19441,484.48733,441.95112,362.45836,318.32791,321.92559,,
682.04916,1816,990,1059,959,799,492,486,458,358,305,328,1785.50123,991.90729,1052.65607,966.88416,791.57927,504.24662,482.57374,439.79123,359.80255,316.66769,320.8192,,
682.24017,1765,974,1053,964,804,518,490,442,361,297,330,1779.7187,989.89549,1049.71059,965.08392,789.56359,502.00061,480.8161,438.89334,359.08659,315.78992,320.59483,,
682.4312,1757,978,1036,938,764,468,441,422,350,274,283,1774.42814,988.5175,1047.2352,963.2952,787.69983,500.61365,481.03228,438.09094,359.62715,316.17208,320.95092,,
682.62225,1768,975,1049,964,809,517,464,425,365,312,308,1769.21912,985.20868,1043.90466,960.77209,786.11778,498.28773,480.65594,437.54832,359.38037,316.41596,320.54006,,
682.81331,1791,1006,1040,973,802,527,477,468,368,325,322,1764.13389,982.75207,1041.1914,959.00829,784.42427,496.25758,479.30146,435.73669,357.79979,315.22875,319.61249,,
683.00438,1777,990,1038,968,793,512,488,459,381,325,320,1758.88944,979.7585,1038.18546,956.71247,781.75574,493.70808,478.37589,434.97576,357.30766,314.73438,318.98779,,
683.19548,1743,957,1026,952,758,474,446,403,335,296,271,1753.80618,977.55116,1035.90077,954.42411,779.6418,491.82043,477.42307,433.1786,356.59725,312.72194,318.12632,,
683.38658,1727,953,1026,949,778,474,454,412,318,309,301,1749.58937,975.97388,1034.17763,954.23973,779.25688,491.69019,477.76378,432.95547,357.09516,314.31559,319.34673,,
683.5777,1745,984,1039,948,769,479,480,412,372,332,303,1744.86509,973.44547,1031.76249,951.67284,777.68491,490.16161,477.43553,433.18034,357.33579,313.97316,318.43992,,
683.76884,1743,984,1041,966,784,477,481,437,378,340,332,1740.23285,972.027,1029.86206,949.43679,776.48701,489.73773,477.26435,433.04424,358.13386,314.9453,319.76498,,
683.95999,1739,966,1036,927,762,502,454,405,337,310,344,1735.29552,969.66174,1026.81476,947.24771,774.59709,489.39249,476.76455,432.02716,357.53902,314.47564,319.31901,,
684.15115,1738,953,1007,921,751,480,475,424,318,286,289,1729.05416,966.87245,1023.53802,944.70167,772.06474,487.33006,475.69576,430.74502,357.19926,313.54799,318.08605,,
684.34233,1735,980,1041,952,789,504,489,432,364,326,332,1724.58101,964.00845,1020.65784,941.63745,769.74049,485.88244,473.51338,428.60726,356.27736,312.34766,316.86074,,
684.53353,1701,975,1014,942,757,481,476,430,347,317,309,1718.37013,962.00154,1018.39208,939.3765,767.65227,485.2111,473.35557,427.39937,357.13158,313.07053,317.22709,,
684.72474,1696,973,1005,930,749,470,484,399,358,328,323,1713.99882,959.63712,1016.42613,937.70325,765.09146,484.51589,472.87479,425.7927,356.96378,314.00609,316.66633,,
684.91596,1727,961,1038,957,783,502,498,457,367,342,349,1709.69261,956.24746,1013.45235,935.31314,762.36429,483.5715,471.61986,423.76097,355.30882,313.10929,316.25955,,
685.1072,1698,945,1001,928,757,466,482,415,345,323,297,1704.71628,953.45904,1010.84944,932.81895,759.40146,482.58513,470.21237,421.96763,354.11434,312.79728,315.03316,,
685.29846,1708,950,1009,914,747,478,466,431,347,307,308,1699.59757,951.5363,1009.13973,930.67141,757.27559,482.50194,469.54624,421.32039,353.85066,313.56688,315.10161,,
685.48973,1687,952,1013,926,764,474,476,431,344,301,312,1695.98627,950.16408,1007.39469,929.45534,756.42737,481.19966,469.5589,419.91422,353.99067,313.83422,315.00858,,
685.68102,1665,940,982,924,753,472,466,401,357,312,335,1691.14759,947.34628,1004.28605,927.27165,754.00005,479.74206,468.79184,418.67838,352.88783,313.05207,314.32605,,
685.87232,1679,945,990,936,776,480,495,452,367,316,335,1688.2895,945.52728,1002.3367,925.53983,752.04637,478.85295,468.6298,418.63603,351.859,312.64432,314.00507,,
686.06363,1675,939,992,913,739,481,470,428,366,320,336,1684.49935,944.05162,1000.70733,923.78631,750.38796,479.19826,468.84,418.12639,351.58907,313.30406,314.90346,,
686.25496,1651,922,989,924,750,482,434,399,356,292,312,1681.46468,942.52721,998.65829,923.2432,748.24096,478.12949,467.81062,417.40155,351.12179,312.97617,314.02603,,
686.44631,1663,916,981,914,732,467,444,409,336,282,292,1677.30859,940.3974,995.83019,921.90475,746.35912,476.91864,467.37195,417.04695,351.43428,313.1019,313.96195,,
686.63767,1669,951,994,934,740,470,476,431,370,306,312,1672.57193,938.79064,993.13846,919.79904,744.57967,475.01481,466.53634,416.82015,351.09203,312.4611,314.24232,,
686.82905,1647,956,984,927,747,480,463,418,369,329,309,1668.66124,936.44932,990.283,917.35466,742.38279,474.24569,466.82441,416.50468,352.11051,312.86869,315.4271,,
687.02044,1684,934,1009,930,754,488,490,432,364,334,330,1661.93409,932.25908,985.84145,913.07869,738.60815,471.52796,465.50597,415.93603,350.55936,311.63818,314.82095,,
687.21184,1647,914,979,897,728,465,452,397,340,298,299,1654.63675,928.79782,981.70933,909.90217,735.71487,470.33475,464.30991,415.3153,349.66162,310.22023,315.06917,,
687.40326,1669,949,1002,921,738,484,463,412,356,303,314,1645.96109,924.37308,976.37163,905.19047,731.16571,467.51213,461.56081,413.25625,349.08317,308.01049,313.80289,,
687.5947,1641,911,973,889,717,475,463,401,364,308,322,1637.39747,920.24195,971.63868,900.75782,728.18218,465.97619,459.21088,411.44912,349.13484,307.61365,313.27785,,
687.78615,1657,927,975,895,754,484,459,410,345,302,316,1629.00317,915.565,965.7009,896.3758,724.82854,463.37294,456.01194,409.59709,347.60815,305.63759,312.00335,,
687.97762,1636,916,965,896,724,478,473,431,356,340,324,1621.47618,911.25525,960.04263,892.62808,720.9142,461.60178,454.05013,408.42778,347.29849,305.00775,311.0321,,
688.1691,1613,891,943,857,687,438,431,389,329,282,271,1613.30957,906.3803,954.98038,888.67535,716.5052,458.89377,450.67134,406.21081,346.10911,303.09905,309.03658,,
688.3606,1619,917,961,908,716,475,463,394,334,301,322,1605.39577,901.62801,951.05756,884.92387,713.79852,456.7356,448.77655,404.44436,345.06777,302.57791,308.78824,,
688.55211,1598,882,943,882,698,436,433,377,319,276,282,1598.48153,898.26821,947.25477,881.56216,711.41559,454.49236,447.49544,402.51526,344.67003,302.1234,307.45725,,
688.74363,1628,898,968,893,719,448,450,408,344,313,303,1591.3283,894.565,943.37439,878.00439,708.78627,452.17137,445.95676,400.92947,344.80869,302.06942,307.43383,,
688.93517,1638,913,978,900,730,478,460,415,352,332,348,1583.97329,890.40468,939.44334,874.06084,705.46472,450.64667,443.76308,397.64497,343.64796,301.55852,307.80665,,
689.12673,1599,907,953,892,712,463,481,417,348,326,314,1577.26723,886.34177,934.86086,870.04661,702.04514,448.79506,442.37469,395.70769,342.33466,300.25387,306.73836,,
689.3183,1629,911,953,890,712,463,414,400,332,305,305,1570.4965,882.90407,931.66717,866.79605,699.20157,447.51541,440.59005,393.96788,340.94698,299.1523,306.49054,,
689.50989,1574,885,928,856,710,445,431,399,335,286,304,1562.92566,879.96435,927.60984,863.67644,696.05432,445.95984,439.38273,392.74471,340.36354,298.95805,306.06122,,
689.70149,1561,911,934,867,697,436,444,405,376,320,304,1555.96306,877.72339,923.34787,860.10535,693.47695,444.36182,439.1102,390.84641,340.68946,299.10709,306.11192,,
689.89311,1562,876,927,870,717,439,459,406,349,290,312,1550.56346,874.50366,920.94457,858.15826,691.60941,443.94349,439.74165,391.14127,341.22383,300.40855,307.12696,,
690.08474,1579,872,911,862,687,415,434,388,336,276,297,1544.09314,871.47802,917.04181,855.37131,689.30352,441.85273,439.46295,389.87103,341.2955,300.92695,307.27659,,
690.27638,1519,860,888,840,668,426,432,399,318,286,293,1538.2557,868.72269,914.08381,851.45539,686.66826,440.62975,439.248,389.28177,341.16361,301.07493,307.23167,,
690.46805,1537,870,927,852,689,447,447,399,352,306,321,1531.83827,865.93819,910.96444,847.86661,684.20453,437.78382,438.62869,387.84797,340.0942,299.88147,306.59972,,
690.65972,1457,836,872,830,666,428,418,367,322,297,293,1525.22481,862.90201,907.13493,845.22723,682.38055,436.46533,438.06039,386.83843,340.34207,299.6216,307.52837,,
690.85142,1471,838,863,817,660,405,422,381,334,271,277,1519.22637,860.25183,903.4194,841.85499,680.17267,434.27953,437.70815,386.48323,340.1326,298.9258,307.13608,,
691.04312,1430,827,854,800,660,415,402,372,338,304,317,1512.49602,856.45768,899.73322,838.39043,677.47462,432.45299,436.01488,385.44026,339.66957,297.93631,307.28109,,
691.23484,1436,821,863,784,639,431,408,362,319,272,309,1506.84435,853.02596,896.78774,835.83553,675.68479,431.69313,434.3331,383.90392,339.90557,297.35276,307.48012,,
691.42658,1433,804,846,793,620,409,412,361,325,293,306,1501.27561,850.13101,894.40434,833.54126,673.93939,430.33552,433.54352,383.20401,339.67469,296.67598,306.63277,,
691.61833,1398,804,843,798,634,399,408,353,317,282,274,1496.15332,847.99583,892.08091,831.56015,672.30678,428.94675,432.79021,382.1531,340.19758,295.83418,306.14802,,
691.8101,1498,860,894,844,686,442,429,368,365,306,324,1490.69499,846.27063,889.42932,829.75035,670.92451,428.18109,432.50629,381.1531,340.52887,295.69399,305.67234,,
692.00188,1465,815,877,809,664,417,430,352,350,303,301,1487.00088,844.5413,887.89834,828.58348,670.26064,428.2054,433.34927,380.68799,341.6541,296.49048,305.79118,,
692.19368,1499,846,900,830,680,419,431,377,328,302,303,1482.83019,841.83762,885.86713,826.79454,668.80622,427.76847,432.74534,379.52821,340.94781,295.47337,305.89612,,
692.38549,1508,830,894,846,674,422,436,368,319,272,298,1479.10741,841.22619,884.46126,825.91024,667.29104,427.50318,432.40844,378.93395,341.16277,295.03862,305.70885,,
692.57732,1536,884,932,860,687,478,482,418,380,341,340,1474.36809,839.2029,881.77313,823.7007,664.68294,426.11257,431.77565,376.68704,340.9566,294.49392,305.18875,,
692.76916,1506,866,930,841,707,447,460,398,362,302,335,1471.75691,837.91137,880.15088,822.60778,664.76432,425.61109,431.54685,375.37869,340.47573,294.31328,304.85624,,
692.96102,1501,856,904,836,696,445,471,380,350,318,321,1468.27697,836.62382,878.30961,821.49949,663.56153,426.00324,432.1003,375.59537,341.21634,295.27917,305.88561,,
693.15289,1478,847,865,828,660,425,427,369,322,282,285,1466.04381,835.58466,876.92521,819.11792,662.27944,424.78287,431.65494,374.45525,340.32467,294.91438,304.35441,,
693.34478,1462,831,873,814,638,431,430,370,352,303,320,1462.83374,834.87483,875.44699,818.17898,660.87637,424.45215,431.56712,372.20698,339.79089,294.60617,304.6611,,
693.53668,1471,847,881,843,661,431,442,383,346,303,306,1460.65884,833.45899,873.60606,816.94322,659.23484,423.4775,430.86924,371.00564,338.96765,293.66851,302.74124,,
693.7286,1480,850,883,821,665,431,438,412,352,291,309,1458.55775,832.22632,872.40773,816.02768,657.92346,421.1904,430.43052,370.25421,338.71057,294.01946,302.18671,,
693.92053,1464,836,879,815,657,422,431,388,334,290,303,1455.93506,831.34696,871.18259,814.99139,656.34694,420.91259,430.05615,369.4425,337.90174,293.62584,302.54504,,
694.11248,1471,846,869,821,680,429,464,393,384,324,318,1453.46812,830.16857,869.51193,814.13785,655.01019,420.4172,430.46393,369.1755,337.1571,293.68713,303.04032,,
694.30444,1471,831,876,810,665,418,438,377,345,288,303,1451.22537,829.02261,867.56101,813.58735,653.67177,420.25953,430.19128,369.06691,336.02403,292.86156,302.86831,,
694.49642,1448,809,877,815,637,406,416,367,324,288,300,1447.33403,827.5929,865.7505,811.6259,651.972,419.92623,429.18349,368.47301,334.93472,291.86416,303.37011,,
694.68841,1429,834,851,789,648,396,400,349,325,264,296,1442.81567,826.32562,863.1865,809.32474,649.44751,417.97298,428.08754,367.90047,335.09137,291.48465,302.63127,,
694.88042,1441,814,869,789,640,416,416,360,316,271,271,1438.74224,824.92745,861.05778,807.60966,648.12306,416.84278,427.77721,367.91939,335.16598,290.95062,302.62475,,
695.07244,1435,810,847,813,641,396,396,351,320,264,281,1436.05205,823.36042,858.23813,806.33928,646.72289,415.12727,427.48345,367.23047,335.21538,289.94702,301.94301,,
695.26448,1440,815,860,817,655,449,418,382,347,301,302,1431.9378,821.61526,855.22972,804.78949,643.54436,414.45265,427.26569,367.94566,334.79075,289.66239,301.87427,,
695.45653,1428,814,856,785,625,397,406,336,314,280,271,1428.10179,820.0499,853.07674,803.12598,641.69259,413.2519,426.38486,367.30406,334.5698,289.00304,301.12702,,
695.6486,1424,808,862,827,667,436,431,364,340,300,319,1422.08374,817.20284,849.06625,800.17461,639.21647,411.20313,424.26895,365.61073,333.23679,287.95921,300.08884,,
695.84068,1453,847,868,815,655,431,461,369,353,320,309,1416.84847,814.2907,845.1796,797.49251,636.55856,408.13581,423.01622,364.95481,332.65465,286.54755,297.82088,,
696.03278,1397,824,844,800,639,399,428,357,322,280,285,1409.63791,811.77576,840.81513,793.94786,634.13679,406.00704,420.80842,364.28889,332.40393,285.82215,297.68604,,
696.22489,1407,800,816,784,620,404,403,334,314,266,297,1401.99735,807.89141,836.10496,789.48878,630.6751,403.732,418.43238,363.09765,331.08605,283.99015,296.03819,,
696.41702,1403,812,826,798,623,408,434,368,320,291,303,1394.16037,803.91218,831.27706,785.30094,626.05749,401.54418,416.23183,361.52866,329.70407,282.60284,294.71791,,
696.60916,1397,812,829,793,623,398,408,357,328,293,300,1385.04625,799.05651,826.01348,781.71318,621.70715,398.59727,413.07368,359.76387,327.2381,280.73999,292.95123,,
696.80132,1380,797,820,781,608,380,398,356,296,270,303,1377.91798,795.71501,821.84122,778.42796,618.46547,396.6859,410.8383,357.85071,326.97968,280.50941,292.06102,,
696.99349,1364,814,810,772,609,370,410,345,332,297,271,1370.79048,791.90641,817.34073,774.40033,615.0692,394.8858,408.5864,355.71053,326.45901,280.1938,291.39586,,
697.18568,1376,783,815,767,622,381,412,338,316,282,292,1365.21525,787.93459,813.30741,770.89871,612.36277,393.20207,407.23871,354.16481,324.13774,279.37967,291.1793,,
697.37788,1392,797,836,783,642,414,425,385,341,291,314,1359.55442,784.28707,809.14934,768.21919,608.60599,390.75764,404.70045,351.9749,322.15518,277.71424,290.17083,,
697.5701,1343,792,806,751,591,399,410,367,335,272,306,1354.69313,782.22553,806.3047,765.62486,606.04612,390.01803,404.21124,351.95123,321.85343,277.80525,290.3422,,
697.76233,1357,785,805,751,606,365,399,340,304,272,268,1348.42024,779.49913,803.34732,762.55748,604.10437,387.611,402.68636,350.25235,320.7766,276.46273,289.83223,,
697.95458,1290,749,763,751,565,376,388,344,330,257,297,1342.8322,777.25765,799.61632,760.01076,602.30039,386.29371,402.22078,349.03549,319.99547,276.00439,289.78362,,
698.14684,1325,760,778,751,590,381,405,388,320,268,282,1337.25636,774.43904,794.97465,756.5946,599.53408,383.89101,400.67587,347.70849,318.16798,274.15373,288.82672,,
698.33912,1263,745,768,735,575,361,394,335,309,258,317,1331.08664,771.33709,790.8855,752.78308,596.20938,381.7915,399.15373,346.40182,317.27346,273.72559,288.4907,,
698.53142,1284,749,768,733,580,416,399,348,309,244,290,1325.56728,768.67071,787.39634,750.15951,593.41027,380.08961,398.60334,345.27072,316.67322,272.79248,288.03765,,
698.72372,1317,751,782,746,602,383,408,361,336,290,308,1320.35788,766.28094,784.11896,747.73152,591.3415,378.35031,397.78455,345.362,316.6833,272.25604,287.90362,,
698.91605,1277,757,776,735,578,379,408,350,333,275,273,1315.02988,763.80342,781.18395,744.70366,588.93986,376.86448,396.75979,345.23378,315.69519,271.09887,287.35623,,
699.10839,1304,764,789,724,577,369,361,329,331,288,284,1309.73456,761.45632,777.74693,742.06818,587.42268,375.79445,397.07044,345.55143,316.81411,270.96618,287.8445,,
699.30074,1313,750,760,737,588,355,394,344,332,275,255,1305.01171,758.26689,774.67639,738.79524,585.11087,374.37426,396.19294,345.06845,316.59007,270.24879,287.16057,,
699.49311,1327,775,792,761,606,400,409,352,335,290,293,1299.62029,754.58323,771.43969,735.78337,582.28796,372.38132,394.12795,343.80693,314.76332,268.51308,286.27219,,
699.68549,1320,749,773,749,590,376,400,336,315,267,275,1294.19824,752.66289,768.3114,732.77266,580.13953,371.12619,393.18766,342.54375,314.7744,267.46477,286.24223,,
699.87789,1298,750,781,728,563,368,373,343,300,264,280,1288.85481,750.1234,765.86156,729.58332,578.07205,369.80312,391.55922,341.45068,313.85474,266.34529,284.8841,,
700.0703,1289,742,761,712,602,335,361,304,290,242,248,1283.99696,747.05078,762.9366,726.49553,575.97108,367.59827,389.90609,340.01495,312.718,264.53054,283.31043,,
700.26273,1298,744,769,724,578,369,395,350,312,271,296,1280.03142,744.4534,760.83986,724.8556,575.0388,367.92301,389.23128,339.51306,313.30318,264.78795,283.99545,,
700.45518,1288,751,776,745,574,379,408,356,318,276,278,1275.00686,741.33199,758.08267,721.71374,571.91569,365.00043,387.47525,337.12918,311.51335,262.86387,281.37833,,
700.64764,1263,751,755,719,569,389,379,334,300,259,300,1270.15411,738.50531,755.56783,718.98512,570.17817,364.19711,386.12025,335.57813,310.536,261.7438,281.32848,,
700.84011,1274,719,751,723,554,363,384,322,287,265,265,1266.63562,737.29498,753.40825,717.14215,568.51005,363.63202,386.23391,334.14807,309.89964,261.96933,280.85583,,
701.0326,1279,751,762,728,559,382,388,324,297,268,310,1262.2369,735.86385,750.89968,715.35783,567.29407,363.59992,385.93404,333.49643,309.48511,261.78688,280.82054,,
701.2251,1268,728,738,717,568,354,379,330,298,271,300,1259.06365,733.91678,748.12261,713.2818,565.30628,362.96786,385.37167,331.55093,307.93413,260.2471,280.62572,,
701.41762,1257,747,735,689,562,362,402,322,322,275,281,1255.0265,732.37117,745.5929,711.44128,563.02562,361.64239,384.48427,330.04159,307.02646,259.93758,280.63784,,
701.61015,1279,749,740,718,573,367,389,337,294,241,301,1251.44844,731.249,743.30644,709.90448,560.81868,361.3861,384.93955,328.67478,306.96636,260.17964,281.16601,,
701.8027,1242,716,729,705,556,335,389,324,287,237,272,1246.8014,729.14086,740.25729,707.99968,558.43752,360.39974,384.32705,327.21697,305.7756,260.02088,281.55775,,
701.99527,1215,748,732,703,546,324,355,324,325,250,254,1242.69453,728.57449,737.6173,706.16283,557.01065,359.35435,384.44558,326.24105,305.74987,260.83694,281.06043,,
702.18785,1223,719,729,689,577,346,398,335,302,244,271,1238.23527,726.01298,734.86059,703.41478,554.52484,357.74054,383.86654,324.3989,304.3353,260.10487,280.75057,,
702.38044,1227,719,725,702,553,346,380,313,307,253,274,1235.18277,724.43999,733.0697,701.37471,553.55979,357.21495,383.66758,323.26463,303.9846,260.04745,280.81979,,
702.57305,1253,729,735,703,558,380,402,357,323,268,300,1230.95977,722.71644,730.43731,698.33949,551.60595,356.71796,383.44692,322.06945,303.93035,259.81017,281.0017,,
702.76567,1232,705,744,681,550,347,386,328,306,258,277,1227.57634,720.84448,728.49091,695.5252,550.32932,354.77621,383.37786,321.09939,303.02057,259.6209,279.92113,,
702.95831,1211,716,740,703,550,367,383,320,314,272,271,1221.60187,717.89979,724.66828,691.97633,547.53251,353.67743,382.6095,319.86652,302.44973,258.41629,279.79288,,
703.15097,1214,709,730,704,545,367,386,318,314,245,285,1216.48767,714.7874,720.98813,689.01133,544.65163,352.22981,381.42454,318.76117,301.04159,256.99567,278.67096,,
703.34364,1200,710,719,696,549,358,366,325,301,264,278,1210.30467,711.74101,717.45215,686.43967,541.93667,350.95409,380.81966,318.83934,300.56253,256.28676,279.08344,,
703.53632,1200,706,716,669,529,364,372,317,287,239,271,1203.49374,708.53569,713.44493,683.40277,538.73809,350.65286,379.51174,317.26098,298.77195,253.87816,278.81195,,
703.72902,1190,696,702,682,532,350,373,304,303,258,280,1196.99191,705.05223,709.2422,679.757,536.15065,349.01905,378.65406,315.29908,297.98809,252.71338,278.73723,,
703.92173,1199,703,710,675,527,345,364,294,285,262,261,1190.15237,702.73972,705.61999,676.88385,533.72285,348.22583,378.18596,314.30442,298.10496,252.70346,278.88747,,
704.11446,1185,721,707,687,544,348,384,305,296,250,288,1184.17647,699.54688,702.22286,673.55526,530.52105,347.09794,376.69834,312.16209,297.38089,251.91042,278.34413,,
704.30721,1189,719,719,686,536,357,408,322,333,288,296,1178.30438,696.35281,697.56794,670.27792,527.04202,344.90106,375.22689,310.24218,296.80151,250.74783,276.80647,,
704.49997,1172,685,692,659,524,319,353,302,271,241,264,1172.97302,693.87719,694.30146,667.67474,524.27926,344.60472,374.72443,308.8171,296.4085,250.51661,276.40243,,
704.69274,1183,685,687,660,512,338,390,303,288,245,281,1168.09919,691.52309,691.45904,665.47571,521.95377,343.24707,373.49367,306.80262,296.14843,250.37326,275.99191,,
704.88553,1164,698,681,681,512,348,370,302,296,258,297,1162.69766,689.19745,688.4391,662.9974,519.30873,342.67406,372.53936,306.29994,295.80462,250.63322,275.96093,,
705.07834,1140,687,664,638,484,317,355,300,262,222,239,1157.03787,686.42613,684.60928,658.96904,516.9128,339.29079,369.5893,303.07504,294.13135,248.67299,273.69653,,
705.27116,1167,706,683,655,527,381,378,317,308,276,319,1151.85411,684.35367,681.43992,656.27602,514.30243,338.65317,368.73589,302.12252,294.2449,249.18961,273.618,,
705.46399,1163,693,685,688,527,357,393,316,309,275,285,1147.05196,682.68042,678.64799,654.45716,511.54445,338.28204,368.09799,301.7879,294.01989,249.26456,272.94702,,
705.65684,1156,682,686,655,521,354,383,320,318,258,296,1141.77377,680.83094,675.58192,652.42443,509.13124,337.23994,367.51743,300.78856,293.70307,248.83945,273.26798,,
705.8497,1136,672,680,641,493,306,372,281,283,235,258,1136.22281,677.88469,672.01787,649.67166,505.39238,336.2461,366.10931,299.38612,292.39324,248.08825,272.21991,,
706.04258,1103,666,661,634,499,329,356,296,313,266,273,1131.1969,676.01472,669.09814,647.10988,502.39029,335.87896,365.11984,297.96698,291.47673,247.8282,272.60217,,
706.23548,1129,664,660,640,512,361,402,314,298,251,273,1126.92231,672.61107,665.38105,644.13518,499.37555,334.26497,363.46764,296.83914,288.8821,246.87427,272.17047,,
706.42839,1110,650,654,626,512,318,333,300,276,236,252,1122.06791,671.55974,662.62957,641.56726,497.2618,333.98723,363.47924,296.89481,289.41575,247.05925,272.71888,,
706.62131,1132,669,672,626,504,322,354,302,277,224,258,1118.90614,670.24807,660.0675,639.35799,494.61152,333.81433,363.44486,297.20718,289.23858,246.62054,273.78951,,
706.81425,1098,634,648,612,469,308,337,271,268,214,252,1113.83153,667.88836,656.98598,636.67003,491.93889,332.56907,362.9583,296.50576,287.85565,245.62223,273.15006,,
707.00721,1123,671,656,636,518,334,361,287,298,252,262,1108.65793,666.32585,653.4975,633.89857,489.442,330.49881,360.92494,295.87587,287.76756,244.52171,271.79614,,
707.20018,1097,653,647,630,493,333,364,312,289,241,273,1103.75071,664.15239,650.65678,631.32997,488.09296,330.09185,360.8829,296.12111,287.12639,245.39956,272.03364,,
707.39316,1089,655,648,633,476,321,352,303,275,228,265,1099.01051,661.67766,648.00145,629.216,486.26225,328.78271,359.95196,295.12623,286.89513,244.32368,271.67406,,
707.58616,1072,655,622,624,463,336,333,267,270,223,269,1095.14345,659.55125,645.48683,626.80206,484.51353,328.01404,359.26522,294.67062,287.26347,244.04476,271.37564,,
707.77918,1087,654,638,650,466,316,340,274,282,239,264,1091.59449,657.59018,643.88029,624.54792,482.98781,326.64708,358.64776,294.48527,287.81619,243.52201,270.7074,,
707.97221,1087,669,643,633,488,332,370,318,303,257,284,1087.67442,655.47591,642.82996,622.23924,481.60964,326.53797,358.5397,294.41111,288.40202,243.82661,270.05355,,
708.16525,1051,650,623,601,463,303,339,224,259,221,271,1084.29194,653.67843,641.82906,620.69243,480.64722,326.90562,358.23425,293.98154,289.17214,243.80611,270.23344,,
708.35831,1080,656,633,609,479,325,367,286,301,261,271,1079.999,651.40708,639.26628,618.63209,479.18632,325.99094,356.60559,293.59331,289.20238,243.14992,269.34257,,
708.55139,1101,667,653,643,480,344,364,317,298,269,287,1075.68969,648.0142,637.11063,615.82339,476.75336,325.31557,354.12474,292.63931,287.52792,241.03778,268.18413,,
708.74448,1071,632,628,607,448,314,354,278,268,218,245,1071.23976,646.24338,635.37455,614.55739,475.79406,325.13719,353.81692,291.90969,287.7542,241.49505,268.62513,,
708.93759,1064,670,634,608,468,314,338,296,298,260,277,1067.08349,644.44336,633.20268,612.49043,473.26218,323.79984,351.8241,290.31212,286.83266,241.18073,267.64015,,
709.13071,1070,660,650,618,489,335,367,306,301,267,281,1063.02537,642.96437,631.96505,611.45272,472.48135,323.35777,351.51752,289.51247,287.5343,241.69102,267.88265,,
709.32384,1071,666,639,624,489,318,352,303,306,258,281,1059.65345,641.9062,630.3189,609.76824,470.40846,322.51797,351.69607,289.41697,288.83109,242.61086,268.41355,,
709.51699,1055,640,608,604,463,335,372,313,287,236,264,1055.41813,639.62617,628.46243,607.01647,468.26424,320.56676,350.68375,288.63576,288.23964,242.21461,267.45865,,
709.71016,1055,640,623,593,444,301,335,271,274,217,253,1052.35863,638.11894,626.67186,605.13593,466.80593,319.61528,350.93807,287.41759,288.39976,241.95348,268.18542,,
709.90334,1058,648,634,630,475,363,388,325,308,269,294,1047.98347,635.96473,623.37349,603.2068,464.8214,318.43066,349.51231,286.57725,287.55195,240.89159,268.2965,,
710.09653,1056,626,623,598,463,304,352,298,269,213,268,1044.10662,634.55342,620.78425,600.43684,462.05327,316.36198,348.86681,286.09282,286.56703,240.06745,267.41543,,
710.28974,1038,618,622,591,466,304,361,289,287,232,271,1040.46456,632.70498,617.76849,597.35806,460.02476,315.45466,347.69805,285.42508,286.62196,239.15423,268.0632,,
710.48297,1030,624,614,572,450,342,330,294,272,232,260,1037.44212,631.75689,616.23887,596.85873,459.05663,315.49365,347.95533,285.70502,286.94976,239.33274,268.35604,,
710.67621,1053,628,630,600,481,320,361,298,290,250,271,1034.27346,630.41403,614.40116,595.15334,457.68797,314.55471,347.96514,286.15654,287.57614,239.33086,268.94224,,
710.86947,1048,623,625,603,463,321,352,303,285,239,269,1030.61542,628.68615,612.53766,593.53714,455.63478,312.7889,346.45867,285.55088,287.17507,237.51401,268.3594,,
711.06274,1017,656,634,612,476,340,367,303,348,271,294,1026.03341,626.62982,609.64926,591.1543,453.68165,311.5363,345.52844,284.98591,287.17935,237.14324,268.52586,,
711.25602,1029,597,600,570,442,304,335,254,272,243,244,1022.19953,623.69447,607.11112,588.72559,451.30354,311.01493,345.63875,283.8002,287.08365,236.20277,267.91622,,
711.44932,998,608,598,585,475,305,322,256,266,230,244,1018.92385,621.56051,605.14514,587.07529,451.32415,310.31983,345.03554,284.13511,286.70187,235.71275,268.0916,,
711.64264,1031,610,605,591,465,307,335,276,297,241,273,1016.10644,620.01665,604.18376,585.64783,450.48973,310.435,345.00895,284.37355,286.87615,235.6091,268.54022,,
711.83597,1009,616,625,595,451,319,351,273,294,257,278,1012.16435,617.74616,601.9884,583.37965,448.74115,309.39428,344.29228,283.424,286.09522,234.7872,268.47256,,
712.02932,1007,610,604,575,446,278,324,253,294,178,236,1009.09078,615.98521,600.23559,581.5674,448.5262,308.68344,343.55906,281.82872,285.96197,234.56293,267.75005,,
712.22268,1007,621,595,572,442,303,335,271,287,247,254,1005.34825,613.67852,598.04591,579.21711,447.60022,308.29561,342.9776,281.74208,286.22431,233.99663,267.46701,,
712.41605,1010,623,603,586,447,321,351,302,286,237,280,1001.02768,611.04732,595.01638,576.46753,445.54581,306.71906,341.62461,280.9036,284.72663,232.43238,266.13624,,
712.60944,985,594,586,559,434,312,336,271,264,237,274,996.67052,609.33258,592.17581,574.89529,444.55838,307.43374,340.8127,279.38216,284.27323,231.92571,266.15074,,
712.80285,978,609,566,584,430,289,314,259,270,224,268,993.04868,607.43892,589.68196,573.8173,442.47387,306.5866,339.33656,277.53915,283.4847,231.24488,264.5242,,
712.99627,962,591,554,564,410,271,321,268,264,205,253,988.5594,605.17151,586.35845,571.22322,440.58384,305.10215,337.58212,276.56264,282.77546,230.45455,263.49437,,
713.18971,979,608,598,578,431,305,345,275,276,244,284,983.15747,603.44261,583.29095,569.02326,438.50633,303.59696,336.30841,273.65508,280.70464,228.81429,262.93955,,
713.38316,982,648,586,580,447,306,384,290,323,273,290,979.28664,602.51068,580.66294,567.59718,437.07026,303.31992,336.08929,272.45596,280.64652,228.75198,263.17507,,
713.57663,980,586,558,540,399,275,313,271,278,205,245,976.49713,601.02281,578.8086,566.76593,435.69598,302.68042,336.00646,272.0359,279.95828,228.18836,263.81945,,
713.77011,984,592,581,559,447,308,360,290,300,234,272,972.40526,598.73349,575.78969,564.88025,432.98265,301.16442,333.8566,270.32553,278.88321,226.55657,262.35043,,
713.9636,972,602,547,536,407,280,324,274,254,191,257,968.23138,597.33022,572.86845,562.47795,430.50554,299.18868,332.2497,269.12279,278.29484,226.05271,261.77349,,
714.15711,956,591,575,559,447,303,335,268,271,213,257,964.52051,596.14354,570.74242,560.62164,429.07527,298.89236,331.57184,268.50264,278.20884,226.51315,261.64588,,
714.35064,972,601,558,572,444,303,321,272,273,210,277,961.2832,594.84269,567.684,559.09685,427.52993,297.41138,330.3772,267.72982,277.98424,226.15289,261.3934,,
714.54418,947,573,549,544,410,285,312,289,259,204,235,957.81961,593.9506,565.05339,557.64907,425.58214,297.25722,330.44139,268.48114,278.42221,226.34764,262.05912,,
714.73774,978,609,596,570,427,303,351,277,301,244,273,954.08168,591.78566,561.99139,555.37426,422.82362,295.16775,328.51496,266.71087,277.249,224.36902,260.74398,,
714.93131,939,575,556,559,424,302,308,262,270,197,247,950.83248,591.09155,560.67105,554.78303,421.41097,295.44683,329.29752,267.13905,277.94702,224.78586,261.71048,,
715.1249,960,613,591,590,444,333,348,287,278,254,276,947.83524,589.3615,558.55686,553.56805,420.07207,294.37081,328.42443,267.37423,277.41831,223.27881,261.17792,,
715.3185,941,575,546,543,414,286,319,257,272,224,261,944.43274,587.76477,556.05364,551.28551,418.84697,294.58837,328.33038,267.55039,277.15491,222.44635,260.91384,,
715.51212,944,578,559,556,426,322,320,256,274,216,266,941.16929,586.006,554.04906,549.26402,417.36327,294.74083,327.45648,267.6886,276.91848,222.29271,259.81723,,
715.70575,945,581,557,540,424,305,366,250,275,257,270,938.679,585.32775,552.79399,548.31231,417.25693,294.87764,327.41849,268.57184,277.28497,222.65616,259.68307,,
715.89939,944,586,576,559,428,310,335,259,294,245,259,934.97268,582.67397,550.29364,546.24526,414.83223,294.10002,325.30655,267.90315,275.33115,221.00057,258.73664,,
716.09306,946,617,566,570,463,324,352,302,288,257,288,931.6071,582.8708,549.50513,544.39638,414.43822,294.7358,325.46368,268.01121,277.70418,222.29004,259.92374,,
716.28673,908,577,540,530,387,291,309,239,276,230,239,928.96704,581.08526,547.3304,542.52699,412.71007,293.78219,324.56518,266.49392,275.73755,222.54135,259.1767,,
716.48042,913,574,521,517,408,262,303,240,253,200,227,926.13941,579.08288,545.92131,541.72758,412.85114,294.07826,324.15534,266.42094,274.83653,222.6809,259.53639,,
716.67413,917,559,536,525,402,280,302,243,270,205,229,924.03196,577.45072,544.32445,540.85069,411.53594,292.59018,323.67748,265.98541,274.91232,223.41756,258.99468,,
716.86785,913,575,526,530,398,292,322,277,276,218,255,921.03368,575.50101,543.17575,539.3423,409.64038,291.73569,322.94761,264.26195,274.09581,223.69784,258.67263,,
717.06159,911,576,529,543,399,280,320,252,252,218,249,917.95529,573.14798,541.84729,537.90976,408.09944,288.91295,321.51675,261.59333,273.55322,221.51498,256.4507,,
717.25534,923,590,559,564,421,309,335,271,296,238,277,915.36393,571.69764,539.80142,537.02788,407.31704,288.56024,320.99667,261.07914,273.57532,222.0564,255.44714,,
717.44911,906,559,525,517,367,244,293,257,252,192,234,913.40232,571.50857,539.37027,536.44642,406.80396,288.61365,321.29443,262.38352,273.65648,223.20954,256.081,,
717.64289,893,562,524,527,400,271,315,271,270,207,284,910.62645,569.64253,537.80233,535.21301,405.596,288.06723,320.93844,262.23108,272.67306,223.63,255.78824,,
717.83669,924,593,558,569,416,309,357,290,290,229,290,907.69066,567.7746,535.33844,534.18537,404.14098,287.24542,319.40019,260.81268,271.71879,223.29733,255.76255,,
718.0305,921,559,530,527,398,281,312,260,294,222,266,904.04279,566.15996,533.3141,533.4363,402.17178,285.27253,319.29749,260.45077,271.2871,222.65238,255.21119,,
718.22433,898,535,522,504,390,256,301,256,267,207,238,900.67324,564.58407,531.95148,532.24143,400.74815,285.12748,318.96648,260.49279,270.46921,223.15654,256.06036,,
718.41817,885,565,515,517,388,287,291,262,288,237,238,898.02548,563.73617,530.0911,530.72566,399.3097,283.97667,320.08551,260.14741,271.02351,224.41034,257.03606,,
718.61203,903,558,530,518,399,289,353,269,271,225,266,895.53714,560.73623,527.85692,527.59179,396.6681,282.08465,319.41462,259.50164,270.73762,224.03067,256.79778,,
718.8059,902,568,534,537,410,306,321,271,284,230,268,892.88944,558.23493,526.05864,525.95755,395.36499,280.98874,319.63218,259.18983,270.63693,223.07647,257.60932,,
718.99979,896,556,527,532,399,272,319,265,273,209,260,890.55118,556.54814,523.55496,522.90718,392.67992,279.07282,319.25815,258.97194,269.69567,221.71286,257.59218,,
719.19369,885,572,555,532,409,297,324,272,287,233,268,887.45269,553.73136,521.33894,521.19131,391.71059,277.59052,319.21713,258.37675,269.17368,220.3519,257.34556,,
719.38761,879,535,512,512,401,271,303,233,246,193,218,885.35335,552.6715,518.26245,519.40626,391.55129,276.89205,318.31029,257.06768,269.40796,219.77868,257.23432,,
719.58154,891,580,542,529,410,304,335,277,285,246,270,882.53686,550.75019,515.31441,517.21294,389.64117,274.98186,317.64332,257.4254,268.36248,218.71469,256.5625,,
719.77549,882,542,496,512,397,292,299,261,256,221,234,880.30737,549.54189,514.13094,514.62056,388.64088,273.80312,317.4936,256.76534,268.26524,218.54235,256.40005,,
719.96945,876,556,512,503,384,284,323,245,256,233,260,877.57702,547.55367,512.43904,513.18818,387.94654,272.34241,316.79234,255.71823,267.76418,217.34791,255.75519,,
720.16343,875,542,527,533,383,234,308,237,261,229,255,875.35346,546.63476,511.89973,512.83153,388.10118,272.08279,316.57116,256.20179,267.57605,217.27382,255.49279,,
720.35742,863,552,504,504,374,271,302,242,240,205,274,873.24986,545.38409,510.46205,511.4068,387.92872,271.26621,316.65166,256.61354,267.86976,217.25554,255.68921,,
720.55143,862,517,495,492,356,250,303,219,230,204,254,870.77082,543.23387,508.571,509.75787,387.11067,271.33169,315.41494,255.45693,266.49994,216.47192,255.31446,,
720.74545,908,580,538,536,421,282,372,280,304,267,283,868.90407,542.07572,507.64964,508.78557,387.57324,272.29785,317.00584,255.83334,267.06163,217.67594,256.22345,,
720.93949,874,521,496,548,371,256,320,262,226,207,240,867.76733,540.20691,507.23976,508.04714,387.26136,273.06698,317.50762,255.47523,266.88419,217.70634,256.7342,,
721.13354,865,527,512,512,383,275,328,271,302,218,255,865.61114,540.41711,506.60753,507.75929,388.53544,274.24195,317.97893,255.8048,267.29212,217.91436,257.74348,,
721.32761,840,541,483,488,352,229,296,218,260,209,209,863.67197,539.77091,505.63191,506.29192,388.02929,274.32626,317.77322,254.68332,267.70559,218.76774,257.69836,,
721.52169,848,528,495,495,395,289,307,244,256,198,264,860.89429,537.2769,503.1784,504.14449,387.16802,272.60126,316.7004,253.3034,267.05348,217.95599,256.45399,,
721.71579,860,544,504,524,408,284,334,287,287,233,266,858.64205,535.71191,500.73087,502.28775,386.44006,271.39367,315.77734,251.90077,267.19889,217.53376,255.53705,,
721.9099,865,554,494,505,397,314,335,305,284,239,292,856.54456,534.62946,499.0265,500.83653,385.10324,270.90847,315.97631,252.24689,267.65197,217.79961,255.22497,,
722.10403,853,537,513,481,369,255,316,252,261,214,270,853.94195,533.34379,496.88389,499.14302,384.14068,269.26247,315.30642,250.43034,266.37541,217.79399,254.69598,,
722.29817,838,495,468,482,364,258,305,220,258,182,241,851.59462,532.2651,496.04646,498.39285,383.93862,268.85125,315.44866,249.18827,266.71082,218.03921,254.93667,,
722.49233,842,518,489,473,374,271,313,236,271,204,269,849.5712,530.73594,493.84672,495.79313,381.9448,266.5059,314.16385,248.95146,265.85918,216.47553,254.09588,,
722.6865,840,531,499,488,378,256,331,265,275,216,257,847.05586,529.56429,492.16134,493.67689,381.23002,266.21015,314.51195,249.43883,265.53347,215.79995,254.92247,,
722.88069,847,501,467,455,373,272,285,236,248,204,260,845.55777,529.4416,491.78468,493.44119,381.2793,266.69884,316.1726,251.04197,266.24297,215.57788,256.56223,,
723.07489,856,512,486,480,373,239,314,225,270,201,244,843.03939,527.21611,489.32596,491.57349,379.30066,265.88845,314.87515,249.78346,266.6857,214.47068,255.42039,,
723.26911,838,532,495,495,393,273,310,253,276,209,249,840.1916,524.73046,487.23502,489.39342,377.60733,263.75168,313.22574,249.31237,266.489,212.48588,254.37761,,
723.46335,833,550,480,512,388,266,302,246,265,197,245,837.83603,524.08537,485.79386,488.16707,376.80308,263.84088,312.74871,249.61091,267.49313,213.0448,253.80897,,
723.65759,847,542,488,479,393,271,320,256,285,246,233,836.03925,523.09214,484.66973,486.50533,375.88691,263.60928,313.30146,249.42945,267.90007,213.24965,253.95529,,
723.85186,829,527,477,502,405,271,307,239,270,218,244,834.57229,521.81621,483.7072,485.32605,374.89576,264.07198,313.51791,249.7436,268.20542,212.54873,254.23507,,
724.04614,841,559,495,478,392,280,306,245,271,238,250,833.20193,521.22972,482.6442,484.24112,374.00122,264.34288,313.54665,250.2926,269.33113,212.37559,254.79128,,
724.24043,826,513,512,495,367,255,322,276,245,207,268,830.23459,519.59113,482.26057,482.73275,372.72756,264.02344,312.46647,249.68264,269.43686,211.83075,254.13828,,
724.43474,827,512,502,482,395,278,303,241,271,213,245,828.03998,517.84104,481.13482,480.91463,372.60749,264.28116,311.57668,247.89293,268.92156,211.22605,252.76745,,
724.62906,843,524,495,526,384,273,326,268,284,223,265,826.00052,517.70577,480.54588,480.25072,372.95189,265.68192,311.44051,249.17235,270.16614,212.08958,253.25869,,
724.8234,826,518,477,482,373,286,303,271,271,210,257,823.99753,517.07611,479.08066,478.04131,372.65003,265.63191,309.84108,249.23427,269.41695,212.24628,252.5941,,
725.01775,833,522,476,481,367,285,328,248,269,230,276,822.26343,516.70131,478.99887,477.02761,372.30345,267.39813,309.84976,249.73435,269.85008,213.63877,253.57236,,
725.21212,813,496,463,473,348,262,290,219,245,201,249,819.76385,515.3866,478.44359,476.74654,371.41156,266.63829,308.61988,248.62264,269.38529,214.10089,252.96591,,
725.40651,831,528,492,495,382,271,335,269,305,217,276,817.09708,514.73925,476.90935,475.64056,369.9588,266.22922,307.89114,247.70842,268.64323,213.86339,253.82115,,
725.6009,815,497,459,456,337,225,289,207,242,191,239,814.3774,512.74208,475.22392,473.75981,367.73256,265.00002,306.11124,245.90412,266.80996,213.14983,253.57639,,
725.79532,790,527,462,465,367,234,297,234,288,223,240,813.99613,513.16983,475.94018,474.05121,368.91941,266.18073,307.41419,246.85055,267.77981,215.10856,255.67619,,
725.98975,830,492,463,463,354,235,319,257,268,238,254,811.96172,510.39917,474.30383,474.14956,366.65902,264.82743,306.6515,245.85746,264.89196,214.35999,255.19812,,
726.18419,785,481,448,463,338,239,301,246,257,194,241,809.43104,509.1678,473.86052,473.74579,365.74976,264.65623,306.24732,245.95733,265.17568,213.93687,255.39788,,
726.37865,815,542,476,469,367,269,322,252,268,218,265,807.01022,508.04698,472.29385,472.37546,363.34959,263.07891,305.46107,244.23699,264.32619,213.74439,254.40909,,
726.57312,801,497,492,463,356,269,314,253,255,206,251,804.91402,507.55575,471.71757,471.89717,363.50185,263.59417,305.4459,244.05212,264.54203,213.97332,254.62651,,
726.76761,790,494,457,450,372,258,293,226,248,191,253,802.70636,506.57014,469.69895,471.67795,362.98281,263.88648,305.57845,244.80314,265.06913,214.17228,255.01545,,
726.96212,804,502,473,470,360,289,320,276,281,196,253,801.02313,505.91397,468.14451,471.37389,361.65394,265.30089,305.77644,246.26277,265.81821,215.39772,256.10376,,
727.15663,810,513,461,463,357,284,310,282,273,207,256,798.63107,504.36429,467.07092,469.53541,360.02172,264.42148,305.2584,245.58255,265.36415,214.64522,255.77508,,
727.35117,783,500,476,482,362,289,316,237,271,222,249,795.59059,501.59759,464.79841,468.20447,358.56207,263.49007,304.48964,243.7583,264.99443,213.44642,254.84561,,
727.54572,783,489,457,477,347,243,277,224,270,203,241,792.86373,499.73703,463.24352,467.13803,356.51353,262.81658,304.17187,243.20243,265.67881,213.47002,254.88095,,
727.74028,778,485,447,460,335,254,271,203,256,208,221,790.63358,498.26764,462.8154,466.04018,355.8812,262.18943,304.98027,243.7166,266.84885,213.46812,255.85463,,
727.93486,815,527,495,479,388,274,328,272,273,234,297,788.49926,495.90124,460.98836,463.92215,354.84559,261.84881,303.87773,242.68137,266.87569,212.81085,256.25964,,
728.12946,810,514,480,467,374,297,331,244,271,254,271,787.9313,494.47802,460.49442,463.23319,354.82718,262.41396,304.42116,241.93705,267.93733,212.77483,257.13029,,
728.32406,781,480,451,444,340,254,276,222,252,201,253,785.12066,492.52592,458.51288,461.14915,353.29111,262.13201,302.88903,240.47335,267.04571,210.94437,256.26127,,
728.51869,779,483,454,457,352,269,300,245,255,201,256,781.83986,491.61243,456.86154,460.71161,352.10403,261.94181,301.10066,238.90317,266.88478,209.70384,255.51274,,
728.71333,767,504,454,461,368,268,280,232,273,240,256,778.89898,490.00247,453.81814,458.59566,350.48683,260.71365,299.74373,236.88074,265.96066,208.61802,253.14272,,
728.90798,756,469,452,456,357,242,280,217,234,203,239,777.10906,488.00761,452.23364,458.15858,350.65936,260.97003,299.57068,235.41629,266.43883,208.52672,252.7898,,
729.10265,800,524,462,475,385,290,323,266,284,242,292,774.50982,487.89329,449.99257,456.4575,349.54876,260.40291,298.45464,234.73857,265.80244,208.27428,251.92281,,
729.29734,769,495,448,470,342,248,296,272,266,205,269,771.89853,486.30676,449.11565,455.97798,348.16059,259.93431,298.8231,235.09257,264.7865,207.15998,252.12854,,
729.49204,776,487,463,450,335,242,302,212,243,207,257,769.86985,485.20857,448.68332,455.48447,348.33104,259.9839,298.81363,233.49729,264.97567,207.68767,251.71614,,
729.68675,767,466,449,490,344,285,317,237,282,208,260,768.31804,484.35199,447.72215,456.36057,348.60325,260.08795,299.73965,233.47374,265.17054,208.40361,252.14297,,
729.88148,750,468,413,442,330,217,285,202,239,176,226,766.15488,483.24397,446.1333,455.13982,347.09359,259.37151,299.14449,233.69127,264.49376,208.11905,251.28257,,
730.07622,774,485,442,447,344,245,311,243,271,202,274,763.86693,481.95395,444.2381,453.89227,346.07006,259.22358,299.35142,233.30318,264.16252,208.12281,251.93314,,
730.27098,768,472,454,447,352,266,285,239,256,200,246,761.46268,480.08267,441.76158,452.54065,344.52708,258.50234,298.22198,232.20111,263.11898,207.62425,251.67528,,
730.46576,768,480,450,460,357,273,319,242,277,212,265,759.67345,479.26938,441.10587,452.48277,344.73612,257.89273,298.80034,232.14712,263.98645,208.11355,251.96799,,
730.66055,736,460,411,431,303,220,288,206,256,186,214,757.88312,477.9863,440.02254,451.5534,343.90652,257.00976,298.12202,231.275,263.75288,206.98004,252.4208,,
730.85535,761,513,449,456,370,278,312,256,312,221,256,754.51747,475.99259,437.77297,449.42314,342.80081,254.33043,297.03418,230.16438,263.99135,206.1181,251.85429,,
731.05017,772,466,424,443,336,258,312,232,286,223,246,753.03094,473.195,435.73078,447.68851,342.08764,252.31613,297.04825,230.14673,263.83945,206.68085,251.36433,,
731.24501,742,474,430,452,352,256,293,239,289,207,233,750.01327,470.20827,432.68196,446.27613,340.24651,250.7115,296.69968,229.53385,262.43197,204.44889,250.45041,,
731.43986,733,435,402,426,303,241,272,206,247,176,240,747.94482,469.46212,430.99475,445.055,338.85309,249.14263,296.711,229.24073,262.41029,204.23588,250.82181,,
731.63472,746,463,459,447,338,244,292,215,266,209,235,745.56624,468.00892,430.0007,443.96426,337.76749,248.27056,296.71485,228.82339,261.81961,204.35421,250.57535,,
731.8296,733,463,436,434,360,239,294,214,258,182,239,742.51294,466.02766,428.71059,442.6276,337.85051,247.18968,296.36859,227.28594,261.17228,203.88684,250.36377,,
732.0245,745,479,441,463,345,260,302,238,277,226,271,740.13321,464.52271,426.56769,442.149,337.37894,247.00659,296.28979,227.98673,261.79766,203.84029,250.12304,,
732.21941,752,477,437,447,331,264,300,244,271,208,266,738.50094,463.54065,425.01024,440.89302,336.44416,246.98376,296.11468,228.72493,261.54744,203.67132,249.96695,,
732.41433,745,465,431,425,360,270,292,212,246,182,264,734.64581,461.22082,423.07325,439.43442,334.97613,245.77789,295.6042,226.72717,260.84806,203.08521,248.56223,,
732.60927,724,463,400,437,315,254,271,200,229,190,220,731.19672,458.68991,420.15253,437.66459,333.34581,243.95207,293.36245,224.89544,259.40112,200.82489,245.89877,,
732.80423,725,460,409,434,319,260,286,220,233,197,239,727.02206,456.21828,417.66013,435.58198,331.40923,242.03615,290.69197,222.60287,257.47258,199.54749,243.59354,,
732.9992,676,431,373,402,276,188,252,191,210,166,201,724.78027,454.87871,416.57118,434.75311,330.72482,241.26626,290.40646,222.39541,256.82536,198.80686,243.76797,,
733.19418,730,465,428,463,344,241,317,239,280,232,260,722.6462,454.31618,415.82534,434.12091,330.68049,242.03817,290.88919,222.56411,256.52422,199.70312,244.23366,,
733.38918,742,450,400,429,331,228,322,238,245,200,252,720.29593,452.3249,413.71263,432.3917,329.2866,241.52289,289.75791,221.82942,255.12184,199.07171,243.79128,,
733.5842,749,470,456,456,356,268,332,269,294,249,297,717.48302,451.22798,412.41797,431.78314,328.58921,241.78862,288.7633,223.00371,254.69125,197.96507,243.60187,,
733.77923,692,473,396,424,313,217,282,238,234,194,240,714.61859,450.26465,411.03253,430.28648,327.63732,241.44941,287.11058,222.90817,254.3883,199.04335,243.47618,,
733.97427,730,446,436,444,349,253,313,216,272,223,262,710.32474,448.18623,408.81318,428.50529,326.21957,239.45442,284.72187,221.12483,252.89531,198.48078,241.83954,,
734.16933,717,452,412,420,338,223,280,212,258,227,245,708.0443,447.35068,406.69544,427.56273,326.30467,239.26483,285.70441,221.14813,252.84083,199.6033,242.65716,,
734.36441,696,431,389,405,315,224,271,246,239,176,242,705.41249,446.68427,405.15006,426.61702,324.67152,237.72287,284.75676,222.47041,253.17455,200.20118,243.47933,,
734.5595,694,431,400,402,301,214,258,223,251,175,231,702.93658,445.28925,404.09753,424.98195,323.2487,236.73913,284.27706,222.23477,252.18252,200.2608,244.03133,,
734.7546,697,431,403,432,353,256,284,222,270,193,268,700.28019,443.36465,402.85001,424.63875,321.67909,237.08431,284.01878,221.94688,252.53295,200.63342,244.84917,,
734.94972,709,440,412,434,335,241,282,222,258,204,239,696.95239,441.4107,400.42381,423.41906,319.9272,235.09448,282.88333,221.24657,251.29996,199.15169,244.25788,,
735.14486,693,431,419,431,334,239,289,214,256,192,243,693.47684,439.82516,397.70316,420.66178,318.49788,233.89166,281.98222,220.91338,250.73902,198.32411,244.92722,,
735.34001,689,424,386,410,308,245,276,228,252,170,253,690.06732,437.20752,395.55924,418.17695,316.61748,232.99993,279.85307,220.00177,249.69082,197.18891,244.1892,,
735.53518,671,404,362,397,293,202,271,190,224,194,208,685.7173,434.57596,392.68482,415.60792,314.64821,232.24417,278.01336,218.6915,248.50311,196.00102,242.88908,,
735.73036,695,457,398,444,328,264,289,217,250,217,236,681.0215,432.11536,389.98582,413.34137,311.99259,230.73866,275.98217,216.98809,247.22766,193.88759,241.78702,,
735.92555,669,453,389,430,300,239,273,201,244,188,245,677.42098,431.87651,388.32406,411.92935,311.49709,230.84849,275.31937,217.78439,249.33942,194.59446,242.00319,,
736.12076,672,447,405,418,317,222,265,209,276,243,245,674.52946,430.81152,386.32925,409.78643,309.68253,230.80607,274.94052,217.10644,250.55213,194.63462,241.58253,,
736.31599,665,434,385,416,330,248,272,203,240,202,223,670.59007,428.02759,383.40825,407.55052,308.21104,229.79182,273.75451,216.49254,250.80045,194.13121,240.62296,,
736.51123,658,414,378,403,309,225,264,208,243,177,227,666.88174,425.91259,380.23715,404.84786,305.32714,229.29983,272.34832,215.142,250.39994,192.8402,239.93295,,
736.70649,665,425,349,392,282,218,250,218,232,175,224,662.7669,423.83205,378.23817,403.19747,303.14012,228.7985,270.99463,214.26855,250.26963,192.60223,238.82283,,
736.90176,652,414,390,375,284,217,264,192,216,156,221,658.67508,421.84919,376.93298,401.41272,302.48076,227.94883,269.78131,212.96385,249.89218,191.67562,237.52035,,
737.09704,628,405,356,388,292,207,256,201,235,162,217,653.97071,420.32225,374.50599,399.2439,300.91361,227.51535,268.75977,212.66556,249.98204,191.91422,237.3897,,
737.29234,673,438,382,413,314,257,273,256,248,188,251,650.4792,419.54307,373.53671,397.67327,299.54357,226.98621,268.01205,212.99511,250.52796,192.37627,237.59055,,
737.48766,657,436,399,423,304,236,293,243,276,229,290,646.62796,418.31065,372.23989,395.30051,299.10066,227.93925,267.4905,213.2022,250.58006,191.93406,237.95314,,
737.68299,675,430,374,420,298,250,300,238,284,204,260,641.51333,416.25274,368.75583,393.38744,296.29616,226.89492,264.87547,210.91726,248.87744,190.72108,235.70846,,
737.87834,648,438,376,398,309,234,278,241,262,217,256,637.14324,414.9402,366.83746,392.155,294.6498,226.47865,264.49849,210.48146,248.81787,190.69014,234.59084,,
738.0737,642,404,353,378,276,208,259,206,251,190,226,631.02899,413.54257,364.46823,390.43131,291.39795,224.80185,262.53245,209.43355,247.47584,189.9263,233.8132,,
738.26907,618,418,370,387,284,208,256,213,271,192,239,626.70643,412.17192,362.71417,389.75478,290.25912,224.35912,262.53655,208.8723,247.60457,190.27643,233.77927,,
738.46446,626,386,342,354,266,192,271,166,240,208,233,622.54339,409.96636,360.07373,388.0489,288.27342,222.79454,262.87196,208.37464,246.66158,190.00621,233.873,,
738.65987,609,399,340,382,288,209,271,190,253,175,230,619.69116,409.4873,359.58266,387.62719,287.63868,223.44488,264.42375,209.91667,247.38003,191.19029,235.85021,,
738.85529,640,399,364,384,294,239,294,230,253,195,265,615.01638,408.6963,356.89246,385.22191,284.90677,222.48966,264.13047,210.0277,246.53385,190.48114,235.58794,,
739.05073,614,413,373,373,273,230,220,222,254,179,240,611.88256,407.65619,355.9383,384.8214,283.82514,223.16707,265.6874,210.20315,247.49093,191.19085,236.59956,,
739.24618,591,381,340,367,289,239,254,190,223,159,221,608.32241,406.39557,353.27808,382.54583,282.49598,221.72448,266.08904,208.81513,247.19158,191.57707,236.3936,,
739.44165,585,396,336,367,271,213,240,180,240,175,217,604.34155,404.66624,350.42572,380.32995,280.12446,220.7754,266.44984,209.97961,246.85028,191.39362,237.21584,,
739.63713,574,390,326,362,281,211,245,202,231,162,208,600.33604,402.70808,348.73608,377.49988,277.77118,219.47562,266.18605,210.16524,246.97021,190.4049,237.24884,,
739.83262,569,388,322,340,269,221,239,175,239,188,216,596.32356,400.77053,346.65911,375.89028,277.98324,219.68353,266.396,209.87658,247.68314,190.13889,238.45886,,
740.02814,591,390,356,393,267,218,254,198,246,189,218,592.85705,399.69596,345.22786,374.92935,277.26132,219.87832,266.87189,209.67635,248.81535,190.39768,238.25101,,
740.22366,580,413,351,385,290,230,270,216,248,198,239,587.78308,396.77979,343.31532,372.19072,276.08718,218.05289,266.87119,208.865,248.36717,189.26234,238.69551,,
740.4192,612,426,378,405,303,239,300,239,278,216,284,583.20417,394.36834,340.85563,369.59872,274.41142,217.43596,266.13971,208.31645,248.18118,187.66874,239.06603,,
740.61476,591,403,334,367,271,212,283,220,266,227,229,577.48123,391.02161,337.63732,367.00435,272.61091,215.73254,265.72215,206.63245,247.6659,187.31781,238.6086,,
740.81033,575,383,334,360,261,214,264,185,210,168,222,572.96204,388.7501,334.94038,365.47131,271.33681,215.76794,265.77818,205.70341,246.16252,186.63716,238.25899,,
741.00592,560,364,318,371,272,201,258,213,216,195,233,567.01058,386.93585,332.09316,364.09529,269.64735,215.43974,264.67349,203.84765,245.57254,185.47609,238.91556,,
741.20152,562,432,354,385,277,234,269,222,256,202,237,562.68971,386.42941,330.67881,362.81823,268.76677,215.3353,264.60343,203.18195,246.5059,186.866,239.64794,,
741.39714,537,370,333,376,274,202,254,216,239,198,233,557.63838,384.80027,328.8995,361.8527,268.44282,215.96956,265.3222,202.21278,246.8269,188.15731,239.73354,,
741.59277,557,392,352,360,283,202,271,207,249,195,241,553.21251,382.72883,326.19543,360.52404,268.48382,215.53517,264.92444,201.0632,246.41104,188.06514,239.34123,,
741.78842,538,389,309,349,255,206,271,220,252,191,252,548.45163,381.02596,323.73546,358.59709,266.75567,215.34683,264.86774,200.7826,246.11051,188.76448,239.51093,,
741.98408,568,392,355,394,273,213,277,212,260,197,249,543.29482,378.39308,321.80863,355.74317,265.31312,213.96158,263.56373,198.50325,244.71718,187.57374,238.61519,,
742.17975,534,367,305,364,252,225,271,200,244,174,239,538.67297,376.36556,319.92972,355.21185,264.91982,214.00868,263.47605,197.84233,245.05794,187.44683,239.40646,,
742.37545,538,370,309,370,249,184,258,169,236,175,236,535.1316,375.00935,318.57961,354.14447,264.59238,213.03948,262.94056,198.41996,244.58962,186.81041,239.74466,,
742.57115,560,398,353,367,286,240,312,238,278,207,285,530.20549,373.14707,316.77261,352.91866,263.71381,213.01735,263.16761,198.57897,244.68106,187.678,241.56742,,
742.76688,535,372,308,340,249,233,254,195,223,173,271,526.29518,371.15597,314.74602,352.02401,262.36513,212.64029,263.75478,199.23167,244.9385,187.07058,242.75279,,
742.96261,539,340,277,316,252,202,271,180,234,159,218,522.26245,369.88543,313.01311,351.63225,261.90573,213.24506,264.04498,200.44884,245.3483,188.16841,243.49827,,
743.15836,527,368,303,336,242,207,271,208,252,184,248,518.50692,367.72962,310.75463,350.12659,260.77651,212.10381,263.31733,200.8508,245.80235,187.79032,244.10555,,
743.35413,536,383,303,337,258,233,274,209,257,175,239,513.85171,365.8826,308.73764,348.39616,258.18053,210.85361,262.85943,201.63508,246.76502,187.9749,244.54139,,
743.54991,502,345,286,319,239,201,252,175,255,178,225,509.75755,362.69993,305.79485,345.84038,255.66889,208.8472,262.18795,200.6643,246.7925,188.1265,243.91427,,
743.74571,504,360,301,355,269,204,270,196,252,192,249,505.4702,359.42887,302.52543,343.77775,253.68004,207.7031,262.67139,199.71712,245.79019,186.96152,243.80539,,
743.94152,485,341,281,306,252,181,241,170,228,175,230,502.29067,356.5717,299.88688,341.9024,251.23808,206.80575,262.58588,199.52642,245.46773,186.47892,244.23373,,
744.13735,484,352,318,344,254,222,248,217,259,196,258,498.35165,354.92571,297.69916,339.60604,249.31088,206.76695,260.63453,199.51535,245.63979,186.1506,244.49419,,
744.33319,472,344,303,324,270,205,237,165,242,165,221,493.41505,351.77553,294.82108,337.38583,247.92641,206.47657,258.90287,197.22691,244.49809,184.7518,243.44619,,
744.52905,463,347,271,337,256,203,239,173,236,186,234,488.63766,348.94276,290.79852,334.6821,245.66744,205.43874,256.86822,195.12936,243.95549,184.29942,242.3408,,
744.72492,459,342,284,324,221,192,245,186,235,177,232,483.73222,346.23844,287.62572,331.58072,244.04913,204.73177,254.86575,194.39469,243.5987,182.77943,241.41294,,
744.92081,447,316,270,303,237,176,232,182,207,169,255,477.68568,343.17749,283.62905,327.81911,241.74255,203.54434,252.48393,192.23704,242.20893,181.57845,239.91492,,
745.11671,484,367,296,364,256,245,255,194,258,206,239,472.6194,340.71639,281.37163,325.98333,239.76226,203.51492,250.80652,191.19842,241.53845,181.03975,238.15665,,
745.31263,463,342,284,344,251,217,270,201,248,201,255,468.24284,339.07808,278.99715,324.76949,238.93395,202.48504,249.61191,191.00442,241.25591,181.11636,237.57367,,
745.50856,483,349,282,331,239,211,256,202,228,182,238,464.42832,338.19572,277.50837,323.74733,238.14784,202.03613,248.92818,191.23298,241.32517,181.19344,238.06408,,
745.70451,468,367,300,346,258,216,260,203,288,222,261,458.84516,334.76138,273.64772,320.21756,234.69564,199.41566,246.97359,189.03853,239.76962,180.38037,236.05678,,
745.90047,495,355,301,335,248,209,289,221,256,218,238,454.22601,331.34429,270.71388,317.48542,232.43392,197.74842,245.89434,187.15418,236.96435,179.13559,234.77463,,
746.09645,444,306,272,324,239,183,248,189,239,195,236,448.93853,328.52574,267.49297,315.79608,230.81898,196.73093,244.23797,186.43897,235.04872,178.5083,234.09959,,
746.29244,461,329,265,313,237,181,224,191,223,162,234,444.56656,327.6643,265.53476,314.49054,229.26143,195.88908,243.34585,185.73549,234.73768,179.05205,233.63637,,
746.48845,431,321,290,312,204,193,250,201,248,181,252,438.99545,325.44848,262.61227,312.42447,227.34642,193.83356,241.21672,185.26972,233.77041,178.46262,232.42119,,
746.68447,448,315,249,320,233,173,218,181,230,145,227,434.52518,323.55093,260.09796,310.11493,226.21027,191.93325,240.6146,184.56502,233.59453,178.68785,232.18182,,
746.88051,450,333,268,333,221,209,270,223,245,181,257,429.11151,321.1371,256.43308,306.97585,222.68903,189.59227,239.38375,183.51974,232.50182,178.02417,231.09704,,
747.07656,403,298,228,260,186,143,217,175,196,140,188,424.89932,318.86566,255.11849,305.00788,220.12059,187.39106,238.15106,183.03377,232.07432,177.08689,230.20811,,
747.27263,406,303,228,297,200,226,244,189,229,175,230,420.73247,316.83789,253.13117,303.01343,217.8498,186.31693,237.48914,181.94,231.36862,175.7799,229.72369,,
747.46872,440,319,261,316,207,178,239,198,239,166,222,416.13035,314.26295,249.79032,301.14206,214.91832,182.92808,236.36338,179.73275,230.21203,174.49781,227.98048,,
747.66481,431,320,246,308,216,207,237,182,248,196,217,412.77084,313.48588,249.28315,299.35985,213.93391,182.75936,237.96904,180.28773,230.78414,175.05891,229.30266,,
747.86093,414,306,237,269,196,159,226,169,225,154,229,409.82086,312.42173,248.00931,298.31106,213.28807,182.78754,238.46377,180.53349,230.54658,175.1446,230.32825,,
748.05705,400,301,228,281,180,188,239,160,210,177,200,406.54327,310.44037,245.50812,296.1726,211.45614,181.83476,238.23457,180.03033,229.90761,174.0865,229.70015,,
748.2532,406,302,233,294,234,188,222,148,210,158,212,403.33826,308.5023,243.019,293.66375,208.85701,180.93746,237.53911,179.87689,229.10632,172.42622,229.41099,,
748.44936,394,313,233,284,212,193,241,150,207,175,240,400.3256,308.14589,241.60266,291.39215,207.55165,182.55369,238.00892,180.85816,230.07144,172.47725,229.48001,,
748.64553,381,328,237,290,214,175,198,162,254,188,217,396.89511,306.79936,239.29964,288.3237,205.71854,181.57911,237.45029,179.82394,230.27962,172.25369,228.93517,,
748.84172,373,315,238,284,239,196,239,174,234,186,234,392.98152,304.7544,236.5929,286.45426,203.92552,179.93119,237.56783,178.87535,230.24594,171.66588,228.0646,,
749.03792,373,287,234,285,202,158,225,161,218,164,216,388.98084,303.07978,233.36948,282.57276,201.67979,177.97592,236.77139,177.37102,229.52411,170.49911,227.25597,,
749.23414,382,303,224,272,197,174,245,207,228,175,239,384.42304,301.9287,231.41056,280.59865,199.91393,177.36705,235.91728,177.02084,229.58606,170.36347,227.20284,,
749.43037,367,305,258,284,207,172,238,190,220,152,234,380.03169,300.83094,229.72237,277.51976,199.50975,174.89859,234.93989,175.47417,228.73739,169.65474,226.12406,,
749.62662,354,293,217,290,193,153,237,162,198,168,212,375.62697,299.73053,227.24836,275.05973,198.92951,173.73728,234.26168,173.90555,228.6912,169.35016,225.66008,,
749.82288,383,301,236,286,202,175,239,178,236,180,232,371.14589,298.56864,225.49818,273.03239,197.48026,171.91458,233.08301,172.51428,227.30549,168.81103,225.21362,,
750.01916,372,280,209,271,185,127,225,157,217,157,239,366.43378,296.43818,223.27552,269.93585,196.01898,169.55091,231.85372,170.71696,225.59963,167.94888,224.81415,,
750.21546,336,273,207,240,164,168,221,141,202,141,217,361.7812,296.02761,221.49838,268.44887,194.63653,169.80595,229.91644,168.79458,224.7158,167.18508,224.05472,,
750.41176,349,261,206,252,174,158,236,148,220,158,228,357.8884,294.70989,219.7657,267.1861,193.8583,169.4939,230.28164,168.14779,224.55295,167.49858,224.97961,,
750.60809,397,331,248,303,237,208,271,218,272,208,264,354.49464,292.52574,217.73986,265.45489,192.21045,169.41319,230.07624,167.48083,223.63265,167.14136,224.69007,,
750.80443,356,319,220,271,189,181,227,177,265,169,233,350.80432,290.83404,216.1162,264.18073,191.0839,168.85644,229.55976,166.07853,223.53242,167.03654,224.63458,,
751.00078,367,280,213,244,175,142,240,164,239,174,220,348.17597,289.94659,214.96627,262.35027,189.37088,168.66742,230.3685,165.87644,223.3741,167.2244,224.50846,,
751.19715,340,284,207,243,176,166,225,175,223,141,213,344.61406,288.42332,215.16256,261.27684,189.63324,168.21065,230.95558,165.25887,223.68502,167.8149,224.85667,,
751.39353,356,271,223,261,185,176,253,164,228,176,232,341.84675,286.75934,213.00084,259.47562,188.41518,167.28909,229.76939,163.95361,222.88068,167.31473,224.58559,,
751.58993,340,282,236,254,168,169,219,164,209,146,204,338.65317,284.40436,211.29518,258.40021,187.19604,166.42436,229.95248,163.56957,222.69621,167.16376,224.89721,,
751.78634,356,302,240,271,224,188,242,193,244,172,244,335.74398,282.19063,209.56882,256.87886,186.11364,164.91418,228.78448,162.73698,222.83662,165.01479,224.2,,
751.98277,352,309,213,283,217,194,254,172,234,192,239,333.39768,280.64606,208.40137,256.45539,185.05239,165.52984,229.16535,162.89166,222.97631,164.75025,224.63684,,
752.17922,321,281,188,262,190,172,234,184,230,186,216,330.07919,279.18458,205.97882,254.73773,183.62518,164.54355,228.06245,162.6033,222.72119,164.10021,223.11205,,
752.37568,342,306,239,269,211,213,239,192,238,188,257,326.04084,276.45985,203.24988,252.62128,181.54708,164.07617,226.79753,161.50572,222.09149,162.92815,222.70751,,
752.57215,329,280,194,270,187,164,204,171,225,160,207,323.53738,274.67496,201.91853,252.12263,180.04829,163.15701,226.0477,161.21672,222.31382,162.0593,222.19919,,
752.76864,294,268,177,218,137,154,182,140,196,140,207,321.80276,273.61992,201.70149,253.1169,179.88031,164.9164,226.1887,162.07613,223.34789,163.1232,222.77388,,
752.96514,311,265,182,222,175,156,220,144,214,158,208,319.39783,271.35287,200.22449,252.13309,178.15731,164.08365,225.91925,161.32408,222.14535,161.51131,222.73343,,
753.16166,300,292,205,249,191,157,240,157,238,204,224,315.51351,268.87898,198.32698,251.02372,176.09984,163.81137,224.54626,160.05176,220.96154,160.3328,221.47186,,
753.3582,307,258,168,241,163,93,207,117,183,137,202,313.66142,268.27452,197.6281,251.13554,176.57587,164.16274,224.69689,159.79447,220.49306,160.62325,221.4102,,
753.55475,290,253,177,248,159,143,220,145,204,143,204,310.87857,267.155,195.42486,249.68738,175.11208,164.69374,223.99058,158.06886,219.61279,160.73945,221.13627,,
753.75131,310,293,206,244,189,168,216,160,209,168,239,307.97952,266.33335,193.58871,249.46599,175.17738,164.13923,222.6107,157.20805,219.98818,161.40814,220.61304,,
753.94789,296,264,207,265,194,154,218,150,206,172,220,306.25638,266.04433,192.03862,249.07633,174.77465,164.50189,221.89356,156.64599,220.05302,162.20236,220.79943,,
754.14448,316,256,207,239,185,148,226,157,209,159,224,303.44033,265.08034,191.43804,249.37677,175.0431,164.33706,221.59102,156.29616,219.95536,162.92636,220.43546,,
754.34109,301,244,190,259,159,200,218,144,225,145,223,301.68056,265.39027,191.33786,249.8125,175.41627,164.45147,222.11377,157.3683,220.41041,164.13697,221.57093,,
754.53772,292,244,186,255,153,159,206,146,190,148,213,298.6741,263.58364,190.81379,249.46882,174.58747,162.78022,221.45109,157.07332,219.49813,163.16768,220.78616,,
754.73436,289,238,173,229,144,172,227,149,233,144,208,295.28719,262.01237,189.89957,249.37722,173.97563,162.15355,220.56785,156.25575,218.5859,162.56368,220.17291,,
754.93101,282,239,173,242,156,175,214,157,214,142,231,294.01955,261.37926,190.3027,250.36345,174.25545,163.01615,221.48275,157.26413,219.323,163.56255,221.32402,,
755.12768,321,228,185,253,175,160,264,175,238,177,232,291.8137,259.4375,188.57288,250.48359,173.05857,161.26291,221.25654,156.2516,218.62731,163.18487,221.00045,,
755.32436,281,233,175,234,154,159,207,141,208,140,192,288.28565,257.15432,186.19976,248.76224,171.30986,160.19724,220.25321,154.95681,216.64828,161.21652,220.57641,,
755.52106,289,272,186,242,175,149,214,143,213,143,216,285.22515,254.47752,183.77447,247.9665,170.08768,160.08709,219.66026,153.55261,216.06607,160.77784,220.5544,,
755.71778,292,284,198,249,184,176,232,173,253,180,236,284.74398,254.19516,182.94331,248.37235,170.76172,160.91531,220.6797,154.42622,217.46194,161.36087,221.92593,,
755.91451,294,255,194,268,206,164,224,158,236,179,221,283.28626,252.78715,181.47118,247.82976,169.88749,160.61444,220.93372,154.46119,217.85963,161.33618,222.63958,,
756.11125,284,227,121,240,136,149,194,144,207,150,203,281.35688,250.13574,178.98315,246.14544,167.31881,158.71034,220.06088,153.58099,217.72282,160.15022,222.2188,,
756.30801,280,252,193,260,188,162,228,172,229,154,222,279.12435,247.42603,177.00193,245.01798,165.17799,157.45654,219.37165,152.87497,217.53002,158.47598,221.54309,,
756.50479,269,271,213,240,158,175,207,156,237,161,224,277.53111,245.06188,175.50563,244.06032,164.17742,156.9041,219.54708,151.35643,217.70937,158.22635,221.48037,,
756.70158,281,264,181,271,185,181,219,154,211,195,238,276.51668,243.37566,174.77639,243.51895,163.77016,156.90845,219.40622,151.40354,217.82992,157.89148,220.7284,,
756.89838,272,264,185,259,179,148,220,169,228,170,236,276.02376,242.84065,175.90145,243.16537,165.64559,157.7387,220.67252,152.91347,219.3488,158.02408,221.91828,,
757.0952,261,226,191,233,156,132,219,141,189,139,236,275.53478,242.4432,175.94904,244.18034,166.96577,158.85612,221.72708,154.28762,220.10897,158.52266,223.04138,,
757.29204,290,272,203,286,191,200,254,186,230,190,240,273.52248,241.26549,174.53825,243.42105,166.80289,159.30947,221.83495,154.82095,219.94591,159.08059,222.70908,,
757.48889,280,260,194,261,182,178,238,177,213,175,239,272.75358,241.38221,175.04616,243.80702,168.51104,160.2283,222.26551,156.51643,220.81424,160.08041,223.92093,,
757.68575,253,239,143,207,147,117,207,125,195,141,195,270.66833,240.2162,173.4531,242.70708,168.12487,159.62758,220.46531,156.10949,220.27906,159.64772,222.70568,,
757.88263,264,269,175,233,180,154,207,166,251,192,225,268.62561,238.72883,171.94378,240.92351,166.64525,159.03357,218.37025,155.83252,219.52094,158.63657,222.15248,,
758.07953,309,276,181,249,175,164,260,177,239,207,237,267.60663,237.57988,171.68812,239.342,167.04632,158.71164,218.58144,156.03975,219.38787,159.02131,221.98895,,
758.27644,254,213,143,222,143,145,192,127,213,140,204,266.56869,237.83678,171.59363,239.00766,167.95742,159.16847,219.16718,156.80747,219.6816,160.52631,222.63206,,
758.47336,279,239,194,269,192,145,239,174,220,160,239,265.53956,236.96641,170.78554,237.72117,167.5406,157.19708,218.79359,156.26689,219.32064,161.00827,222.36782,,
758.6703,276,248,191,239,146,166,218,156,226,156,227,265.01246,237.15377,170.52139,237.49446,167.89843,156.30023,219.29525,156.303,219.96935,161.4666,222.14798,,
758.86726,228,220,188,242,194,160,235,158,221,152,220,264.40563,238.15473,171.36898,237.20236,169.57127,156.51462,219.71653,157.41682,221.00836,162.43949,223.61764,,
759.06423,264,211,154,221,140,140,207,136,210,130,220,263.34429,238.33983,171.19828,236.88242,170.13826,156.47974,219.98999,158.08091,221.21391,163.57279,224.18743,,
759.26121,239,175,122,200,127,143,196,133,198,118,189,263.03413,237.14304,171.2707,235.2316,170.03699,155.47419,219.96901,158.49983,220.73395,163.36889,224.65415,,
759.45821,269,246,170,237,178,206,230,168,236,165,251,261.5194,235.87907,170.70774,233.28537,169.01484,155.15443,218.98729,156.69429,220.40184,162.0935,224.37722,,
759.65523,273,228,144,239,160,155,241,162,212,169,226,260.82654,235.33946,170.92704,233.46755,168.65924,155.16798,218.54176,157.08582,219.50067,162.35183,224.15887,,
759.85226,233,202,113,200,138,122,182,114,189,126,182,260.64912,234.39235,170.25135,231.60611,168.24259,154.8477,219.38191,157.6269,219.77644,162.29167,224.43602,,
760.0493,258,222,154,212,171,156,202,159,216,146,239,258.9887,232.54327,169.01022,230.6568,167.11867,154.41437,219.0256,156.87855,219.4806,161.48434,224.12723,,
760.24636,271,223,173,241,168,171,222,150,244,182,223,259.03203,230.60269,168.68677,229.49489,167.28116,154.47238,220.59499,157.75975,220.49111,161.83825,224.99622,,
760.44344,272,219,175,218,157,126,224,157,214,145,220,258.19058,228.6402,168.32583,229.04292,167.42984,155.39296,220.55551,157.80197,220.23473,161.0991,224.28648,,
760.64053,240,207,168,230,159,143,209,154,201,163,212,257.00979,228.59465,168.17858,228.33679,167.38144,155.44357,219.97533,157.23319,220.45797,160.80081,223.91461,,
760.83763,238,241,168,236,170,159,192,148,237,149,206,256.77784,229.51145,168.65322,228.38021,168.11932,156.75426,220.97934,157.86847,222.45199,161.83399,224.17368,,
761.03476,272,252,202,250,220,176,245,169,239,198,232,256.90874,229.60647,169.0212,228.99046,168.84108,157.58133,221.3724,158.11606,224.08351,162.91173,224.4415,,
761.23189,264,265,186,229,216,180,229,180,230,187,235,255.75062,228.57763,166.44846,228.70887,167.7474,157.23543,220.75118,157.66479,223.66074,162.68532,223.93884,,
761.42904,266,246,193,241,194,171,233,206,225,177,236,255.13844,228.61866,166.39582,228.94278,167.36939,157.53408,220.79662,157.9588,224.58081,163.569,224.0964,,
761.62621,236,237,191,220,158,147,213,159,207,150,233,253.53738,228.89332,166.8342,227.14363,166.48889,157.3398,220.34048,156.99572,224.58078,163.43075,223.73311,,
761.82339,238,222,140,231,136,138,186,141,192,158,207,252.58903,229.77098,166.67363,227.70747,166.90242,158.01001,219.57306,156.12236,224.45813,163.97678,223.61539,,
762.02058,240,231,152,198,152,136,206,125,208,170,205,250.65601,230.14059,165.81347,227.31865,166.29663,156.37174,218.29577,155.43285,223.68013,163.97302,222.89606,,
762.21779,267,236,178,239,181,137,222,168,239,169,232,248.90516,229.6937,165.92897,226.75859,165.86426,155.85671,218.16433,155.39858,222.54262,163.39072,223.33564,,
762.41502,253,223,170,209,143,168,220,143,217,162,225,247.40035,229.91907,166.45931,228.05323,165.80226,156.00195,218.36037,155.34945,221.68017,163.64044,223.29502,,
762.61226,296,248,206,266,196,180,266,202,258,188,264,247.30954,230.93101,167.16206,229.28528,166.67619,157.54862,219.13955,155.90235,221.49546,164.37337,223.62672,,
762.80952,268,254,192,241,186,174,257,173,241,191,245,245.26019,230.67111,165.82609,228.16567,166.12612,156.53951,217.56903,154.79293,220.06793,163.05463,222.7272,,
763.00679,253,245,154,234,158,169,216,160,239,162,233,244.58767,231.95653,166.22,227.88672,166.38891,155.79834,217.07703,154.88009,220.36515,164.27491,223.30787,,
763.20407,244,230,172,215,157,143,225,153,255,175,221,244.77257,233.39856,165.57276,228.03943,166.17239,155.03579,217.62722,155.34087,220.35165,165.56486,223.65268,,
763.40138,252,239,159,238,175,153,226,153,224,144,228,244.11445,232.13459,164.25602,227.88215,165.09479,154.51462,217.65433,154.5401,219.43335,164.20682,223.31656,,
763.59869,216,196,144,207,141,158,207,156,204,143,225,244.07586,232.497,164.47254,229.03368,164.46995,153.49888,218.58103,155.3314,219.45924,164.44119,224.19416,,
763.79602,236,207,131,200,120,143,202,131,188,146,200,245.02039,233.7448,165.22247,229.83664,163.57159,153.55181,219.05409,156.0125,220.70359,164.85603,224.89352,,
763.99337,238,207,168,220,162,134,205,131,206,143,209,243.5729,233.6917,165.97058,229.39813,163.83395,153.43836,219.37201,155.16934,221.00969,164.88174,224.93547,,
764.19073,234,248,165,241,181,157,222,142,229,176,214,243.58901,233.5435,164.54977,228.9373,162.7103,152.43396,218.86097,154.97182,220.90285,163.54688,225.21779,,
764.38811,265,242,174,278,191,192,250,207,242,202,239,242.29321,231.96833,162.28565,227.67768,160.8245,151.64384,217.96308,154.12349,220.42098,162.25217,223.79277,,
764.5855,231,217,144,207,162,146,221,135,226,153,228,242.7693,232.87356,162.3189,228.51627,161.55852,152.42961,218.85846,154.64389,221.43192,162.71723,225.34214,,
764.7829,207,222,159,250,149,172,195,126,228,155,202,241.59825,232.44925,160.71444,228.64796,159.95169,152.67012,218.50819,153.79755,220.96124,162.53947,224.23751,,
764.98033,248,254,178,233,181,186,220,176,230,175,244,239.16499,231.38377,158.77651,228.13289,158.47609,150.97939,217.05148,151.74899,219.67601,161.07912,222.68072,,
765.17776,233,248,160,255,156,159,207,141,210,172,207,237.79904,231.0436,157.80027,228.17452,157.81125,151.60149,215.75503,151.19348,219.29412,160.39917,222.97363,,
765.37521,225,255,150,213,130,126,205,132,222,173,216,237.33231,230.33136,157.14261,228.42583,156.85168,151.84056,215.29437,150.01989,219.41797,161.08089,222.94541,,
765.57268,245,233,152,227,152,140,228,149,207,157,224,236.51947,228.52769,155.64744,227.36728,154.31317,149.83098,214.69947,148.43102,217.86296,158.92118,221.76774,,
765.77016,217,218,143,207,132,120,191,136,184,146,223,234.07941,226.51029,154.41924,227.26399,152.66242,149.1437,213.23871,146.77125,216.18734,157.23276,220.62896,,
765.96766,205,220,143,206,156,120,201,132,176,143,207,232.52939,225.90004,153.43867,227.36216,151.27677,148.70808,211.59877,145.17686,216.17158,156.52268,219.54298,,
766.16517,239,229,165,207,146,140,200,137,212,156,210,231.35693,225.37383,153.31305,227.41224,150.70083,148.76183,211.32019,143.56864,216.19996,156.67068,218.43197,,
766.3627,217,216,147,208,172,127,207,137,184,115,201,230.58529,225.44839,152.04077,227.0241,151.05167,148.38814,210.74595,142.95807,215.84462,156.88983,217.57111,,
766.56024,239,230,154,261,161,157,200,165,223,150,218,229.91178,225.21749,151.7696,227.28483,150.39414,148.32143,210.70824,143.47204,215.41283,156.90226,216.6428,,
766.75779,230,206,145,218,143,137,220,162,201,163,225,229.86358,224.96285,152.53283,226.18444,150.19017,147.7978,210.40717,143.3254,214.69567,156.29575,216.16139,,
766.95537,258,226,175,245,174,186,241,175,241,161,249,229.44334,225.36637,152.6211,226.80983,149.44352,147.5823,209.932,142.29299,213.47414,156.70624,215.63773,,
767.15295,244,216,152,229,145,130,202,124,214,147,214,227.70036,223.77039,151.28571,224.85603,148.3338,145.24225,208.60699,140.72699,211.74027,155.81596,213.048,,
767.35055,271,242,154,224,168,178,229,170,246,170,238,227.42096,223.74876,152.00088,224.32952,148.55623,144.1839,208.69485,140.79218,211.68353,155.66708,212.39036,,
767.54817,219,209,143,207,129,114,198,147,208,142,230,227.09289,223.12954,152.18771,223.63372,147.7407,144.29747,209.10249,140.49537,211.02526,155.13124,212.28861,,
767.7458,260,233,160,232,137,133,249,150,229,177,228,228.00815,223.42058,153.46742,224.46735,148.44015,145.31736,211.34694,141.70296,211.89418,155.89139,213.60595,,
767.94345,225,214,129,228,138,156,213,148,229,143,204,229.15169,223.48067,154.20988,225.09762,148.84079,145.95511,212.47487,143.12569,211.97343,155.72504,214.87483,,
768.14111,246,222,171,232,149,170,235,149,235,162,224,228.38492,223.23031,153.89155,224.78482,148.66898,146.53963,212.16349,143.2391,212.52022,155.93395,215.12716,,
768.33879,224,256,156,216,143,144,185,140,245,191,213,228.36227,223.07998,153.84419,223.2427,148.05216,146.12752,212.61598,143.04383,213.74511,156.04193,215.07142,,
768.53648,228,229,155,220,178,159,196,129,222,158,204,227.81343,221.82129,152.88274,222.14929,148.14406,145.86534,212.92958,142.62871,213.8968,155.31532,214.5057,,
768.73419,191,209,137,204,143,144,188,111,184,146,196,226.35484,220.16648,151.5823,221.10467,147.01382,146.05522,212.05744,142.81886,213.37195,154.35557,214.73929,,
768.93191,218,224,135,252,151,144,209,163,207,152,208,226.16365,219.09044,150.58529,219.65222,145.42751,145.60719,211.99862,142.37908,212.57684,153.74593,214.35718,,
769.12965,198,214,176,236,143,153,209,116,207,173,196,225.3868,217.80568,150.388,218.69184,145.39328,144.99155,211.30544,140.61784,211.95205,152.42699,213.55736,,
769.3274,212,217,171,241,148,146,207,126,202,153,217,224.9072,218.09031,150.3128,218.18963,146.45215,145.37899,211.96643,139.95579,212.37179,152.73064,212.69485,,
769.52517,175,196,137,204,102,160,175,108,184,133,173,225.58291,218.20053,151.06141,219.01998,147.70482,146.58611,213.10641,142.10089,212.7811,154.27826,213.07583,,
769.72295,234,221,164,230,160,132,230,147,207,157,239,225.54783,217.72566,150.56359,217.672,148.1123,147.41292,213.93767,142.23036,213.80783,154.69308,213.14981,,
769.92075,239,212,136,210,129,161,209,136,206,154,208,224.03586,217.30963,150.04362,217.74643,147.76271,148.42178,213.5664,141.60117,213.57007,154.55865,212.3336,,
770.11856,228,200,134,194,128,111,219,124,196,140,197,224.95905,218.71997,151.54955,218.88007,149.51165,150.58255,214.42286,142.97862,214.77787,156.1583,212.70545,,
770.31639,212,208,138,211,132,136,210,133,206,125,189,223.56801,219.60472,151.65399,220.041,150.40633,151.28311,213.90788,143.38526,215.37004,156.89313,212.32635,,
770.51423,228,239,170,232,175,167,218,154,236,184,223,223.30907,220.72799,152.74262,219.73741,149.98233,151.17298,214.25609,142.55557,215.70631,158.05099,211.94519,,
770.71209,256,233,157,210,148,136,235,156,228,190,213,223.67363,221.18555,153.58411,220.5556,151.04215,151.51519,215.261,143.73064,216.58939,159.69886,212.35555,,
770.90996,225,218,149,207,150,141,224,149,208,143,201,223.64396,221.28578,153.40612,220.7443,150.86713,150.93606,215.70147,144.0954,215.02091,159.47512,213.29636,,
771.10785,250,229,158,224,182,143,234,175,211,164,227,222.59961,221.47222,153.52443,220.41032,150.83676,150.42511,215.61607,144.32936,213.37065,159.90439,212.83531,,
771.30575,236,228,191,220,162,168,236,161,218,157,226,221.99518,221.83064,153.71252,220.28311,151.07579,150.1981,215.59868,144.38479,213.06716,160.39439,212.94428,,
771.50367,241,225,175,210,188,156,228,160,218,158,235,221.21917,221.55134,153.21957,219.39088,151.8118,149.2193,215.7505,144.19489,211.72088,158.91259,212.53639,,
771.7016,189,219,145,236,143,150,220,143,209,152,222,220.64901,221.10279,152.00417,220.21074,152.56384,148.47772,214.75902,144.80638,211.4688,158.19973,211.94999,,
771.89955,196,177,113,186,135,127,194,156,206,120,196,220.18447,220.28053,151.29274,218.78022,152.8069,148.03706,214.97973,145.63134,210.69818,158.36522,211.91456,,
772.09751,241,252,168,236,160,197,239,157,237,175,264,220.82838,220.47032,151.94478,219.22934,154.12048,148.83393,215.69195,146.89563,211.4777,158.7517,213.21532,,
772.29549,222,206,124,229,146,157,208,145,214,152,231,220.91608,220.06125,151.56031,219.7156,154.55297,148.12426,215.70058,146.96498,211.53897,158.45568,213.61691,,
772.49348,212,211,132,203,143,149,193,132,214,159,207,221.53136,220.61397,150.70679,219.16512,154.82527,147.62588,216.05722,147.7978,211.64355,158.47879,213.85556,,
772.69149,218,204,133,207,146,133,176,143,206,143,200,221.40612,220.73843,150.79198,219.94775,155.09896,147.86765,215.97098,148.98127,212.46826,158.92548,215.8872,,
772.88951,187,221,143,190,153,143,210,111,222,185,185,222.66774,220.85606,150.75902,220.23217,155.10997,147.56013,216.88161,149.46388,213.04301,159.63972,217.54221,,
773.08755,240,228,143,214,148,143,223,143,209,149,208,222.37226,219.81157,149.41861,219.88505,154.54914,147.06453,217.11285,149.91282,213.17738,158.32567,217.47645,,
773.2856,209,212,153,238,164,152,208,149,207,168,207,222.48554,219.74532,149.98086,219.83483,155.01321,147.01486,217.02091,150.4948,213.97049,158.47127,218.83399,,
773.48367,238,264,176,251,163,158,216,160,217,168,234,221.85202,219.99348,149.30019,219.06442,153.22687,145.89347,215.58935,150.71637,214.48416,159.30936,218.28766,,
773.68175,236,239,177,221,175,150,241,146,221,175,207,221.49906,220.40676,148.28392,218.3987,153.65807,146.02254,214.80627,150.31754,215.19613,159.81085,218.08598,,
773.87985,212,228,153,224,169,158,209,142,211,166,200,220.58919,220.39881,147.39036,217.30261,154.40422,145.94627,213.68951,149.90704,215.06333,160.34096,218.43924,,
774.07796,235,233,163,225,158,154,233,188,220,188,220,220.81094,221.15749,147.10168,218.67995,154.2444,145.85187,213.60221,151.13998,216.03644,161.00267,218.32524,,
774.27609,223,222,160,233,143,142,205,166,208,170,228,219.84729,220.22426,147.4211,217.95606,153.68525,144.81538,212.25516,149.94682,215.27754,161.47115,216.9463,,
774.47424,218,226,144,234,152,154,221,143,226,161,214,218.95119,219.92958,147.74416,218.89189,153.80353,144.12417,211.47285,148.64522,214.91812,162.02838,216.68896,,
774.67239,210,222,157,244,157,123,207,144,192,154,217,217.01774,219.54321,147.6886,219.34384,153.2711,144.03398,209.72896,147.538,214.61877,162.10884,214.77898,,
774.87057,234,224,175,244,173,142,221,159,240,175,222,216.11475,219.15819,147.33464,219.00901,153.58837,142.94763,209.41537,147.15602,214.12571,162.5339,214.91592,,
775.06875,190,194,128,194,137,120,203,143,197,137,227,215.85705,218.94734,146.9434,219.10487,153.20623,143.35559,208.70699,146.93436,213.57462,162.5474,214.42628,,
775.26696,256,207,159,216,142,145,238,143,196,165,219,214.77587,217.06399,145.52321,217.9602,152.0725,141.56914,207.32952,144.93796,212.67039,161.84502,212.34861,,
775.46518,212,209,113,226,159,138,207,177,216,155,229,212.86813,215.68069,144.59664,217.6057,151.04673,139.97814,206.12138,144.11047,211.52393,159.6802,211.08995,,
775.66341,210,212,116,200,127,132,207,126,180,120,212,212.36291,216.41258,145.57129,218.16838,151.53618,140.2078,205.81279,144.70618,212.5413,160.76894,211.05948,,
775.86166,192,208,136,196,144,138,185,137,236,169,192,212.35217,215.87877,145.17353,216.84983,149.83374,138.91039,205.77048,144.45768,212.65075,161.20342,209.80217,,
776.05992,207,204,120,206,162,128,206,133,228,141,222,211.77537,214.10852,144.27011,215.3664,148.80838,137.35747,205.83848,143.75694,211.43455,159.93955,208.39858,,
776.2582,224,205,136,193,143,132,198,140,216,148,204,212.55936,214.14492,143.82781,214.82813,148.31765,136.44644,206.89388,144.91112,211.84824,160.12961,208.5934,,
776.45649,207,212,140,214,153,140,194,146,221,170,209,213.84201,213.9368,145.58753,215.17298,148.08818,136.72826,207.81451,145.05681,212.55224,159.19973,209.27072,,
776.6548,221,233,173,210,144,162,223,148,222,177,232,214.85279,213.68137,146.34628,215.11828,149.01597,136.81383,208.47161,144.41754,212.90865,159.49405,210.04088,,
776.85313,209,223,149,249,142,132,201,141,218,162,224,213.59308,213.08519,145.2627,214.92301,148.04777,135.804,208.22578,143.67573,212.87687,158.37584,209.80172,,
777.05147,200,207,133,217,136,140,207,143,206,153,207,212.65447,210.77848,143.21262,212.5396,146.53612,134.05701,207.09835,143.2205,212.64733,156.42461,208.37743,,
777.24982,207,216,146,201,136,136,191,132,204,161,204,212.40266,211.37446,143.68749,212.77585,145.7168,135.28309,207.4015,143.06609,213.74509,156.3418,209.73449,,
777.44819,222,210,166,232,166,181,204,152,239,175,237,211.74495,210.71093,142.19586,213.52683,144.43949,135.79891,207.44683,142.53011,213.99787,155.62833,209.95037,,
777.64657,198,189,122,165,126,90,185,118,178,131,170,211.79981,210.43847,142.08818,213.85504,144.23484,135.88792,207.39022,142.75744,214.67141,155.70772,209.55469,,
777.84497,191,210,140,200,136,115,201,143,204,154,176,210.30504,209.10061,140.89148,213.13518,142.65503,135.27462,205.26241,141.68253,213.92593,154.28732,208.72158,,
778.04338,210,232,152,218,153,141,189,143,222,192,207,208.9436,208.42017,139.84491,211.52087,141.83336,135.16515,204.70341,140.00795,214.60817,154.16447,207.44064,,
778.24181,220,207,128,214,126,143,224,140,210,164,175,209.74074,209.38132,140.79456,212.21985,142.03051,136.99737,205.92093,140.69009,215.45516,155.19853,208.4758,,
778.44026,228,235,157,224,198,157,222,143,237,175,228,208.91526,208.05389,140.14879,212.10292,141.35525,137.6394,204.83252,139.78045,214.60232,154.21058,208.01891,,
778.63872,226,208,172,226,166,131,208,152,214,158,208,209.28442,209.96761,140.76235,213.18843,140.63107,138.24159,205.04326,139.61514,214.64957,154.53324,208.59234,,
778.83719,206,200,152,225,121,121,207,129,202,142,175,209.24959,210.67005,140.85707,212.784,140.6946,138.31188,205.2304,138.24232,214.87585,153.92009,207.9638,,
779.03568,188,184,125,189,157,117,188,120,180,138,196,209.15411,211.72027,141.35754,213.14879,141.45568,139.0725,205.71404,137.49525,214.93039,154.31865,207.38896,,
779.23418,202,230,144,250,164,158,230,153,237,165,225,209.56314,212.66459,141.20777,213.44683,141.44875,139.69814,206.36739,137.96847,214.97946,154.80509,207.22931,,
779.4327,209,212,143,205,146,142,210,165,220,142,208,209.6134,213.18236,141.85338,213.13307,141.95678,140.04666,206.48638,138.86335,214.61567,155.40841,208.0851,,
779.63124,200,189,120,181,113,137,206,136,195,131,217,210.37831,213.89162,142.45827,214.16037,143.12462,142.35247,207.16487,138.24016,215.32447,155.76545,208.44588,,
779.82979,220,209,156,232,133,143,210,146,220,136,213,210.81023,215.14399,143.79603,215.6173,144.25489,142.77365,207.89119,138.60638,214.02199,155.35462,208.46282,,
780.02835,206,191,129,198,120,120,203,127,221,143,205,211.62314,215.97746,144.97028,215.87232,145.5753,142.83137,208.28798,139.15683,214.88747,155.25751,208.5568,,
780.22693,226,233,159,220,136,141,238,173,222,149,249,211.68572,215.83442,144.83164,215.68613,145.72296,143.13198,208.93839,139.11839,214.89445,154.40855,209.70844,,
780.42552,242,224,145,207,129,157,228,141,241,180,213,213.58767,215.83583,145.45027,215.5616,145.97844,143.42481,210.19319,139.62554,214.92643,154.10911,211.14204,,
780.62413,213,182,110,195,116,128,207,109,200,127,203,214.47548,215.9983,145.24753,216.14739,146.65166,143.4324,211.44284,141.22929,215.57095,153.30186,212.87893,,
780.82276,230,220,143,238,164,150,218,137,226,158,237,214.30318,216.34112,145.00877,215.85089,146.86328,143.36218,211.16499,141.35199,214.71152,152.33616,214.08007,,
781.0214,225,253,154,244,144,166,207,146,257,172,233,214.52484,216.84471,145.01853,215.87554,147.0055,143.90217,211.34162,141.65709,216.05966,153.31509,214.79644,,
781.22005,208,207,150,233,162,149,184,109,207,143,206,215.20243,216.85909,145.04097,216.25695,147.83273,144.37874,212.11506,142.42957,217.88285,153.46298,216.13887,,
781.41872,178,216,111,200,138,136,191,129,202,175,188,215.9038,215.72169,143.44696,214.91402,147.8306,144.56851,211.93058,142.43365,217.89456,152.74942,216.51781,,
781.61741,191,217,132,200,127,133,193,158,213,134,193,217.18721,216.28336,144.01146,216.02369,147.96963,145.74939,212.22873,143.66432,219.27477,154.10195,217.93085,,
781.81611,214,225,169,232,148,168,218,148,217,175,216,216.91986,215.79551,144.1157,215.23018,147.52212,146.12745,212.46121,142.67605,218.83211,153.85155,218.10899,,
782.01482,205,241,172,261,158,175,224,154,220,170,232,217.65413,216.51752,144.85653,217.01232,148.05223,146.54114,213.00759,143.02788,220.18315,153.74865,219.70593,,
782.21355,228,220,143,226,162,152,225,149,207,161,211,218.2945,217.62473,145.384,217.4519,149.04034,147.48511,213.88725,144.54287,220.71193,154.91982,220.2564,,
782.41229,229,220,168,204,168,144,207,153,214,161,225,218.32152,217.31113,145.5225,216.20195,148.98095,147.45165,213.1516,144.48262,219.85427,154.7137,220.16399,,
782.61105,195,210,126,188,128,154,192,111,198,139,226,218.60518,217.35154,146.46087,217.14977,149.95395,149.2015,213.37514,144.67505,220.37018,155.75603,221.72466,,
782.80983,256,239,161,223,178,165,242,164,238,172,236,219.83209,217.96059,147.05042,216.86647,149.28508,148.93012,213.82865,144.97486,219.97726,155.84681,221.22245,,
783.00862,223,237,168,235,164,161,224,152,207,174,237,218.99248,217.77062,147.17165,216.67893,149.11901,147.82339,212.71426,144.55329,218.98215,156.02088,220.47648,,
783.20742,202,189,97,175,124,92,176,97,185,96,177,219.92863,219.09307,148.337,217.51197,149.63591,148.41081,213.02777,145.19865,219.56076,158.00077,221.08489,,
783.40624,228,252,158,225,171,137,240,154,239,180,223,219.14342,218.87572,148.08465,217.73938,149.55331,148.67163,213.57347,145.65884,219.71361,158.95298,220.72781,,
783.60508,220,200,143,202,180,147,207,143,221,138,218,221.23699,219.55893,149.62871,219.12465,152.18793,149.62928,215.09266,146.65462,220.07679,160.42995,221.9074,,
783.80393,239,222,170,226,175,162,239,175,221,180,236,221.97606,218.80081,150.35398,219.15439,152.50948,148.89701,214.88188,146.83288,219.44212,160.11722,221.449,,
784.00279,222,202,138,204,153,152,202,154,218,140,229,222.29235,218.42882,151.09504,219.82525,151.81406,147.68631,214.83157,146.51195,218.9713,160.18549,220.72208,,
784.20167,232,212,175,207,174,158,223,166,229,162,238,222.31577,217.48397,150.93454,218.7344,152.6026,146.82872,214.84813,145.76998,217.79968,160.1058,220.13155,,
784.40057,239,218,152,240,144,160,217,138,234,144,216,222.89973,218.22091,150.83676,220.50755,154.46241,147.38098,215.71562,147.20852,219.13794,160.63114,221.03755,,
784.59948,213,218,139,200,128,105,216,171,218,143,221,223.18517,217.8014,150.64011,219.11708,154.7069,146.70332,215.21948,148.17341,218.93035,159.95921,220.4558,,
784.7984,216,196,126,197,132,133,201,141,255,162,239,222.43827,216.78006,149.8048,217.80355,154.36775,146.97794,214.39969,148.53,218.46348,159.01196,220.26565,,
784.99734,230,212,153,245,143,164,228,152,235,177,248,222.60536,215.69863,149.8771,217.65875,153.64706,146.4806,214.42175,148.18284,218.25337,158.01427,219.21645,,
785.1963,212,214,154,214,148,133,203,160,224,168,223,222.47125,215.42841,149.72169,217.35976,153.3791,145.25717,214.44511,148.81644,218.99796,158.26053,218.55632,,
785.39527,217,220,162,234,148,157,220,143,219,180,207,222.19534,215.69739,150.03778,217.45919,153.1253,145.19233,214.64565,149.64058,219.24019,158.02492,219.67152,,
785.59425,211,216,144,224,152,163,191,143,216,194,207,223.29054,216.28877,150.39917,216.98897,152.53131,145.75968,215.65635,149.71352,220.69791,159.24852,219.85257,,
785.79326,247,212,142,230,134,162,244,144,228,165,208,223.04331,213.02344,148.79143,216.02109,151.12748,145.24635,215.79069,148.27609,219.27942,157.80373,218.99377,,
785.99227,216,200,150,213,150,148,207,147,207,145,200,223.57027,214.24884,148.94664,216.97533,151.95955,145.57154,216.04118,148.5948,219.15183,157.8091,219.81603,,
786.1913,212,209,129,207,146,138,204,124,181,142,205,223.33357,215.22111,148.8689,217.58049,150.34927,145.84962,215.4302,148.44667,219.25683,158.31092,220.01305,,
786.39035,229,250,200,252,157,149,228,155,229,176,219,223.12073,215.26155,148.67456,218.014,150.12983,145.67682,214.5558,146.79891,218.9846,159.27953,219.25319,,
786.58941,191,200,133,188,165,120,206,118,186,127,185,222.05418,215.50058,147.01153,217.74917,149.70425,146.00793,213.95823,146.20807,218.39503,160.09848,218.21842,,
786.78848,259,261,186,248,181,171,239,199,250,192,252,221.84763,216.37437,147.51716,218.46973,149.03275,147.02367,214.59736,147.215,218.77263,160.70321,217.9585,,
786.98757,217,217,147,204,148,143,209,153,186,180,201,221.98138,217.18748,148.31391,219.49754,149.323,147.69641,214.8838,148.44427,219.3107,161.93859,217.71959,,
787.18668,208,185,136,220,122,130,201,113,196,127,219,220.32449,217.65064,148.57693,220.33081,148.60602,148.29194,214.36669,147.55211,218.42948,162.07432,216.83569,,
787.3858,234,241,161,265,153,158,239,152,239,181,239,220.32968,218.9144,149.03982,222.16295,150.28873,148.18539,215.20435,148.5047,218.8826,162.85232,216.21738,,
787.58494,244,226,158,227,149,147,220,166,232,157,220,220.03989,220.31432,150.98845,222.18818,152.11593,148.41018,216.31403,149.20107,219.07255,164.3165,216.48495,,
787.78409,186,180,124,197,166,121,188,127,200,143,222,218.56509,219.76702,150.10954,221.60939,151.34533,148.84811,214.71429,147.78607,217.79977,163.27949,216.00512,,
787.98325,244,222,153,220,158,166,255,175,242,159,230,219.86163,220.69761,151.09987,222.25076,152.29883,151.0275,215.68423,148.41627,218.66706,163.61569,216.64683,,
788.18243,200,192,128,200,152,132,193,141,207,137,211,219.46703,220.51324,151.6751,223.2786,152.78106,151.48907,215.52008,148.85409,217.29514,163.5331,217.10533,,
788.38163,271,218,149,214,143,143,217,143,207,145,205,219.42053,221.12499,151.88013,223.55131,153.9055,151.32705,214.81012,149.16383,217.49899,162.56796,216.72273,,
788.58084,184,217,113,181,122,133,181,125,228,138,200,219.168,222.43294,151.22907,223.35484,154.5705,151.26136,215.97477,149.21699,217.79309,162.80462,216.50862,,
788.78007,227,243,157,228,175,165,224,162,244,185,236,219.24444,221.26272,150.26553,223.10818,155.76731,151.29147,216.04331,149.08283,217.61847,162.24134,215.90709,,
788.97931,222,223,140,207,168,172,218,158,228,158,208,219.82011,222.01835,150.33758,223.14025,156.77859,152.14881,217.16727,149.89755,217.72122,162.678,216.77728,,
789.17856,209,223,141,229,154,154,192,162,226,156,217,220.12961,221.65363,150.12453,222.73338,156.71666,152.40474,217.35906,149.84278,216.90996,161.52721,217.19889,,
789.37783,196,210,156,192,125,146,201,118,194,162,191,221.52767,222.18299,151.48012,222.65485,158.09792,153.44044,217.872,149.85094,217.91488,161.25518,217.93685,,
789.57712,207,233,160,258,162,175,229,146,230,182,222,223.17663,223.05678,151.91891,223.47369,159.01699,154.35736,218.87533,149.70797,218.72151,160.74815,218.32884,,
789.77642,230,230,158,232,146,138,239,138,212,181,217,223.57691,224.22222,151.97411,222.14349,159.10972,152.95823,218.83612,150.89336,219.16462,158.54013,218.30904,,
789.97574,218,253,164,245,176,170,216,173,226,188,244,224.52264,223.60384,151.39394,220.80029,159.549,153.21504,218.83327,151.14317,220.67578,158.46094,218.87193,,
790.17507,212,206,145,218,145,173,207,119,193,151,224,224.13248,223.71277,151.60044,221.23502,159.56103,154.09316,218.93588,151.18891,221.0443,158.83501,219.53449,,
790.37441,237,228,159,225,156,154,239,158,208,171,209,224.38862,223.49729,151.51467,221.61209,159.73635,154.62878,218.72468,151.72946,221.8253,158.99873,218.53544,,
790.57378,210,210,145,232,158,149,207,156,184,154,205,223.19595,223.7382,151.8284,221.98525,160.10625,155.06084,218.31337,152.03896,221.38372,159.92072,218.26103,,
790.77315,228,303,175,236,169,156,216,175,240,193,228,222.63048,223.14453,151.16161,221.73469,159.86147,155.09812,217.10236,151.8173,221.02317,160.75415,217.21319,,
790.97254,220,190,146,214,139,148,224,141,224,176,205,222.93415,222.56608,150.79089,222.11044,159.31765,155.86507,217.55902,151.52959,221.31727,161.3449,216.55419,,
791.17195,245,233,166,237,206,169,246,166,256,177,225,223.31783,220.08802,151.21964,222.00082,159.56712,156.71816,217.72792,152.10992,220.5208,160.67098,216.11785,,
791.37137,230,222,170,239,185,173,233,181,226,130,233,222.63981,220.18848,150.20252,221.51591,158.33643,155.59107,216.66253,150.67539,219.1591,159.96951,215.34871,,
791.57081,225,223,182,232,172,143,228,164,231,164,222,222.54774,221.15618,152.06152,222.28614,158.22859,155.67245,216.99078,150.99067,219.19756,160.43553,215.4122,,
791.77026,200,200,124,193,168,109,181,138,207,126,193,221.74622,220.31106,151.69093,221.35317,158.33792,154.80387,216.26999,149.44647,217.81855,159.00036,214.42538,,
791.96973,204,207,148,210,154,152,212,117,202,139,209,222.63055,221.12048,151.99651,221.80618,159.42776,155.12093,216.54432,150.5732,217.60916,159.29582,214.88038,,
792.16921,255,238,175,253,202,168,249,197,255,173,250,222.76124,220.73456,151.68713,221.03389,159.54361,154.53517,216.15581,151.11561,216.8086,159.267,214.35192,,
792.3687,224,191,142,189,127,176,208,133,197,143,224,223.20175,219.44488,151.7385,220.84256,158.44375,153.4599,215.28603,149.56703,215.56586,158.07787,214.04535,,
792.56822,238,180,113,225,124,160,176,144,208,114,207,223.6874,219.26293,151.41931,221.77075,158.45016,152.81846,215.64724,149.32741,215.29047,158.23665,213.90691,,
792.76774,246,233,164,226,169,165,249,172,240,172,235,224.06956,218.78883,152.03608,222.35912,157.86349,151.35788,216.20931,149.67877,215.25892,157.61825,212.94355,,
792.96728,215,214,134,217,162,117,215,156,208,159,210,222.79725,216.92276,150.19049,221.10175,157.61759,149.4297,214.80371,148.84661,214.13106,156.45507,212.87472,,
793.16684,244,257,157,217,169,173,241,153,256,180,220,222.86333,216.39285,149.98926,220.15507,157.12727,148.87105,215.39084,149.14326,214.32814,155.46307,213.47152,,
793.36641,210,181,90,175,101,120,210,92,175,126,183,221.76122,213.92088,148.20096,218.80117,155.31496,147.87587,214.64078,148.42565,212.62885,153.12965,213.05914,,
793.566,242,217,172,234,157,152,207,147,220,162,216,221.12249,212.21969,147.12576,216.91773,152.93721,145.47815,212.4888,146.68162,210.78813,150.80772,211.90244,,
793.7656,225,254,172,212,152,158,211,141,220,146,225,219.82319,210.97064,144.94392,214.31104,149.99896,142.90104,210.09778,144.70851,210.35509,148.77633,210.82779,,
793.96522,229,212,169,225,158,146,207,141,210,152,193,220.08775,211.31228,144.72846,214.12906,150.1499,142.90364,210.20764,144.65879,211.58855,149.61458,211.88824,,
794.16485,223,229,149,217,177,158,200,152,239,166,200,220.66205,209.89875,143.25867,213.37899,149.81064,142.44866,209.90507,144.88475,212.13824,149.00186,211.68262,,
794.3645,194,206,132,204,153,138,207,166,188,157,198,219.74083,209.37677,141.43179,212.53419,148.11294,141.44391,208.60472,144.08134,212.70643,147.77492,211.88453,,
794.56416,189,196,140,204,138,144,181,145,197,144,185,217.97212,208.2969,140.35124,210.1629,146.04652,140.08073,207.28995,141.85479,211.20188,146.90675,210.11878,,
794.76384,201,180,137,237,144,165,212,132,190,200,200,216.87354,208.40062,140.35414,210.77739,145.3774,140.61052,207.22012,140.68321,211.68783,147.40028,210.00349,,
794.96353,178,212,140,233,128,130,192,132,189,148,198,215.98498,208.0653,140.0402,210.61292,143.84382,138.87984,206.82865,139.16807,210.71336,147.39432,208.33215,,
795.16324,235,198,136,222,147,136,213,148,210,147,207,214.26542,208.63055,138.76292,209.63995,143.32229,138.20854,205.70475,140.49326,209.82466,147.69374,208.51381,,
795.36296,194,207,146,192,143,111,197,140,184,145,245,212.6744,207.93468,138.38062,208.58991,141.6081,138.03554,204.31894,138.43421,208.7117,147.47872,208.3938,,
795.5627,247,194,141,209,132,132,219,129,219,130,207,212.51421,208.92444,138.88847,208.95635,141.05085,138.61983,204.87082,137.69399,208.5257,147.92285,208.45815,,
795.76245,221,216,157,221,154,152,216,144,214,149,233,211.41315,209.26725,139.35011,209.92036,141.74883,138.89436,204.16005,137.77696,207.28755,148.02059,209.07921,,
795.96222,230,210,144,206,143,127,213,146,204,129,222,210.8971,212.29706,140.71397,210.84258,141.78783,138.32723,203.64328,137.59048,207.75213,149.67999,209.06614,,
796.162,197,264,121,203,126,105,185,116,220,148,204,210.04129,211.60878,140.76081,210.16419,140.47904,137.60873,203.84151,136.02657,207.63249,150.21572,208.80616,,
796.36179,226,184,144,205,170,158,220,157,209,141,217,211.69132,211.70049,141.88349,210.97665,141.69938,138.48479,204.93801,135.85959,208.56746,151.94983,209.70101,,
796.56161,224,192,117,207,143,126,196,126,206,132,201,211.78101,212.07615,142.07146,211.71175,141.46549,138.94086,205.42699,136.67786,209.09871,151.27083,210.1692,,
796.76143,207,201,124,198,143,122,208,148,208,143,197,211.88487,212.22055,143.94342,212.27065,141.33319,138.45342,206.13121,136.77472,209.86181,152.16025,210.53358,,
796.96128,217,206,155,208,126,128,208,140,234,148,214,210.50228,211.5594,143.06254,211.29992,141.53048,136.69515,205.43256,135.30735,209.54599,151.03835,209.54429,,
797.16113,202,205,141,205,123,129,201,116,190,152,197,209.95155,211.57412,142.83535,211.15094,141.95103,136.36952,205.6296,135.08007,209.55879,151.15305,209.97687,,
797.36101,175,198,113,197,130,127,206,141,207,136,204,210.87764,212.5054,144.36868,211.41167,143.69034,136.59827,207.29366,136.79354,211.03466,151.6633,211.63847,,
797.5609,193,214,148,206,115,137,202,131,217,141,221,210.02892,211.404,144.86752,210.13242,142.47763,136.55979,207.02079,136.04097,210.26879,151.40107,211.94383,,
797.7608,207,212,113,181,125,155,175,124,205,144,236,211.36094,211.45224,144.85293,211.31709,142.37192,137.99132,207.04931,136.77696,211.17375,150.82854,213.68649,,
797.96072,202,210,160,209,127,143,204,121,209,146,211,212.49347,211.53605,145.74344,212.00648,142.43808,137.78409,208.51009,137.54411,212.19264,151.60212,214.3808,,
798.16065,212,202,132,220,125,140,204,128,206,155,197,211.90702,211.05271,145.84362,211.79873,142.58778,137.17964,207.76582,137.66896,212.63813,151.67487,215.28112,,
798.3606,207,237,160,213,164,118,187,128,239,180,212,211.99094,211.5016,145.58706,211.41575,142.27749,137.59505,208.53569,136.66769,213.28048,151.93619,215.34257,,
798.56056,270,239,158,246,178,175,260,165,248,191,232,211.31985,209.3704,144.02879,209.26152,140.03488,136.63222,208.46907,134.78047,212.38153,150.67761,214.3389,,
798.76054,212,226,159,239,178,175,237,156,226,177,225,212.9699,209.3955,145.22383,210.33912,140.38685,137.44846,208.8467,134.92364,212.50343,151.14857,215.49621,,
798.96053,197,200,134,202,126,120,194,127,188,127,188,213.66955,211.38769,146.51433,210.41303,139.50022,138.69965,209.09248,135.03164,212.68994,151.29783,216.44395,,
799.16054,177,244,160,197,136,144,201,112,195,149,201,214.66203,212.44961,147.68219,211.26599,139.8079,139.16274,209.26567,134.55394,212.89812,151.40107,216.24005,,
799.36056,210,218,176,221,171,148,206,152,191,169,193,215.36182,214.1314,148.65109,211.67107,141.39666,140.52241,209.8079,134.87993,214.21081,152.83458,216.15792,,
799.5606,223,225,171,237,155,154,212,158,228,166,232,215.26542,214.60439,148.06313,211.8482,141.81562,141.16417,209.63166,135.75988,214.15704,153.11065,216.21366,,
799.76065,208,209,142,204,143,120,197,150,196,143,207,214.48282,214.82215,148.51254,212.48894,142.50941,141.89694,209.29844,136.31362,214.41639,153.61023,214.62554,,
799.96072,224,224,153,208,157,161,222,155,229,164,260,214.57358,215.10102,149.19049,213.59956,143.24664,142.80629,209.95112,137.29353,214.48995,155.78765,214.53068,,
800.1608,245,223,200,256,156,162,230,92,246,169,234,213.63138,215.80278,150.38574,215.47698,143.39353,143.56631,209.95474,138.03336,214.47242,156.48422,214.1073,,
800.3609,239,223,158,241,170,156,234,149,224,154,232,213.39799,215.21156,150.02059,216.1518,143.65399,143.5216,209.66695,138.11658,214.03262,156.20673,213.84124,,
800.56101,219,186,143,202,143,113,204,143,205,153,213,212.81873,214.90158,150.83658,216.06021,144.1157,143.14263,209.89345,138.84201,212.99753,156.19269,214.89687,,
800.76114,226,185,129,187,98,114,217,113,212,149,186,213.00304,215.14768,150.65802,216.98011,144.39541,143.6905,210.25459,139.16952,213.18107,155.9573,215.17731,,
800.96129,226,190,127,191,127,149,221,143,209,137,230,213.15914,214.97726,150.96029,217.69397,144.82278,144.45709,210.516,140.09932,212.94652,156.24943,216.16383,,
801.16144,233,207,143,224,141,149,207,161,216,164,218,213.32359,215.75569,151.1784,218.8899,145.67639,144.60502,211.59172,141.52955,213.21122,155.93839,217.22739,,
801.36162,173,224,126,198,124,117,202,143,218,128,198,213.84647,218.27419,150.28417,219.43084,145.94831,144.73494,211.63693,142.32069,214.34155,156.61258,217.90509,,
801.56181,210,207,166,205,161,138,215,130,207,162,223,215.33724,219.21654,151.09645,220.36746,147.0034,146.40336,213.26415,144.03649,215.22784,157.14317,219.37235,,
801.76201,205,218,127,207,153,143,207,143,206,142,220,216.23149,218.05817,150.0516,220.20499,147.06188,145.6218,212.476,143.30257,215.15072,156.18694,218.87268,,
801.96223,230,224,164,220,143,150,206,176,220,172,239,217.20782,218.74946,150.16646,220.26732,147.83936,145.79936,213.12456,144.05404,215.2552,155.98852,219.20594,,
802.16246,203,207,168,207,122,143,203,111,202,140,206,217.85846,218.27536,150.36085,220.18102,148.19914,145.25591,213.4796,144.41335,216.08256,156.00152,218.10082,,
802.36271,204,208,140,242,128,144,192,124,207,161,207,217.88686,218.51251,150.72538,219.46307,148.59286,145.349,214.1063,144.27607,215.69041,156.17131,218.32938,,
802.56297,239,232,144,237,157,170,220,148,229,160,233,216.07486,217.47985,148.9014,218.48939,147.53168,145.11087,213.45591,143.59202,215.21525,154.87005,217.19885,,
802.76325,181,175,127,188,111,109,172,106,180,136,165,216.49224,218.2005,149.2943,218.51267,147.20068,145.48112,213.92784,143.8016,216.00761,154.73589,216.8725,,
802.96355,196,223,144,205,148,174,192,133,207,144,227,214.94543,217.33872,147.72799,216.65297,145.81162,145.65732,211.49738,142.72545,214.41924,153.15244,216.86086,,
803.16385,226,228,141,229,143,143,239,144,195,157,197,214.76099,217.38114,147.97574,216.65299,145.52957,146.11275,211.61788,142.65272,214.43446,152.90147,217.26748,,
803.36418,239,249,179,240,173,168,222,188,242,178,237,215.50576,217.82992,147.35774,218.6014,145.56606,147.35432,211.85001,143.34746,215.25192,154.22096,217.59093,,
803.56452,238,271,156,262,175,168,226,161,218,181,239,215.17566,217.53088,146.88029,217.34168,145.39176,146.37016,210.55949,142.05291,214.75676,153.78002,216.67539,,
803.76487,194,239,142,214,143,141,210,146,228,160,197,216.96496,218.27896,146.6105,217.8845,144.92013,147.29575,211.24141,142.62371,215.63786,154.90532,217.10374,,
803.96524,211,216,143,229,186,134,220,143,231,156,213,217.8183,219.04899,147.13769,218.4953,146.05776,148.87193,212.79814,143.42379,216.47136,156.27158,217.96976,,
804.16562,207,209,149,218,159,151,221,166,224,164,220,219.07246,219.38651,147.77918,218.62701,146.87997,149.3825,212.91982,143.28701,216.63442,156.72591,218.12279,,
804.36602,213,205,138,228,140,135,201,155,220,133,221,218.38411,220.57449,147.33996,218.28929,147.73583,149.33718,212.80892,143.09867,216.48257,157.0299,217.63494,,
804.56644,210,224,175,224,161,140,233,157,217,164,212,218.24241,220.43747,147.79331,217.27446,148.83087,148.4618,211.91144,143.26968,215.48905,157.43682,216.29337,,
804.76687,225,222,149,206,138,143,212,153,212,143,254,218.47892,220.84106,148.60656,218.39507,149.31709,148.69184,211.98433,143.52626,216.07993,157.86419,215.96342,,
804.96731,204,198,136,224,141,163,207,125,207,144,218,218.10181,220.22626,147.94195,217.75834,149.78425,148.87721,211.43761,144.1077,215.44089,157.6691,215.15441,,
805.16777,210,210,116,197,143,136,207,129,203,145,225,218.29933,220.25505,147.53231,217.82822,150.06324,148.11076,211.15878,144.23817,215.45616,157.83737,215.70905,,
805.36824,244,240,162,229,158,170,239,169,237,178,228,218.82915,220.47145,149.16277,218.94134,150.35344,148.38628,211.45444,143.24195,216.12854,158.15663,216.97474,,
805.56873,218,242,131,226,149,157,207,143,232,170,225,220.01099,221.25169,149.66128,220.25278,152.3541,148.98711,212.82446,143.68366,216.3557,158.35025,218.19203,,
805.76924,250,209,159,206,143,144,225,145,226,162,216,221.76706,220.09771,150.02143,220.97311,153.52436,148.97964,214.06161,144.91268,216.55464,159.24367,219.3372,,
805.96976,234,245,162,225,161,158,230,139,239,162,219,222.09386,219.46647,149.91461,220.46628,153.14934,147.83963,214.62722,144.61587,216.63474,158.77093,218.75999,,
806.17029,250,208,155,192,137,156,201,123,213,161,207,222.52237,218.15065,148.67243,219.06884,151.93823,147.9648,215.09885,143.79003,216.07035,158.02593,219.08548,,
806.37084,207,205,170,206,136,129,204,108,197,143,199,223.27901,218.3962,148.1147,219.31382,151.72042,147.98888,215.4967,144.04997,216.76937,158.50341,219.64423,,
806.5714,200,175,133,189,154,124,180,111,190,136,179,223.08607,218.39,147.00775,218.59865,151.13896,146.9737,215.67046,144.23128,217.26046,157.99783,219.5167,,
806.77198,219,248,166,225,166,176,237,163,216,174,226,223.56545,217.87039,146.93984,217.51643,150.60096,146.26044,216.43548,144.26836,217.86928,158.40221,219.7947,,
806.97258,198,191,128,206,143,138,200,136,210,158,189,223.33405,216.97393,146.12838,216.38456,150.93952,145.80958,216.35584,144.41645,217.36587,157.55179,219.20016,,
807.17319,217,232,153,218,137,166,208,142,212,154,254,224.05882,217.14838,146.47016,215.66826,151.08562,146.24533,216.22207,144.79959,217.6698,158.30193,220.21251,,
807.37381,223,205,132,237,126,144,188,132,208,151,191,222.95325,216.16077,146.08865,214.33611,149.99271,144.21475,215.1318,143.35679,216.46821,157.5155,218.70353,,
807.57445,258,239,175,239,180,150,235,176,225,185,241,222.3263,215.95028,145.90503,214.05697,149.29108,143.76391,214.11939,143.09516,216.1085,157.95769,218.69367,,
807.77511,196,193,132,213,138,136,192,138,190,149,234,223.00727,216.17575,145.55793,214.80792,150.10032,144.28537,214.22315,143.26071,216.12956,158.65061,218.95798,,
807.97577,277,244,159,250,181,161,262,175,260,202,245,222.24854,215.46169,145.80638,214.44153,149.27634,143.80582,213.05839,142.88788,215.4329,158.91651,218.03189,,
808.17646,230,212,142,213,144,141,204,137,212,161,209,222.05912,214.61394,146.41077,214.88935,149.52572,145.09919,212.33267,143.00408,214.94582,158.47147,218.42107,,
808.37716,206,184,141,150,124,106,196,111,176,111,192,221.06682,214.32155,146.33407,215.2736,148.89597,144.14832,211.63193,142.67218,213.4259,158.17246,216.84054,,
808.57787,236,244,164,248,169,153,227,176,255,197,247,221.34288,214.76865,147.24646,215.97098,149.55372,144.44515,211.67102,144.46624,213.95228,158.94768,217.07669,,
808.7786,234,217,159,226,205,146,239,155,228,165,226,222.29303,214.88206,147.88473,217.01552,150.22134,144.52472,211.68624,144.95542,213.42608,160.01653,217.27228,,
808.97935,213,205,134,223,163,128,194,143,213,148,206,221.92444,215.85483,147.81578,217.59213,150.62001,144.51757,212.37768,146.2328,214.31129,160.72695,217.0745,,
809.18011,177,189,98,202,121,104,197,146,194,124,187,221.16854,215.15896,147.78903,217.37944,151.2673,143.24136,212.45917,145.0839,214.36748,160.33405,216.32325,,
809.38088,212,201,156,207,121,140,207,127,204,143,214,220.1752,214.34322,147.05488,217.19466,152.1449,142.56171,212.4996,145.52894,214.27781,159.88863,215.87458,,
809.58167,221,222,146,255,146,175,239,152,224,159,232,220.32837,214.57775,147.77956,217.89991,152.76122,142.41034,212.4876,146.57197,215.31303,159.17325,216.01506,,
809.78248,221,212,132,203,154,148,214,160,206,158,239,218.63637,213.6818,147.40014,216.94312,152.49417,140.17072,212.25387,147.5124,214.76919,158.15128,214.74885,,
809.9833,227,232,154,230,143,111,219,145,214,156,234,217.99368,213.73123,147.43288,216.17092,152.43437,139.71084,212.2593,148.76915,214.71764,157.28485,215.60559,,
810.18413,224,228,158,208,165,184,237,170,225,165,248,217.25113,212.8754,147.18938,216.37867,152.48844,140.15615,211.77125,148.61224,214.67098,156.01572,215.84908,,
810.38498,239,224,142,223,169,158,232,144,226,169,205,217.00702,212.89563,146.53229,216.70466,152.91051,140.34895,212.0272,149.16043,214.96874,155.83991,216.27847,,
810.58585,217,206,144,207,128,145,204,148,225,161,205,217.10542,213.79707,147.82034,217.83963,153.41075,141.46959,212.63211,150.12789,216.17262,156.54275,217.26121,,
810.78673,175,233,133,185,127,118,175,113,207,134,185,217.61206,215.30576,147.2499,218.97814,154.31333,142.33906,213.07436,150.97993,217.25058,157.26601,217.73123,,
810.98762,228,209,130,203,125,149,206,127,216,175,209,218.08754,214.82724,147.67644,219.21452,153.83803,142.59981,213.36443,151.31654,217.93062,157.09389,217.47666,,
811.18853,228,232,163,232,176,138,214,173,236,173,220,218.36979,215.16533,147.72196,219.66276,153.54778,142.45,214.11357,151.23276,217.93391,155.72862,217.27226,,
811.38946,228,191,156,208,157,141,202,160,200,159,200,219.11198,215.0964,148.20164,219.23774,151.5946,142.87619,213.46203,150.81703,218.4647,155.7385,217.11842,,
811.5904,196,213,157,212,150,141,201,148,207,154,198,219.03527,215.58835,148.9086,219.05151,150.84208,142.56126,213.08193,150.04804,217.86974,155.25887,216.51469,,
811.79136,201,212,164,229,188,148,190,138,188,154,205,218.524,214.24784,148.99821,218.53523,150.97726,142.34062,211.94399,148.82994,217.25683,154.84702,214.80611,,
811.99233,216,236,152,233,156,143,208,145,221,177,233,219.30075,216.16435,149.60658,219.32091,152.28918,144.14295,213.15971,149.7011,218.39111,155.81177,215.04557,,
812.19331,207,207,150,234,153,117,207,176,207,154,200,218.41009,215.59279,149.59184,218.02874,151.7927,143.919,212.86464,149.66855,218.21948,156.2107,213.72747,,
812.39431,243,229,186,245,173,196,237,179,241,175,256,217.96448,216.34159,149.44588,217.78425,151.04419,144.80022,212.37715,149.65243,218.03692,155.89361,214.35924,,
812.59533,228,201,157,251,164,148,224,150,218,154,207,217.52071,215.66493,149.60665,218.19629,150.16872,144.96399,211.04145,148.93662,216.75596,155.39557,212.2169,,
812.79636,220,208,168,218,140,143,214,159,229,143,224,218.75003,216.78074,151.43781,218.92797,151.22236,144.25144,211.90976,150.06784,217.6737,156.89033,212.84419,,
812.9974,208,175,128,204,144,111,205,131,202,127,191,218.42282,216.48114,151.91119,219.59236,151.46946,145.0393,211.30356,150.21896,216.85293,157.18143,213.67963,,
813.19846,194,220,126,184,138,108,202,133,216,152,200,219.11926,216.88779,152.02322,220.58339,151.7744,144.81207,212.18363,150.22841,217.35661,157.69637,214.43215,,
813.39954,250,207,142,205,161,153,251,157,238,158,236,219.33745,215.76149,151.77494,220.83279,151.19729,144.78477,212.1979,149.98994,216.30044,156.63603,214.22587,,
813.60063,226,205,148,206,149,138,216,132,218,143,216,217.39937,214.12274,151.23917,218.18888,149.83368,143.69476,210.86854,148.15441,213.97119,153.8821,212.79542,,
813.80174,205,249,137,222,155,150,224,154,234,137,224,217.90095,214.54581,151.06773,219.1726,149.39423,143.39156,211.26845,148.5502,214.45639,154.57963,213.96913,,
814.00286,202,197,146,192,132,127,184,111,197,126,194,217.89511,214.46769,150.56235,218.92263,149.90342,143.44166,212.25958,148.30986,215.00965,154.4801,214.15226,,
814.20399,228,233,144,234,169,162,212,191,230,157,225,218.04245,214.29539,149.73091,218.91739,150.78588,142.85467,211.99341,147.8154,215.47303,154.05649,214.15323,,
814.40514,232,233,176,226,139,162,216,168,233,169,223,216.98535,213.69646,147.82215,219.30882,148.89843,142.06879,212.04369,147.83929,215.03001,153.27754,213.62581,,
814.60631,196,191,114,207,125,128,196,141,191,146,204,216.85789,213.26109,147.67066,218.89771,148.04415,141.41958,212.12673,147.19258,214.87236,152.52896,213.83216,,
814.80749,255,249,191,265,176,207,237,148,242,188,244,216.39133,213.35473,147.30481,219.78849,147.53052,142.59315,212.23871,145.84894,214.74509,151.92181,214.46162,,
815.00869,239,220,159,248,148,156,212,134,223,165,220,216.36644,213.15609,146.663,219.61952,146.84752,141.8949,212.43254,145.85873,214.62642,151.59727,214.45886,,
815.2099,222,227,156,237,144,148,224,152,217,180,208,216.5264,213.86815,147.11285,219.57886,146.7134,141.47856,213.11078,145.2924,215.15026,151.89646,215.48259,,
815.41112,207,207,146,205,129,129,197,127,197,142,208,216.77782,213.94186,147.24728,219.42791,147.08865,143.18968,214.1526,145.49571,215.18904,151.93794,217.10378,,
815.61236,230,207,121,206,138,130,218,152,197,143,191,217.44359,214.23948,147.05814,219.0164,147.30526,144.376,215.07022,145.02494,215.61949,151.84548,217.04229,,
815.81362,190,190,150,202,111,126,192,131,196,134,204,216.89735,213.75146,146.1772,218.8149,146.24551,144.58479,214.41901,144.48366,215.15131,151.82933,217.49145,,
816.01489,223,225,143,210,147,132,214,149,203,156,220,215.18091,214.22352,145.48033,217.5777,145.65089,143.93148,213.6561,143.44332,215.03975,151.18746,216.54323,,
816.21618,218,239,162,221,160,162,206,158,244,202,223,214.7238,214.00238,143.67173,216.27371,144.2138,143.78394,212.60973,141.32157,214.29493,151.49729,216.21853,,
816.41748,223,221,143,216,198,145,226,152,204,160,209,214.73003,214.02045,143.95103,216.20066,145.33108,143.48223,213.25151,141.7346,214.48943,152.29634,217.48894,,
816.6188,209,196,153,218,159,143,220,143,224,158,213,214.711,212.86235,143.01137,215.37398,144.1894,142.8805,212.65891,140.699,214.13382,152.65073,216.81293,,
816.82013,212,222,137,207,146,130,219,154,214,144,226,214.16449,212.8641,143.63528,214.84247,143.36402,143.17473,212.96308,140.57329,214.22084,153.39802,216.22834,,
817.02147,181,181,152,193,116,110,194,132,174,131,204,213.59381,212.81963,144.65354,215.16861,145.00299,142.76466,212.25817,139.56305,213.78208,153.19772,215.61967,,
817.22283,210,205,134,244,152,140,207,133,207,131,217,213.7064,213.63587,144.6811,215.63995,145.71356,142.784,211.97617,139.39571,214.91323,154.06005,216.13375,,
817.42421,210,198,162,222,153,131,220,134,207,148,217,213.61678,213.55299,144.89479,215.62375,146.42123,141.3813,211.74654,140.66221,214.82915,153.95769,215.02421,,
817.6256,215,219,129,221,142,134,228,144,241,149,253,214.80523,214.01042,146.17291,216.60656,147.75059,143.38633,212.86768,141.58826,216.94387,154.9183,216.07019,,
817.82701,195,192,111,216,128,173,200,124,183,113,212,214.98199,213.45765,146.639,217.82978,149.08893,143.99948,213.77334,142.09715,216.82883,155.47371,216.28535,,
818.02843,182,190,108,191,109,108,205,116,201,112,200,214.56697,212.79349,147.59727,218.13876,148.75859,143.18132,213.90285,142.76142,216.67102,154.99085,215.50035,,
818.22987,230,216,143,217,148,168,228,158,228,158,217,213.27801,210.44397,146.7498,217.96122,148.15837,142.20435,213.16302,142.40859,215.51815,153.63924,214.91671,,
818.43132,207,242,138,207,143,146,204,130,241,179,216,212.2928,210.25482,145.93671,216.72815,147.67646,141.07916,213.22768,142.3341,215.17486,153.43906,214.33532,,
818.63278,260,233,145,236,146,144,241,153,250,189,240,214.08107,210.1788,145.9879,216.5878,148.93504,141.65927,215.18526,143.22589,216.59856,153.96935,215.21421,,
818.83427,212,226,158,208,160,164,216,142,239,162,209,214.02707,208.74396,146.04763,215.60962,148.2726,141.12866,215.66486,142.24159,215.30669,152.50708,215.07346,,
819.03576,232,221,171,232,175,149,212,146,217,164,226,213.92004,209.77981,145.6775,215.47095,147.89554,140.90652,216.0591,142.65193,216.02557,152.41315,215.43591,,
819.23728,208,212,161,224,128,153,210,143,205,160,213,213.20209,209.3572,145.65888,213.98188,147.54552,140.4507,215.54144,141.21874,215.21312,150.95139,214.93941,,
819.4388,207,206,158,186,180,130,197,126,213,144,207,213.30019,209.34882,144.99422,213.32343,147.70466,140.50819,215.0304,141.39688,215.32538,150.5787,214.54139,,
819.64034,204,207,154,212,142,157,201,124,209,157,204,213.27058,209.51573,144.88636,212.98129,147.50588,140.59875,215.28028,141.95626,215.7857,150.8795,214.78887,,
819.8419,224,208,153,218,152,133,235,172,228,169,207,213.34939,210.12813,144.31978,212.39772,147.88059,140.76865,215.44785,142.92444,215.39906,151.09563,214.60556,,
820.04347,210,207,147,203,168,175,212,138,210,161,241,214.25061,211.65893,145.57933,213.8457,149.2242,143.41944,215.99558,142.81103,216.55999,152.57992,215.63021,,
820.24506,210,195,129,225,139,127,200,143,192,137,207,214.49326,211.86994,145.38012,214.23704,148.72683,143.90623,215.31403,142.04718,216.24682,153.04634,214.45507,,
820.44666,204,214,143,207,143,125,207,144,218,154,204,214.19615,212.08009,145.84937,214.57829,148.79519,143.99851,215.59055,143.19491,216.28071,154.10816,214.3767,,
820.64828,206,204,137,231,156,118,210,143,207,166,220,214.70126,212.60636,146.76099,214.97787,149.17113,144.8891,215.61739,143.61249,216.65546,155.14576,214.84919,,
820.84991,228,212,162,208,160,137,239,150,240,159,200,215.55596,213.19407,146.39163,215.39013,149.47319,145.69356,216.3095,144.88185,216.2169,155.33244,214.88636,,
821.05156,224,207,144,216,139,136,212,128,212,152,223,214.48343,211.17443,146.42307,214.49165,148.05737,144.12363,215.49367,143.39704,214.62964,153.92378,213.9024,,
821.25322,234,207,178,233,161,148,252,175,244,161,224,214.42096,212.28127,146.68106,214.35684,147.56192,143.26225,214.78083,143.5074,214.27187,153.9265,214.53113,,
821.4549,223,224,142,222,124,143,205,138,239,146,178,213.84731,212.51988,147.46085,214.46884,147.14376,143.15821,214.12673,143.74754,214.62126,154.66742,214.28257,,
821.65659,228,225,181,225,186,157,235,181,225,148,220,214.78067,212.82761,147.86899,215.03386,149.31629,143.33844,214.59032,144.00093,214.82335,155.81336,214.55227,,
821.8583,214,206,132,218,175,126,202,143,215,127,212,214.92566,212.20345,148.0094,215.57727,150.21106,143.71805,215.3582,144.90056,215.31425,156.41344,214.65664,,
822.06002,216,205,124,205,134,157,221,164,209,157,217,214.87411,212.05855,147.90383,215.85735,150.06963,143.18641,215.99416,146.12655,215.82364,156.99065,215.54114,,
822.26176,205,200,145,204,135,139,223,143,182,146,207,213.62321,210.81207,148.3731,215.17946,149.33251,142.20093,215.49369,146.40076,214.22102,156.29645,215.24433,,
822.46351,199,201,136,224,130,160,220,126,204,158,230,213.88478,210.55179,148.14544,216.36445,149.94682,141.14757,215.6459,145.64108,214.14836,156.3208,215.66658,,
822.66528,189,204,138,205,128,126,205,145,158,145,217,214.23652,210.34551,149.46352,217.16838,150.9667,140.52416,216.56198,146.2899,214.53983,156.62384,215.56237,,
822.86706,209,210,140,207,118,128,200,133,207,138,198,212.78346,209.63675,147.92412,216.18136,150.2237,138.30365,216.20338,145.86586,214.48903,155.47041,216.12012,,
823.06886,223,220,136,207,149,174,216,137,221,161,251,211.66631,208.36153,145.87255,215.16863,148.63168,138.1463,215.03493,144.40669,212.5917,153.50606,215.84009,,
823.27067,244,244,158,207,163,148,238,143,230,174,213,211.50642,208.29095,145.37188,215.14965,148.3333,138.56015,216.03755,144.15099,212.82482,152.00897,215.68788,,
823.4725,220,216,153,218,154,144,207,132,217,160,218,211.46332,208.53566,146.00942,215.67028,148.49684,139.5435,216.22157,145.04711,213.00849,152.36653,216.60053,,
823.67434,180,198,137,196,116,127,191,120,178,141,204,211.51174,209.95071,146.49682,216.1596,148.70749,140.86652,216.34266,145.17937,214.35095,153.25289,217.41396,,
823.8762,220,242,141,222,170,149,207,158,253,196,220,213.36257,211.08804,146.7096,217.21908,148.50089,141.5336,218.1427,145.72162,215.19441,154.97164,218.93429,,
824.07807,200,207,143,209,172,152,219,133,206,144,212,214.87771,211.50096,147.5609,217.24367,148.83766,142.8253,219.15067,145.98711,216.15642,155.48393,220.1371,,
824.27996,214,205,138,223,150,136,208,150,221,176,209,215.50989,212.29058,147.86552,217.89857,149.19362,144.22911,219.26368,146.28062,216.02057,156.76341,221.36587,,
824.48186,212,228,158,239,173,154,234,181,224,171,237,216.08791,212.8378,148.39879,218.40848,148.20598,144.80749,219.58835,146.19749,215.80525,157.8012,221.84314,,
824.68378,224,229,178,226,160,159,214,157,220,164,217,215.25101,212.51356,148.82684,216.76153,148.33102,144.50123,218.89021,144.07017,215.10265,157.56133,221.38028,,
824.88571,182,169,133,216,122,122,193,117,206,144,212,215.77062,213.02467,148.6616,216.92002,149.40569,145.95721,218.99613,143.87322,215.23194,159.32667,221.8301,,
825.08766,212,191,148,208,137,117,220,160,203,143,212,215.89948,213.09405,149.20345,216.17595,149.6845,145.19908,219.2449,145.15187,215.64389,159.68767,221.50658,,
825.28962,226,209,174,236,176,145,242,172,239,158,271,214.80439,212.17903,148.39636,215.24252,150.086,145.98356,218.19867,144.6628,214.96201,159.96688,221.89295,,
825.4916,234,219,154,236,156,154,226,126,226,157,228,213.99253,211.19855,148.26759,215.48857,149.8335,146.41876,217.36413,145.25885,214.21971,159.21434,221.11169,,
825.69359,192,188,129,204,127,105,207,121,192,118,208,214.48964,211.59868,148.55702,215.89266,149.66409,145.84722,217.20506,145.69662,214.69743,159.90614,220.79884,,
825.8956,201,180,143,200,132,99,202,111,214,141,200,213.75014,211.29758,148.62155,216.34472,150.26349,145.85707,216.11117,146.0738,214.98288,160.63933,220.75141,,
826.09762,226,250,157,239,158,172,225,184,252,185,245,213.70781,209.88088,148.8069,215.5842,149.9798,144.91522,216.09128,145.67965,215.30658,160.17695,220.01789,,
826.29966,226,179,143,222,161,156,245,152,218,161,207,213.95413,209.03998,148.46515,215.68946,149.83431,144.92353,216.23251,145.22268,214.37156,159.64461,220.29613,,
826.50171,244,225,145,226,176,165,239,161,239,191,242,215.19097,209.49802,150.2299,217.06868,150.99035,145.77284,217.23303,147.12773,215.38762,159.97074,221.45288,,
826.70378,201,210,139,206,133,143,224,160,207,143,212,216.01848,209.96453,150.36744,217.62042,149.64024,146.43177,216.95921,147.32035,216.55265,159.77488,220.26347,,
826.90587,213,217,159,207,141,134,209,130,216,160,220,217.37437,211.40073,151.68932,218.28336,151.54296,147.48751,218.15917,149.03987,218.04174,160.04915,220.82901,,
827.10796,223,229,153,202,165,151,212,128,205,146,206,218.87347,211.50531,151.15599,218.98872,152.43435,147.40592,218.05214,149.1007,219.25237,159.65548,220.71501,,
827.31008,232,227,149,216,154,143,224,136,233,174,223,219.84747,212.54955,150.81019,219.34205,152.51,148.57997,219.2227,150.77891,220.57098,160.61227,221.14238,,
827.51221,207,216,155,203,141,175,212,172,210,146,210,220.05672,212.14288,150.98967,218.7467,152.26349,148.35278,219.28157,151.58185,220.1972,160.58069,220.36567,,
827.71435,201,205,130,194,126,154,196,124,189,149,228,219.21464,211.58681,150.25711,218.19017,151.20775,148.6115,218.95991,150.30377,219.96457,160.45584,220.25092,,
827.91651,271,245,197,257,175,217,250,170,239,202,249,218.22057,211.25081,149.62289,217.62735,150.11402,147.63718,218.31894,150.14474,218.27437,159.63277,218.90106,,
828.11868,246,242,201,262,194,200,256,190,248,197,245,219.09502,211.78493,150.15726,217.18639,149.47328,147.47403,218.21405,151.15137,218.96061,160.48044,218.93234,,
828.32087,196,196,142,204,127,117,185,140,189,177,230,218.92938,212.17624,149.61102,216.04791,148.38508,148.66205,217.6503,150.69003,218.7906,160.20696,219.4743,,
828.52307,238,207,131,207,143,154,234,140,214,157,209,220.7563,214.32723,150.11194,215.57299,149.69012,150.51129,218.35863,151.17749,219.94537,161.20546,220.06992,,
828.72529,214,194,125,194,133,121,213,136,188,162,209,220.83855,214.00301,150.14191,215.38039,149.53295,151.45007,217.39378,150.71286,219.28164,160.86324,219.92308,,
828.92753,208,196,136,201,147,138,191,143,217,148,209,219.44975,214.52837,149.65073,214.95323,148.51374,151.93481,215.53815,149.93936,218.27652,160.48214,219.30279,,
829.12977,170,216,124,207,142,137,190,141,207,165,186,220.24825,216.66287,150.05366,215.2251,149.94038,153.14338,215.33391,150.58135,220.20478,162.08267,219.85583,,
829.33204,217,200,157,209,160,117,213,143,225,141,197,219.73909,216.49154,150.23321,214.33342,150.34103,153.74201,214.69524,149.30336,220.15355,161.7631,219.58162,,
829.53432,194,198,143,207,161,148,201,153,216,143,207,219.21688,216.60024,149.12084,214.71974,150.61478,153.92145,214.42989,147.70482,220.64319,162.63496,219.58004,,
829.73661,240,221,145,242,180,156,219,210,242,169,232,220.18945,218.87062,150.47516,216.04625,151.79365,155.38674,215.48635,149.79821,222.0668,164.51584,221.26152,,
829.93892,189,192,164,205,111,122,190,144,211,109,195,220.36372,220.27117,151.5071,216.47263,152.57048,155.76061,215.63956,149.45856,222.84412,165.1383,221.90754,,
830.14124,220,205,141,243,143,174,217,141,221,166,220,218.85356,218.54572,150.37151,215.67068,151.30254,154.53014,213.64556,147.68744,222.09907,163.93135,220.93907,,
830.34358,252,239,184,238,157,171,242,170,244,164,233,218.51177,217.60654,150.08714,215.24997,150.98716,152.93248,213.24474,148.62751,221.83075,163.33337,220.62389,,
830.54594,248,232,144,222,152,138,224,138,229,176,244,218.65505,218.09785,150.63872,215.2593,152.37482,153.28252,213.72584,149.38456,222.84602,162.97977,221.67954,,
830.7483,197,204,140,197,152,168,205,142,212,142,226,218.73343,218.34787,150.04763,215.92938,152.93169,153.29428,213.67265,149.55541,223.24411,162.65721,222.55689,,
830.95069,239,217,138,218,138,138,239,141,205,151,234,218.21224,217.05461,149.41858,216.21341,152.91742,152.529,213.25493,149.33122,223.12612,160.90684,221.98009,,
831.15309,242,268,159,239,175,189,237,176,239,188,239,217.4647,216.71487,149.03737,216.59123,152.67845,150.91411,213.10363,149.16202,223.77902,160.68593,222.86054,,
831.3555,234,252,162,219,152,159,207,158,262,189,229,217.73816,218.32001,148.99642,217.52912,153.61802,151.20698,213.59854,149.97477,225.11778,161.13547,223.73589,,
831.55793,214,210,126,192,128,142,220,124,236,173,200,218.89212,217.77334,149.25577,218.12868,154.42191,151.17821,215.54074,150.44132,226.3121,160.18166,224.25181,,
831.76037,219,228,145,208,175,142,219,144,234,178,229,219.54513,217.1138,148.15837,217.96247,154.67064,150.18601,216.36189,150.40723,225.65669,160.33806,224.23482,,
831.96283,207,198,146,207,128,142,198,136,213,164,207,219.11928,216.98426,147.12963,217.49754,153.15072,149.04886,216.40739,150.55541,225.71705,159.99672,223.70658,,
832.16531,185,224,163,197,156,148,207,157,212,162,220,218.46782,216.93483,146.26719,216.74776,152.36397,147.4767,216.0453,149.57696,225.1203,159.67671,223.11053,,
832.3678,200,188,146,191,144,134,177,123,199,141,204,218.09051,217.43392,146.32929,216.3856,152.80514,146.98095,215.45027,147.98892,224.42425,159.40751,222.27076,,
832.5703,212,229,146,218,153,164,214,129,224,160,233,219.14231,218.44776,145.34114,216.38366,154.5572,146.60257,216.59435,147.35122,225.12965,160.26259,222.40096,,
832.77282,241,236,168,239,175,173,226,182,239,175,236,218.80761,219.254,145.68547,216.11187,154.33226,147.02917,216.20997,148.61138,225.31523,160.14757,222.42864,,
832.97536,236,233,168,223,175,186,223,166,239,188,272,218.67469,219.91769,144.6107,215.72595,153.05259,146.59517,215.96688,148.35503,224.52228,160.04494,222.38891,,
833.1779,188,209,128,220,146,161,196,111,200,119,207,219.35586,220.87053,146.14018,216.9142,152.7091,148.48984,216.25101,148.62957,224.63598,160.82577,222.69949,,
833.38047,236,224,157,245,192,164,225,160,242,175,244,220.30467,222.10899,148.02127,218.62692,153.62543,149.08195,218.01223,149.89431,225.2239,162.2355,223.13251,,
833.58305,192,190,143,224,127,116,206,132,208,146,207,218.29523,220.77127,147.45485,217.71467,151.55104,147.27776,216.14354,149.3558,223.62217,162.35031,223.10143,,
833.78564,229,250,155,226,168,138,234,150,260,179,236,219.62203,221.58921,148.17183,218.52703,151.59116,148.77311,218.37405,150.62038,224.24406,163.3008,224.52975,,
833.98825,239,204,157,210,158,131,250,144,233,161,239,219.97146,220.84532,148.39974,218.34567,150.75198,148.00636,219.00591,150.92562,222.81388,162.84251,224.93049,,
834.19088,202,191,127,209,125,122,209,130,207,149,214,218.68257,219.86482,148.02301,217.39571,149.59852,147.35885,217.73225,150.93492,221.59127,161.74559,225.04605,,
834.39352,224,236,131,236,164,143,236,170,228,163,233,216.504,219.73313,146.9287,217.07581,148.15631,146.01817,216.55372,150.59974,220.65564,161.38846,223.97268,,
834.59617,239,226,168,207,149,139,213,204,224,154,219,216.6778,220.41036,147.88355,217.59519,148.5927,145.37532,217.02539,150.82262,220.95166,161.81864,223.59267,,
834.79884,184,173,101,190,142,108,192,115,193,112,186,215.50058,219.07685,146.55813,217.24945,148.39641,144.44823,216.39244,151.41025,219.68953,161.19933,222.51482,,
835.00153,220,201,129,207,144,148,200,177,207,143,196,215.09597,217.45534,145.34526,217.75204,148.15835,143.24553,215.3842,152.62647,219.04283,161.02793,222.24381,,
835.20423,234,246,158,241,175,166,251,190,244,185,244,213.56087,216.49147,145.56343,216.77753,147.02906,141.79574,214.54552,153.05386,218.35731,159.20965,221.54794,,
835.40694,222,240,143,222,156,172,226,142,224,163,222,213.40067,216.56139,145.39317,217.7744,146.83701,141.92795,214.5189,152.21088,217.98648,158.84437,221.25024,,
835.60967,220,208,142,239,137,131,222,164,216,169,240,213.8419,216.95551,146.12252,218.43503,146.43109,141.14329,214.81062,152.87685,218.42058,158.34495,220.44984,,
835.81242,234,226,165,223,146,150,229,138,226,168,209,213.77823,216.80029,145.70065,217.7173,145.90349,139.40422,214.53553,152.20039,217.71984,158.20709,220.53777,,
836.01518,212,249,141,204,132,121,224,139,206,175,238,212.618,215.91918,145.32748,216.80203,145.8766,139.23679,213.40545,151.80502,217.08582,157.2451,220.43204,,
836.21795,224,204,143,190,137,130,207,116,194,139,174,214.08707,216.34585,145.78958,217.77098,145.77941,139.57573,214.77449,152.31398,216.69243,157.74498,222.63698,,
836.42074,213,205,145,207,117,132,205,152,207,158,214,212.73866,216.42429,144.48959,217.02791,144.96854,138.2955,213.31969,151.62282,214.4645,156.01089,221.3813,,
836.62355,180,204,118,202,120,126,174,134,175,186,185,210.94548,215.08082,143.12247,215.36515,142.21724,136.86684,210.40961,149.33373,213.2678,154.53415,219.30821,,
836.82637,214,253,164,234,155,170,206,161,260,186,237,211.23905,216.36954,142.81635,215.83159,141.38626,138.25201,211.16492,148.92453,214.43745,155.61007,218.79451,,
837.0292,207,224,157,227,176,157,220,158,207,158,228,213.03248,217.56595,143.86627,216.7997,143.37224,139.92872,212.68278,149.56232,215.29808,157.60833,219.75442,,
837.23205,224,229,175,239,160,163,220,168,237,173,240,212.87479,217.56878,143.18111,216.30562,141.66509,139.99889,212.3191,148.93425,214.88763,157.83343,218.59804,,
837.43492,226,225,141,221,143,143,232,188,230,156,236,213.41389,219.16184,144.72568,217.14177,142.49691,141.48175,213.18157,150.17267,215.47217,159.9325,219.19448,,
837.6378,186,207,175,222,82,128,184,165,210,143,220,212.79411,218.84659,145.16807,216.0084,142.63145,141.49591,212.04967,148.23029,214.91384,160.02738,218.17257,,
837.84069,204,201,138,217,127,131,222,137,202,144,208,213.56889,220.37276,146.55242,217.02016,143.75707,143.22311,212.99425,148.24406,216.12252,161.71311,218.5946,,
838.0436,184,189,160,207,142,140,198,137,207,140,227,215.50694,221.95905,148.95486,217.9197,145.3746,144.61102,214.06116,150.05737,217.74969,163.81277,219.67716,,
838.24653,228,218,142,217,160,129,236,164,224,164,242,216.91694,222.84045,150.91266,219.05407,146.80095,147.63016,214.95103,151.5327,219.1844,165.71752,221.63157,,
838.44947,202,210,143,212,144,169,200,158,222,144,243,216.77778,223.48669,152.18055,220.43652,147.42526,149.15692,214.80763,151.16492,219.55514,164.90503,221.99499,,
838.65242,256,255,174,249,184,175,256,175,239,173,252,217.95196,224.31265,154.29776,222.49854,149.93563,150.91406,215.90491,152.00811,220.98614,166.67841,222.97445,,
838.85539,186,191,117,192,127,96,164,110,183,124,180,217.12866,223.6139,155.54876,223.36191,150.254,150.90813,215.48787,151.7546,220.61523,166.53281,222.79635,,
839.05838,192,226,118,206,142,132,192,130,219,175,207,217.33616,224.74489,156.08598,223.5722,151.32859,151.07475,215.9735,151.41469,222.14743,166.89178,223.63922,,
839.26138,241,234,143,236,166,140,232,142,239,186,212,218.40891,223.94967,157.36886,223.79268,152.65712,151.20918,217.96496,151.98838,223.52278,167.64366,225.14331,,
839.4644,232,225,152,220,174,162,226,149,219,182,224,218.95921,223.27869,158.24411,224.80283,153.66649,151.43222,219.3034,151.64604,223.72495,167.0576,226.21092,,
839.66743,194,176,111,189,129,113,189,128,191,129,204,218.46121,223.22444,156.66108,224.65046,153.06358,150.96956,219.41559,151.14573,224.17135,166.4582,225.9128,,
839.87047,212,236,174,211,152,148,210,120,233,160,233,219.96661,223.77291,157.56611,224.90505,154.30957,150.94861,220.45924,152.58993,225.36984,167.16854,226.56407,,
840.07353,233,274,177,218,180,169,242,160,243,171,232,219.55811,223.35808,156.545,224.27267,154.76595,150.85714,220.63471,151.05099,225.6505,165.8988,226.07144,,
840.27661,222,226,152,234,143,144,207,125,216,164,207,220.43398,223.45351,155.77123,223.92534,155.9564,151.82138,221.06696,152.52527,226.68701,165.65895,225.89436,,
840.4797,203,198,143,207,137,142,202,163,213,168,213,221.03273,224.16234,156.25285,223.61614,156.60728,152.19994,222.61653,153.25199,227.83071,165.84312,226.14043,,
840.68281,217,219,159,217,158,178,218,143,209,173,245,221.61215,225.35083,156.03484,223.20102,157.20019,153.61542,223.29885,151.63261,229.06578,165.79012,225.85375,,
840.88593,239,235,164,254,160,186,224,158,236,177,232,221.65725,225.45639,155.60819,224.29858,157.32934,154.10492,223.80387,152.22166,229.49544,165.63089,225.77132,,
841.08906,230,234,160,240,144,170,237,152,218,173,224,222.9479,226.04107,156.06331,223.97952,158.13024,154.03803,224.59376,152.09146,229.95869,165.74169,224.8154,,
841.29221,181,200,127,195,129,124,187,116,198,127,148,223.08179,226.99866,155.63163,223.74792,158.32456,153.64685,224.9744,151.12789,229.23776,166.43686,224.92138,,
841.49538,288,270,212,280,194,240,290,195,300,246,271,224.09361,226.76772,155.18682,223.08209,158.71352,153.11586,225.2123,150.343,228.49129,165.57931,223.46454,,
841.69856,316,325,234,308,254,238,329,249,310,261,304,224.83393,226.45419,155.36055,223.3333,158.91819,153.74147,226.03228,150.49963,227.76088,165.30313,223.52468,,
841.90176,238,204,171,214,175,133,229,160,217,172,229,223.41292,226.50943,153.8523,222.46617,158.54658,153.947,224.58058,149.81216,226.13622,166.3902,221.95465,,
842.10497,191,223,142,207,126,117,202,141,228,147,205,223.66305,228.39324,154.68969,223.14297,159.07688,155.71664,224.88541,150.10399,227.33355,167.65304,222.14927,,
842.30819,244,233,205,255,207,169,244,175,254,196,255,223.98727,229.78464,155.14927,223.84801,161.09294,156.9029,226.06874,150.88969,227.89332,168.67105,223.1236,,
842.51143,194,202,152,197,152,126,210,132,220,130,208,223.90349,230.52703,154.95844,223.96433,161.54746,157.00675,226.44404,150.6968,227.47446,169.10807,223.13969,,
842.71469,243,226,175,253,164,159,244,207,244,172,245,224.31369,231.00016,154.64864,224.09042,161.39034,156.98679,227.47208,151.97357,227.63573,169.41754,223.62484,,
842.91796,206,200,143,205,138,130,207,146,207,132,226,224.013,230.83196,155.93687,224.54432,159.87508,156.64753,227.03352,152.99436,227.06204,168.3717,223.00412,,
843.12125,193,203,128,230,143,153,213,136,206,127,207,223.01311,230.04433,155.32363,224.40988,159.33376,155.93051,226.62611,151.16582,225.43081,166.93307,222.21228,,
843.32455,206,225,143,207,153,114,216,132,213,145,217,222.01717,229.21117,156.03971,224.77345,159.93676,155.26612,225.76636,151.07158,224.72405,165.75395,221.36873,,
843.52787,207,208,122,191,153,141,222,133,207,165,207,221.50681,228.42323,154.96186,223.22542,159.66722,154.02985,225.30823,150.88548,223.56654,164.50377,221.48243,,
843.7312,207,214,114,189,137,138,206,134,210,127,222,221.05312,228.21611,154.57007,223.62069,160.23418,154.72276,225.32929,151.6076,223.0065,163.2928,222.83841,,
843.93454,230,229,123,207,146,148,238,139,238,159,225,222.32232,228.99169,155.44284,225.05196,161.38776,155.74466,226.73168,152.85615,223.13316,163.14875,223.22365,,
844.13791,233,228,157,232,161,162,239,157,230,176,219,220.52384,227.81028,154.92122,224.98444,161.97343,154.3613,225.25307,152.56393,221.62803,161.26388,222.78394,,
844.34128,218,252,134,216,145,156,209,116,213,146,200,219.31799,228.09192,153.74455,224.86899,161.82405,153.62661,224.30073,152.39616,221.19966,161.18259,222.63188,,
844.54467,197,234,111,182,117,140,188,124,226,178,185,220.31498,228.8045,152.99773,225.60328,162.08997,153.57725,225.21527,152.45634,222.13919,161.69012,222.94494,,
844.74808,255,261,195,248,212,184,258,168,240,196,250,220.66867,227.43609,151.76192,225.21228,162.02267,152.7703,225.21187,152.26997,220.75698,160.79952,222.75739,,
844.9515,207,237,152,207,140,169,207,144,212,143,206,219.78172,224.71297,148.62792,223.57637,159.8792,150.35317,223.53322,151.25391,218.81583,158.58291,221.47845,,
845.15494,214,212,147,214,158,136,210,158,207,160,205,219.53793,224.26308,148.11208,223.14764,159.55225,149.87262,223.04741,151.02342,218.37025,158.23334,221.10583,,
845.35839,201,213,160,216,132,133,202,114,186,147,194,219.30104,223.81076,147.62538,222.69441,159.19347,149.39841,222.53206,150.77701,217.94737,157.91821,220.72283,,
845.56186,225,237,145,252,184,173,214,156,216,174,225,219.07106,223.35603,147.16781,222.21668,158.80286,148.93053,221.98718,150.51468,217.54719,157.63752,220.32943,,
845.76534,216,219,153,244,175,150,222,196,192,163,224,218.84797,222.89887,146.73938,221.71444,158.38043,148.46899,221.41276,150.23643,217.1697,157.39127,219.92565,,
845.96884,234,223,158,213,175,140,226,148,207,174,239,218.63179,222.4393,146.34008,221.18769,157.92617,148.01378,220.8088,149.94226,216.81491,157.17945,219.51148,,
846.17235,208,223,152,249,162,178,226,146,214,166,242,218.42251,221.97731,145.96992,220.63644,157.44009,147.56489,220.1753,149.63218,216.48281,157.00208,219.08692,,
846.37587,226,237,159,229,168,161,239,175,234,154,239,218.22013,221.51291,145.6289,220.06068,156.92218,147.12235,219.51227,149.30617,216.17341,156.85914,218.65196,,
846.57942,208,235,161,226,165,173,229,143,220,169,227,218.02466,221.04608,145.31701,219.46042,156.37244,146.68613,218.81969,148.96425,215.8867,156.75064,218.20662,,
846.78297,204,237,140,206,146,132,204,142,229,166,209,217.83608,220.57684,145.03426,218.83565,155.79088,146.25625,218.09759,148.60641,215.62269,156.67658,217.75089,,
846.98655,241,220,166,235,161,132,245,150,222,148,230,217.65441,220.10517,144.78064,218.18637,155.17749,145.8327,217.34594,148.23265,215.38137,156.63695,217.28478,,
847.19013,216,205,129,214,163,117,213,142,209,143,220,217.47964,219.63109,144.55616,217.51259,154.53228,145.41548,216.56476,147.84297,215.16275,156.63177,216.80827,,
847.39373,203,190,132,205,134,120,192,120,174,119,182,217.31177,219.15459,144.36082,216.8143,153.85523,145.0046,215.75404,147.43738,214.96683,156.66102,216.32137,,
847.59735,233,213,175,239,173,163,216,164,234,149,225,217.1508,218.67568,144.19461,216.09151,153.14637,144.60005,214.91378,147.01586,214.7936,156.72471,215.82408,,
847.80098,221,217,148,224,180,149,205,140,210,133,207,216.99674,218.19434,144.05754,215.34421,152.40567,144.20183,214.04398,146.57843,214.64307,156.82284,215.31641,,
848.00463,201,218,126,213,159,141,201,128,213,161,229,216.84957,217.71059,143.9496,214.5724,151.63315,143.80995,213.14465,146.12508,214.51523,156.95541,214.79834,,
848.20829,238,229,152,227,161,152,234,200,239,173,222,216.70931,217.22441,143.8708,213.77609,150.82881,143.42439,212.21578,145.65581,214.41009,157.12241,214.26989,,
848.41197,214,212,126,196,130,157,225,143,210,157,244,216.57595,216.73582,143.82114,212.95527,149.99263,143.04517,211.25737,145.17062,214.32764,157.32386,213.73104,,
848.61566,240,235,168,271,175,164,252,175,242,183,232,216.44949,216.24481,143.80061,212.10995,149.12464,142.67229,210.26943,144.66951,214.26789,157.55974,213.18181,,
848.81937,212,204,145,201,128,138,200,142,222,162,193,216.32994,215.75139,143.80922,211.24012,148.22481,142.30573,209.25194,144.15248,214.23083,157.83006,212.62219,,
849.02309,207,214,132,200,145,134,207,143,217,153,239,216.21728,215.25554,143.84696,210.34579,147.29316,141.94551,208.20492,143.61954,214.21647,158.13482,212.05217,,
849.22683,242,214,116,188,100,130,208,126,213,159,193,216.11153,214.75727,143.91384,209.42695,146.32969,141.59162,207.12837,143.07068,214.22481,158.47402,211.47177,,
849.43058,224,192,127,193,127,133,207,132,206,144,200,216.01268,214.25659,144.00986,208.4836,145.33438,141.24406,206.02227,142.5059,214.25584,158.84765,210.88098,,
849.63435,195,179,129,188,131,109,176,130,175,134,181,215.92073,213.75349,144.13501,207.51575,144.30725,140.90284,204.88664,141.9252,214.30956,159.25573,210.2798,,
849.83813,207,239,152,207,150,153,196,142,232,181,204,215.83568,213.24797,144.2893,206.52339,143.2483,140.56795,203.72147,141.32858,214.38598,159.69824,209.66823,,
850.04193,207,234,174,213,176,157,210,146,221,175,218,215.75753,212.74003,144.47272,205.50653,142.15752,140.23939,202.52677,140.71604,214.4851,160.17519,209.04627,,
